{
  "prevalence": 0.16666666666666666,
  "n": 120,
  "tp": 7,
  "tn": 95,
  "fp": 5,
  "fn": 13,
  "accuracy": 0.85,
  "balanced_accuracy": 0.7314814814814815,
  "f1": 0.4375,
  "recall": 0.35,
  "precision": 0.5833333333333334,
  "specificity": 0.8796296296296297,
  "err": 2
}