{
  "prevalence": 0.02804878048780488,
  "n": 1640,
  "tp": 10,
  "tn": 1594,
  "fp": 0,
  "fn": 36,
  "accuracy": 0.9780487804878049,
  "balanced_accuracy": 0.988957055214724,
  "f1": 0.3571428571428571,
  "recall": 0.21739130434782608,
  "precision": 1.0,
  "specificity": 0.9779141104294479,
  "err": 0
}