{
  "prevalence": 0.16666666666666666,
  "n": 120,
  "tp": 10,
  "tn": 88,
  "fp": 12,
  "fn": 10,
  "accuracy": 0.8166666666666667,
  "balanced_accuracy": 0.6762523191094619,
  "f1": 0.47619047619047616,
  "recall": 0.5,
  "precision": 0.45454545454545453,
  "specificity": 0.8979591836734694,
  "err": 0
}