{
  "prevalence": 0.16666666666666666,
  "n": 120,
  "tp": 16,
  "tn": 82,
  "fp": 18,
  "fn": 4,
  "accuracy": 0.8166666666666667,
  "balanced_accuracy": 0.7120383036935705,
  "f1": 0.5925925925925927,
  "recall": 0.8,
  "precision": 0.47058823529411764,
  "specificity": 0.9534883720930233,
  "err": 0
}