{
  "prevalence": 0.16666666666666666,
  "n": 120,
  "tp": 8,
  "tn": 99,
  "fp": 1,
  "fn": 12,
  "accuracy": 0.8916666666666667,
  "balanced_accuracy": 0.8903903903903904,
  "f1": 0.5517241379310346,
  "recall": 0.4,
  "precision": 0.8888888888888888,
  "specificity": 0.8918918918918919,
  "err": 0
}