{
  "prevalence": 0.16666666666666666,
  "n": 120,
  "tp": 14,
  "tn": 91,
  "fp": 9,
  "fn": 6,
  "accuracy": 0.875,
  "balanced_accuracy": 0.7734199910354101,
  "f1": 0.6511627906976744,
  "recall": 0.7,
  "precision": 0.6086956521739131,
  "specificity": 0.9381443298969072,
  "err": 0
}