{
  "prevalence": 0.16666666666666666,
  "n": 120,
  "tp": 12,
  "tn": 97,
  "fp": 3,
  "fn": 8,
  "accuracy": 0.9083333333333333,
  "balanced_accuracy": 0.861904761904762,
  "f1": 0.6857142857142857,
  "recall": 0.6,
  "precision": 0.8,
  "specificity": 0.9238095238095239,
  "err": 0
}