{
  "prevalence": 0.16666666666666666,
  "n": 120,
  "tp": 11,
  "tn": 95,
  "fp": 5,
  "fn": 9,
  "accuracy": 0.8833333333333333,
  "balanced_accuracy": 0.8004807692307692,
  "f1": 0.6111111111111112,
  "recall": 0.55,
  "precision": 0.6875,
  "specificity": 0.9134615384615384,
  "err": 0
}