{
  "prevalence": 0.16666666666666666,
  "n": 120,
  "tp": 12,
  "tn": 98,
  "fp": 2,
  "fn": 8,
  "accuracy": 0.9166666666666666,
  "balanced_accuracy": 0.8908355795148248,
  "f1": 0.7058823529411764,
  "recall": 0.6,
  "precision": 0.8571428571428571,
  "specificity": 0.9245283018867925,
  "err": 0
}