{
  "prevalence": 0.16666666666666666,
  "n": 120,
  "tp": 17,
  "tn": 66,
  "fp": 34,
  "fn": 3,
  "accuracy": 0.6916666666666667,
  "balanced_accuracy": 0.644927536231884,
  "f1": 0.4788732394366197,
  "recall": 0.85,
  "precision": 0.3333333333333333,
  "specificity": 0.9565217391304348,
  "err": 0
}