{
  "prevalence": 0.16666666666666666,
  "n": 120,
  "tp": 13,
  "tn": 99,
  "fp": 1,
  "fn": 7,
  "accuracy": 0.9333333333333333,
  "balanced_accuracy": 0.931266846361186,
  "f1": 0.7647058823529412,
  "recall": 0.65,
  "precision": 0.9285714285714286,
  "specificity": 0.9339622641509434,
  "err": 0
}