{
  "prevalence": 0.16666666666666666,
  "n": 120,
  "tp": 14,
  "tn": 89,
  "fp": 11,
  "fn": 6,
  "accuracy": 0.8583333333333333,
  "balanced_accuracy": 0.748421052631579,
  "f1": 0.6222222222222222,
  "recall": 0.7,
  "precision": 0.56,
  "specificity": 0.9368421052631579,
  "err": 0
}