{
  "prevalence": 0.16666666666666666,
  "n": 120,
  "tp": 17,
  "tn": 75,
  "fp": 25,
  "fn": 3,
  "accuracy": 0.7666666666666667,
  "balanced_accuracy": 0.6831501831501832,
  "f1": 0.5483870967741935,
  "recall": 0.85,
  "precision": 0.40476190476190477,
  "specificity": 0.9615384615384616,
  "err": 0
}