{
  "prevalence": 0.16666666666666666,
  "n": 120,
  "tp": 14,
  "tn": 95,
  "fp": 5,
  "fn": 6,
  "accuracy": 0.9083333333333333,
  "balanced_accuracy": 0.8387180823345493,
  "f1": 0.717948717948718,
  "recall": 0.7,
  "precision": 0.7368421052631579,
  "specificity": 0.9405940594059405,
  "err": 0
}