{
  "prevalence": 0.16666666666666666,
  "n": 120,
  "tp": 14,
  "tn": 93,
  "fp": 7,
  "fn": 6,
  "accuracy": 0.8916666666666667,
  "balanced_accuracy": 0.803030303030303,
  "f1": 0.6829268292682926,
  "recall": 0.7,
  "precision": 0.6666666666666666,
  "specificity": 0.9393939393939394,
  "err": 0
}