{
  "prevalence": 0.16666666666666666,
  "n": 120,
  "tp": 14,
  "tn": 88,
  "fp": 12,
  "fn": 6,
  "accuracy": 0.85,
  "balanced_accuracy": 0.7373158756137479,
  "f1": 0.608695652173913,
  "recall": 0.7,
  "precision": 0.5384615384615384,
  "specificity": 0.9361702127659575,
  "err": 0
}