{
  "prevalence": 0.02804878048780488,
  "n": 1640,
  "tp": 45,
  "tn": 1592,
  "fp": 2,
  "fn": 1,
  "accuracy": 0.9981707317073171,
  "balanced_accuracy": 0.97840953106009,
  "f1": 0.967741935483871,
  "recall": 0.9782608695652174,
  "precision": 0.9574468085106383,
  "specificity": 0.9993722536095417,
  "err": 0
}