{
  "prevalence": 0.02804878048780488,
  "n": 1640,
  "tp": 44,
  "tn": 1586,
  "fp": 8,
  "fn": 2,
  "accuracy": 0.9939024390243902,
  "balanced_accuracy": 0.9224472001550087,
  "f1": 0.8979591836734695,
  "recall": 0.9565217391304348,
  "precision": 0.8461538461538461,
  "specificity": 0.9987405541561712,
  "err": 0
}