{
  "prevalence": 0.02804878048780488,
  "n": 1640,
  "tp": 33,
  "tn": 1594,
  "fp": 0,
  "fn": 13,
  "accuracy": 0.9920731707317073,
  "balanced_accuracy": 0.9959551960174238,
  "f1": 0.8354430379746834,
  "recall": 0.717391304347826,
  "precision": 1.0,
  "specificity": 0.9919103920348475,
  "err": 0
}