{
  "prevalence": 0.02804878048780488,
  "n": 1640,
  "tp": 26,
  "tn": 1571,
  "fp": 23,
  "fn": 20,
  "accuracy": 0.973780487804878,
  "balanced_accuracy": 0.7590207673264151,
  "f1": 0.5473684210526316,
  "recall": 0.5652173913043478,
  "precision": 0.5306122448979592,
  "specificity": 0.9874292897548711,
  "err": 13
}