{
  "prevalence": 0.16666666666666666,
  "n": 120,
  "tp": 0,
  "tn": 100,
  "fp": 0,
  "fn": 20,
  "accuracy": 0.8333333333333334,
  "balanced_accuracy": 0.4166666666666667,
  "f1": 0.0,
  "recall": 0.0,
  "precision": 0.0,
  "specificity": 0.8333333333333334,
  "err": 0
}