{
  "prevalence": 0.16666666666666666,
  "n": 120,
  "tp": 16,
  "tn": 87,
  "fp": 13,
  "fn": 4,
  "accuracy": 0.8583333333333333,
  "balanced_accuracy": 0.7538840469874952,
  "f1": 0.6530612244897959,
  "recall": 0.8,
  "precision": 0.5517241379310345,
  "specificity": 0.9560439560439561,
  "err": 0
}