{
  "prevalence": 0.02804878048780488,
  "n": 1640,
  "tp": 46,
  "tn": 1580,
  "fp": 14,
  "fn": 0,
  "accuracy": 0.9914634146341463,
  "balanced_accuracy": 0.8833333333333333,
  "f1": 0.8679245283018869,
  "recall": 1.0,
  "precision": 0.7666666666666667,
  "specificity": 1.0,
  "err": 0
}