{
  "prevalence": 0.16666666666666666,
  "n": 120,
  "tp": 8,
  "tn": 97,
  "fp": 3,
  "fn": 12,
  "accuracy": 0.875,
  "balanced_accuracy": 0.8085904920767306,
  "f1": 0.5161290322580645,
  "recall": 0.4,
  "precision": 0.7272727272727273,
  "specificity": 0.8899082568807339,
  "err": 0
}