{
  "prevalence": 0.02804878048780488,
  "n": 1640,
  "tp": 39,
  "tn": 1594,
  "fp": 0,
  "fn": 7,
  "accuracy": 0.9957317073170732,
  "balanced_accuracy": 0.9978138663335415,
  "f1": 0.9176470588235294,
  "recall": 0.8478260869565217,
  "precision": 1.0,
  "specificity": 0.995627732667083,
  "err": 0
}