{
  "prevalence": 0.02804878048780488,
  "n": 1640,
  "tp": 19,
  "tn": 1545,
  "fp": 49,
  "fn": 27,
  "accuracy": 0.9536585365853658,
  "balanced_accuracy": 0.6311180960933992,
  "f1": 0.33333333333333337,
  "recall": 0.41304347826086957,
  "precision": 0.27941176470588236,
  "specificity": 0.982824427480916,
  "err": 18
}