{
  "prevalence": 0.02804878048780488,
  "n": 1640,
  "tp": 39,
  "tn": 1593,
  "fp": 1,
  "fn": 7,
  "accuracy": 0.9951219512195122,
  "balanced_accuracy": 0.9853125,
  "f1": 0.9069767441860466,
  "recall": 0.8478260869565217,
  "precision": 0.975,
  "specificity": 0.995625,
  "err": 0
}