{
  "prevalence": 0.02804878048780488,
  "n": 1640,
  "tp": 45,
  "tn": 1588,
  "fp": 6,
  "fn": 1,
  "accuracy": 0.9957317073170732,
  "balanced_accuracy": 0.9408618072779773,
  "f1": 0.9278350515463919,
  "recall": 0.9782608695652174,
  "precision": 0.8823529411764706,
  "specificity": 0.9993706733794839,
  "err": 0
}