{
  "prevalence": 0.02804878048780488,
  "n": 1640,
  "tp": 43,
  "tn": 1589,
  "fp": 5,
  "fn": 3,
  "accuracy": 0.9951219512195122,
  "balanced_accuracy": 0.9469744556113904,
  "f1": 0.9148936170212766,
  "recall": 0.9347826086956522,
  "precision": 0.8958333333333334,
  "specificity": 0.9981155778894473,
  "err": 0
}