{
  "prevalence": 0.02804878048780488,
  "n": 1640,
  "tp": 40,
  "tn": 1593,
  "fp": 1,
  "fn": 6,
  "accuracy": 0.9957317073170732,
  "balanced_accuracy": 0.9859287054409005,
  "f1": 0.9195402298850575,
  "recall": 0.8695652173913043,
  "precision": 0.975609756097561,
  "specificity": 0.9962476547842402,
  "err": 0
}