{
  "prevalence": 0.16666666666666666,
  "n": 120,
  "tp": 17,
  "tn": 85,
  "fp": 15,
  "fn": 3,
  "accuracy": 0.85,
  "balanced_accuracy": 0.7485795454545454,
  "f1": 0.6538461538461537,
  "recall": 0.85,
  "precision": 0.53125,
  "specificity": 0.9659090909090909,
  "err": 0
}