{
  "prevalence": 0.02804878048780488,
  "n": 1640,
  "tp": 44,
  "tn": 1592,
  "fp": 2,
  "fn": 2,
  "accuracy": 0.9975609756097561,
  "balanced_accuracy": 0.9776335169930719,
  "f1": 0.9565217391304348,
  "recall": 0.9565217391304348,
  "precision": 0.9565217391304348,
  "specificity": 0.998745294855709,
  "err": 0
}