{
  "prevalence": 0.02804878048780488,
  "n": 1640,
  "tp": 41,
  "tn": 1594,
  "fp": 0,
  "fn": 5,
  "accuracy": 0.9969512195121951,
  "balanced_accuracy": 0.9984365228267666,
  "f1": 0.9425287356321839,
  "recall": 0.8913043478260869,
  "precision": 1.0,
  "specificity": 0.9968730456535334,
  "err": 0
}