{
  "prevalence": 0.16666666666666666,
  "all_n": {
    "name": "all_n",
    "population": [
      120,
      120,
      120,
      120,
      120,
      120,
      120,
      120,
      120,
      120,
      120,
      120,
      120,
      120,
      120,
      120,
      120,
      120,
      120,
      120,
      120,
      120,
      120,
      120,
      120,
      120,
      120,
      120,
      120,
      120
    ],
    "size": 30,
    "total": 3600,
    "min": 120,
    "q1": 120,
    "median": 120.0,
    "q3": 120,
    "max": 120,
    "mean": 120.0,
    "sd": 0.0
  },
  "all_tp": {
    "name": "all_tp",
    "population": [
      14,
      14,
      15,
      14,
      14,
      15,
      14,
      12,
      14,
      14,
      15,
      15,
      16,
      15,
      15,
      15,
      14,
      14,
      14,
      15,
      14,
      15,
      14,
      14,
      15,
      14,
      14,
      14,
      15,
      16
    ],
    "size": 30,
    "total": 433,
    "min": 12,
    "q1": 14,
    "median": 14.0,
    "q3": 15,
    "max": 16,
    "mean": 14.433333333333334,
    "sd": 0.7608474807008888
  },
  "all_tn": {
    "name": "all_tn",
    "population": [
      89,
      89,
      89,
      89,
      89,
      89,
      89,
      95,
      89,
      89,
      89,
      89,
      89,
      89,
      91,
      89,
      89,
      89,
      89,
      89,
      89,
      89,
      89,
      89,
      89,
      89,
      89,
      89,
      89,
      89
    ],
    "size": 30,
    "total": 2678,
    "min": 89,
    "q1": 89,
    "median": 89.0,
    "q3": 89,
    "max": 95,
    "mean": 89.26666666666667,
    "sd": 1.1234866364235137
  },
  "all_fp": {
    "name": "all_fp",
    "population": [
      11,
      11,
      11,
      11,
      11,
      11,
      11,
      5,
      11,
      11,
      11,
      11,
      11,
      11,
      9,
      11,
      11,
      11,
      11,
      11,
      11,
      11,
      11,
      11,
      11,
      11,
      11,
      11,
      11,
      11
    ],
    "size": 30,
    "total": 322,
    "min": 5,
    "q1": 11,
    "median": 11.0,
    "q3": 11,
    "max": 11,
    "mean": 10.733333333333333,
    "sd": 1.1234866364235134
  },
  "all_fn": {
    "name": "all_fn",
    "population": [
      6,
      6,
      5,
      6,
      6,
      5,
      6,
      8,
      6,
      6,
      5,
      5,
      4,
      5,
      5,
      5,
      6,
      6,
      6,
      5,
      6,
      5,
      6,
      6,
      5,
      6,
      6,
      6,
      5,
      4
    ],
    "size": 30,
    "total": 167,
    "min": 4,
    "q1": 5,
    "median": 6.0,
    "q3": 6,
    "max": 8,
    "mean": 5.566666666666666,
    "sd": 0.7608474807008888
  },
  "all_accuracy": {
    "name": "all_accuracy",
    "population": [
      0.8583333333333333,
      0.8583333333333333,
      0.8666666666666667,
      0.8583333333333333,
      0.8583333333333333,
      0.8666666666666667,
      0.8583333333333333,
      0.8916666666666667,
      0.8583333333333333,
      0.8583333333333333,
      0.8666666666666667,
      0.8666666666666667,
      0.875,
      0.8666666666666667,
      0.8833333333333333,
      0.8666666666666667,
      0.8583333333333333,
      0.8583333333333333,
      0.8583333333333333,
      0.8666666666666667,
      0.8583333333333333,
      0.8666666666666667,
      0.8583333333333333,
      0.8583333333333333,
      0.8666666666666667,
      0.8583333333333333,
      0.8583333333333333,
      0.8583333333333333,
      0.8666666666666667,
      0.875
    ],
    "size": 30,
    "total": 25.925000000000008,
    "min": 0.8583333333333333,
    "q1": 0.8583333333333333,
    "median": 0.8583333333333333,
    "q3": 0.8666666666666667,
    "max": 0.8916666666666667,
    "mean": 0.864166666666667,
    "sd": 0.008093779046851952
  },
  "all_balanced_accuracy": {
    "name": "all_balanced_accuracy",
    "population": [
      0.748421052631579,
      0.748421052631579,
      0.7618657937806874,
      0.748421052631579,
      0.748421052631579,
      0.7618657937806874,
      0.748421052631579,
      0.8141062250142777,
      0.748421052631579,
      0.748421052631579,
      0.7618657937806874,
      0.7618657937806874,
      0.7747909199522103,
      0.7618657937806874,
      0.7864583333333333,
      0.7618657937806874,
      0.748421052631579,
      0.748421052631579,
      0.748421052631579,
      0.7618657937806874,
      0.748421052631579,
      0.7618657937806874,
      0.748421052631579,
      0.748421052631579,
      0.7618657937806874,
      0.748421052631579,
      0.748421052631579,
      0.748421052631579,
      0.7618657937806874,
      0.7747909199522103
    ],
    "size": 30,
    "total": 22.74354117816416,
    "min": 0.748421052631579,
    "q1": 0.748421052631579,
    "median": 0.748421052631579,
    "q3": 0.7618657937806874,
    "max": 0.8141062250142777,
    "mean": 0.7581180392721387,
    "sd": 0.0143047550923852
  },
  "all_f1": {
    "name": "all_f1",
    "population": [
      0.6222222222222222,
      0.6222222222222222,
      0.6521739130434783,
      0.6222222222222222,
      0.6222222222222222,
      0.6521739130434783,
      0.6222222222222222,
      0.6486486486486486,
      0.6222222222222222,
      0.6222222222222222,
      0.6521739130434783,
      0.6521739130434783,
      0.6808510638297872,
      0.6521739130434783,
      0.6818181818181818,
      0.6521739130434783,
      0.6222222222222222,
      0.6222222222222222,
      0.6222222222222222,
      0.6521739130434783,
      0.6222222222222222,
      0.6521739130434783,
      0.6222222222222222,
      0.6222222222222222,
      0.6521739130434783,
      0.6222222222222222,
      0.6222222222222222,
      0.6222222222222222,
      0.6521739130434783,
      0.6808510638297872
    ],
    "size": 30,
    "total": 19.169463644116743,
    "min": 0.6222222222222222,
    "q1": 0.6222222222222222,
    "median": 0.6222222222222222,
    "q3": 0.6521739130434783,
    "max": 0.6818181818181818,
    "mean": 0.6389821214705581,
    "sd": 0.01972217677000057
  },
  "all_recall": {
    "name": "all_recall",
    "population": [
      0.7,
      0.7,
      0.75,
      0.7,
      0.7,
      0.75,
      0.7,
      0.6,
      0.7,
      0.7,
      0.75,
      0.75,
      0.8,
      0.75,
      0.75,
      0.75,
      0.7,
      0.7,
      0.7,
      0.75,
      0.7,
      0.75,
      0.7,
      0.7,
      0.75,
      0.7,
      0.7,
      0.7,
      0.75,
      0.8
    ],
    "size": 30,
    "total": 21.649999999999995,
    "min": 0.6,
    "q1": 0.7,
    "median": 0.7,
    "q3": 0.75,
    "max": 0.8,
    "mean": 0.7216666666666665,
    "sd": 0.03804237403504446
  },
  "all_precision": {
    "name": "all_precision",
    "population": [
      0.56,
      0.56,
      0.5769230769230769,
      0.56,
      0.56,
      0.5769230769230769,
      0.56,
      0.7058823529411765,
      0.56,
      0.56,
      0.5769230769230769,
      0.5769230769230769,
      0.5925925925925926,
      0.5769230769230769,
      0.625,
      0.5769230769230769,
      0.56,
      0.56,
      0.56,
      0.5769230769230769,
      0.56,
      0.5769230769230769,
      0.56,
      0.56,
      0.5769230769230769,
      0.56,
      0.56,
      0.56,
      0.5769230769230769,
      0.5925925925925926
    ],
    "size": 30,
    "total": 17.24529830735713,
    "min": 0.56,
    "q1": 0.56,
    "median": 0.56,
    "q3": 0.5769230769230769,
    "max": 0.7058823529411765,
    "mean": 0.5748432769119044,
    "sd": 0.028216682018743812
  },
  "all_specificity": {
    "name": "all_specificity",