{
  "prevalence": 0.16666666666666666,
  "all_n": {
    "name": "all_n",
    "population": [
      120,
      120,
      120,
      120,
      120,
      120,
      120,
      120,
      120,
      120,
      120,
      120,
      120,
      120,
      120,
      120,
      120,
      120,
      120,
      120,
      120,
      120,
      120,
      120,
      120,
      120,
      120,
      120,
      120,
      120
    ],
    "size": 30,
    "total": 3600,
    "min": 120,
    "q1": 120,
    "median": 120.0,
    "q3": 120,
    "max": 120,
    "mean": 120.0,
    "sd": 0.0
  },
  "all_tp": {
    "name": "all_tp",
    "population": [
      17,
      17,
      17,
      17,
      17,
      17,
      17,
      17,
      17,
      17,
      17,
      17,
      17,
      17,
      17,
      17,
      17,
      17,
      17,
      17,
      17,
      17,
      17,
      17,
      17,
      17,
      17,
      17,
      17,
      17
    ],
    "size": 30,
    "total": 510,
    "min": 17,
    "q1": 17,
    "median": 17.0,
    "q3": 17,
    "max": 17,
    "mean": 17.0,
    "sd": 0.0
  },
  "all_tn": {
    "name": "all_tn",
    "population": [
      94,
      94,
      94,
      94,
      94,
      94,
      94,
      94,
      92,
      94,
      94,
      95,
      94,
      94,
      94,
      94,
      94,
      95,
      94,
      94,
      94,
      95,
      95,
      94,
      94,
      94,
      94,
      94,
      94,
      94
    ],
    "size": 30,
    "total": 2822,
    "min": 92,
    "q1": 94,
    "median": 94.0,
    "q3": 94,
    "max": 95,
    "mean": 94.06666666666666,
    "sd": 0.5120763831912408
  },
  "all_fp": {
    "name": "all_fp",
    "population": [
      6,
      6,
      6,
      6,
      6,
      6,
      6,
      6,
      8,
      6,
      6,
      5,
      6,
      6,
      6,
      6,
      6,
      5,
      6,
      6,
      6,
      5,
      5,
      6,
      6,
      6,
      6,
      6,
      6,
      6
    ],
    "size": 30,
    "total": 178,
    "min": 5,
    "q1": 6,
    "median": 6.0,
    "q3": 6,
    "max": 8,
    "mean": 5.933333333333334,
    "sd": 0.5120763831912404
  },
  "all_fn": {
    "name": "all_fn",
    "population": [
      3,
      3,
      3,
      3,
      3,
      3,
      3,
      3,
      3,
      3,
      3,
      3,
      3,
      3,
      3,
      3,
      3,
      3,
      3,
      3,
      3,
      3,
      3,
      3,
      3,
      3,
      3,
      3,
      3,
      3
    ],
    "size": 30,
    "total": 90,
    "min": 3,
    "q1": 3,
    "median": 3.0,
    "q3": 3,
    "max": 3,
    "mean": 3.0,
    "sd": 0.0
  },
  "all_accuracy": {
    "name": "all_accuracy",
    "population": [
      0.925,
      0.925,
      0.925,
      0.925,
      0.925,
      0.925,
      0.925,
      0.925,
      0.9083333333333333,
      0.925,
      0.925,
      0.9333333333333333,
      0.925,
      0.925,
      0.925,
      0.925,
      0.925,
      0.9333333333333333,
      0.925,
      0.925,
      0.925,
      0.9333333333333333,
      0.9333333333333333,
      0.925,
      0.925,
      0.925,
      0.925,
      0.925,
      0.925,
      0.925
    ],
    "size": 30,
    "total": 27.76666666666668,
    "min": 0.9083333333333333,
    "q1": 0.925,
    "median": 0.925,
    "q3": 0.925,
    "max": 0.9333333333333333,
    "mean": 0.925555555555556,
    "sd": 0.0042673031932603375
  },
  "all_balanced_accuracy": {
    "name": "all_balanced_accuracy",
    "population": [
      0.8541012998655311,
      0.8541012998655311,
      0.8541012998655311,
      0.8541012998655311,
      0.8541012998655311,
      0.8541012998655311,
      0.8541012998655311,
      0.8541012998655311,
      0.8242105263157895,
      0.8541012998655311,
      0.8541012998655311,
      0.8710575139146568,
      0.8541012998655311,
      0.8541012998655311,
      0.8541012998655311,
      0.8541012998655311,
      0.8541012998655311,
      0.8710575139146568,
      0.8541012998655311,
      0.8541012998655311,
      0.8541012998655311,
      0.8710575139146568,
      0.8710575139146568,
      0.8541012998655311,
      0.8541012998655311,
      0.8541012998655311,
      0.8541012998655311,
      0.8541012998655311,
      0.8541012998655311,
      0.8541012998655311
    ],
    "size": 30,
    "total": 25.660973078612688,
    "min": 0.8242105263157895,
    "q1": 0.8541012998655311,
    "median": 0.8541012998655311,
    "q3": 0.8541012998655311,
    "max": 0.8710575139146568,
    "mean": 0.8553657692870896,
    "sd": 0.008155866263778675
  },
  "all_f1": {
    "name": "all_f1",
    "population": [
      0.7906976744186046,
      0.7906976744186046,
      0.7906976744186046,
      0.7906976744186046,
      0.7906976744186046,
      0.7906976744186046,
      0.7906976744186046,
      0.7906976744186046,
      0.7555555555555556,
      0.7906976744186046,
      0.7906976744186046,
      0.8095238095238095,
      0.7906976744186046,
      0.7906976744186046,
      0.7906976744186046,
      0.7906976744186046,
      0.7906976744186046,
      0.8095238095238095,
      0.7906976744186046,
      0.7906976744186046,
      0.7906976744186046,
      0.8095238095238095,
      0.8095238095238095,
      0.7906976744186046,
      0.7906976744186046,
      0.7906976744186046,
      0.7906976744186046,
      0.7906976744186046,
      0.7906976744186046,
      0.7906976744186046
    ],
    "size": 30,
    "total": 23.76109265411592,
    "min": 0.7555555555555556,
    "q1": 0.7906976744186046,
    "median": 0.7906976744186046,
    "q3": 0.7906976744186046,
    "max": 0.8095238095238095,
    "mean": 0.792036421803864,
    "sd": 0.009307514228364526
  },
  "all_recall": {
    "name": "all_recall",
    "population": [
      0.85,
      0.85,
      0.85,
      0.85,
      0.85,
      0.85,
      0.85,
      0.85,
      0.85,
      0.85,
      0.85,
      0.85,
      0.85,
      0.85,
      0.85,
      0.85,
      0.85,
      0.85,
      0.85,
      0.85,
      0.85,
      0.85,
      0.85,
      0.85,
      0.85,
      0.85,
      0.85,
      0.85,
      0.85,
      0.85
    ],
    "size": 30,
    "total": 25.50000000000001,
    "min": 0.85,
    "q1": 0.85,
    "median": 0.85,
    "q3": 0.85,
    "max": 0.85,
    "mean": 0.8500000000000003,
    "sd": 3.3306690738754696e-16
  },
  "all_precision": {
    "name": "all_precision",
    "population": [
      0.7391304347826086,
      0.7391304347826086,
      0.7391304347826086,
      0.7391304347826086,
      0.7391304347826086,
      0.7391304347826086,
      0.7391304347826086,
      0.7391304347826086,
      0.68,
      0.7391304347826086,
      0.7391304347826086,
      0.7727272727272727,
      0.7391304347826086,
      0.7391304347826086,
      0.7391304347826086,
      0.7391304347826086,
      0.7391304347826086,
      0.7727272727272727,
      0.7391304347826086,
      0.7391304347826086,
      0.7391304347826086,
      0.7727272727272727,
      0.7727272727272727,
      0.7391304347826086,
      0.7391304347826086,
      0.7391304347826086,
      0.7391304347826086,
      0.7391304347826086,
      0.7391304347826086,
      0.7391304347826086
    ],
    "size": 30,
    "total": 22.24916996047432,
    "min": 0.68,
    "q1": 0.7391304347826086,
    "median": 0.7391304347826086,
    "q3": 0.7391304347826086,
    "max": 0.7727272727272727,
    "mean": 0.7416389986824773,
    "sd": 0.016147870460124385
  },
  "all_specificity": {
    "name": "all_specificity",