{
  "prevalence": 0.16666666666666666,
  "all_n": {
    "name": "all_n",
    "population": [
      120,
      120,
      120,
      120,
      120,
      120,
      120,
      120,
      120,
      120,
      120,
      120,
      120,
      120,
      120,
      120,
      120,
      120,
      120,
      120,
      120,
      120,
      120,
      120,
      120,
      120,
      120,
      120,
      120,
      120
    ],
    "size": 30,
    "total": 3600,
    "min": 120,
    "q1": 120,
    "median": 120.0,
    "q3": 120,
    "max": 120,
    "mean": 120.0,
    "sd": 0.0
  },
  "all_tp": {
    "name": "all_tp",
    "population": [
      12,
      11,
      12,
      12,
      10,
      12,
      12,
      10,
      10,
      10,
      13,
      10,
      10,
      10,
      10,
      10,
      10,
      10,
      12,
      11,
      10,
      9,
      9,
      9,
      10,
      10,
      11,
      10,
      10,
      12
    ],
    "size": 30,
    "total": 317,
    "min": 9,
    "q1": 10,
    "median": 10.0,
    "q3": 12,
    "max": 13,
    "mean": 10.566666666666666,
    "sd": 1.0546194679704253
  },
  "all_tn": {
    "name": "all_tn",
    "population": [
      98,
      97,
      98,
      98,
      98,
      98,
      97,
      98,
      98,
      98,
      98,
      97,
      97,
      98,
      98,
      97,
      97,
      97,
      98,
      99,
      97,
      98,
      98,
      97,
      98,
      97,
      98,
      97,
      97,
      98
    ],
    "size": 30,
    "total": 2929,
    "min": 97,
    "q1": 97,
    "median": 98.0,
    "q3": 98,
    "max": 99,
    "mean": 97.63333333333334,
    "sd": 0.5467073155618908
  },
  "all_fp": {
    "name": "all_fp",
    "population": [
      2,
      3,
      2,
      2,
      2,
      2,
      3,
      2,
      2,
      2,
      2,
      3,
      3,
      2,
      2,
      3,
      3,
      3,
      2,
      1,
      3,
      2,
      2,
      3,
      2,
      3,
      2,
      3,
      3,
      2
    ],
    "size": 30,
    "total": 71,
    "min": 1,
    "q1": 2,
    "median": 2.0,
    "q3": 3,
    "max": 3,
    "mean": 2.3666666666666667,
    "sd": 0.5467073155618908
  },
  "all_fn": {
    "name": "all_fn",
    "population": [
      8,
      9,
      8,
      8,
      10,
      8,
      8,
      10,
      10,
      10,
      7,
      10,
      10,
      10,
      10,
      10,
      10,
      10,
      8,
      9,
      10,
      11,
      11,
      11,
      10,
      10,
      9,
      10,
      10,
      8
    ],
    "size": 30,
    "total": 283,
    "min": 7,
    "q1": 8,
    "median": 10.0,
    "q3": 10,
    "max": 11,
    "mean": 9.433333333333334,
    "sd": 1.0546194679704253
  },
  "all_accuracy": {
    "name": "all_accuracy",
    "population": [
      0.9166666666666666,
      0.9,
      0.9166666666666666,
      0.9166666666666666,
      0.9,
      0.9166666666666666,
      0.9083333333333333,
      0.9,
      0.9,
      0.9,
      0.925,
      0.8916666666666667,
      0.8916666666666667,
      0.9,
      0.9,
      0.8916666666666667,
      0.8916666666666667,
      0.8916666666666667,
      0.9166666666666666,
      0.9166666666666666,
      0.8916666666666667,
      0.8916666666666667,
      0.8916666666666667,
      0.8833333333333333,
      0.9,
      0.8916666666666667,
      0.9083333333333333,
      0.8916666666666667,
      0.8916666666666667,
      0.9166666666666666
    ],
    "size": 30,
    "total": 27.050000000000004,
    "min": 0.8833333333333333,
    "q1": 0.8916666666666667,
    "median": 0.9,
    "q3": 0.9166666666666666,
    "max": 0.925,
    "mean": 0.9016666666666668,
    "sd": 0.011055415967851309
  },
  "all_balanced_accuracy": {
    "name": "all_balanced_accuracy",
    "population": [
      0.8908355795148248,
      0.8504043126684636,
      0.8908355795148248,
      0.8908355795148248,
      0.8703703703703705,
      0.8908355795148248,
      0.861904761904762,
      0.8703703703703705,
      0.8703703703703705,
      0.8703703703703705,
      0.9,
      0.8378864126527679,
      0.8378864126527679,
      0.8703703703703705,
      0.8703703703703705,
      0.8378864126527679,
      0.8378864126527679,
      0.8378864126527679,
      0.8908355795148248,
      0.9166666666666666,
      0.8378864126527679,
      0.8586321934945789,
      0.8586321934945789,
      0.8240740740740741,
      0.8703703703703705,
      0.8378864126527679,
      0.8810208483105679,
      0.8378864126527679,
      0.8378864126527679,
      0.8908355795148248
    ],
    "size": 30,
    "total": 25.92991883417014,
    "min": 0.8240740740740741,
    "q1": 0.8378864126527679,
    "median": 0.8703703703703705,
    "q3": 0.8908355795148248,
    "max": 0.9166666666666666,
    "mean": 0.8643306278056714,
    "sd": 0.023762283068586913
  },
  "all_f1": {
    "name": "all_f1",
    "population": [
      0.7058823529411764,
      0.6470588235294117,
      0.7058823529411764,
      0.7058823529411764,
      0.625,
      0.7058823529411764,
      0.6857142857142857,
      0.625,
      0.625,
      0.625,
      0.7428571428571429,
      0.6060606060606061,
      0.6060606060606061,
      0.625,
      0.625,
      0.6060606060606061,
      0.6060606060606061,
      0.6060606060606061,
      0.7058823529411764,
      0.6874999999999999,
      0.6060606060606061,
      0.5806451612903226,
      0.5806451612903226,
      0.5625000000000001,
      0.625,
      0.6060606060606061,
      0.6666666666666667,
      0.6060606060606061,
      0.6060606060606061,
      0.7058823529411764
    ],
    "size": 30,
    "total": 19.218426813540663,
    "min": 0.5625000000000001,
    "q1": 0.6060606060606061,
    "median": 0.625,
    "q3": 0.6874999999999999,
    "max": 0.7428571428571429,
    "mean": 0.6406142271180221,
    "sd": 0.04715660084120973
  },
  "all_recall": {
    "name": "all_recall",
    "population": [
      0.6,
      0.55,
      0.6,
      0.6,
      0.5,
      0.6,
      0.6,
      0.5,
      0.5,
      0.5,
      0.65,
      0.5,
      0.5,
      0.5,
      0.5,
      0.5,
      0.5,
      0.5,
      0.6,
      0.55,
      0.5,
      0.45,
      0.45,
      0.45,
      0.5,
      0.5,
      0.55,
      0.5,
      0.5,
      0.6
    ],
    "size": 30,
    "total": 15.849999999999998,
    "min": 0.45,
    "q1": 0.5,
    "median": 0.5,
    "q3": 0.6,
    "max": 0.65,
    "mean": 0.5283333333333332,
    "sd": 0.05273097339852125
  },
  "all_precision": {
    "name": "all_precision",
    "population": [
      0.8571428571428571,
      0.7857142857142857,
      0.8571428571428571,
      0.8571428571428571,
      0.8333333333333334,
      0.8571428571428571,
      0.8,
      0.8333333333333334,
      0.8333333333333334,
      0.8333333333333334,
      0.8666666666666667,
      0.7692307692307693,
      0.7692307692307693,
      0.8333333333333334,
      0.8333333333333334,
      0.7692307692307693,
      0.7692307692307693,
      0.7692307692307693,
      0.8571428571428571,
      0.9166666666666666,
      0.7692307692307693,
      0.8181818181818182,
      0.8181818181818182,
      0.75,
      0.8333333333333334,
      0.7692307692307693,
      0.8461538461538461,
      0.7692307692307693,
      0.7692307692307693,
      0.8571428571428571
    ],
    "size": 30,
    "total": 24.500832500832505,
    "min": 0.75,
    "q1": 0.7692307692307693,
    "median": 0.8333333333333334,
    "q3": 0.8571428571428571,
    "max": 0.9166666666666666,
    "mean": 0.8166944166944169,
    "sd": 0.041263458344493915
  },
  "all_specificity": {
    "name": "all_specificity",