{
  "prevalence": 0.02804878048780488,
  "all_n": {
    "name": "all_n",
    "population": [
      1640,
      1640,
      1640,
      1640,
      1640,
      1640,
      1640,
      1640,
      1640,
      1640,
      1640,
      1640,
      1640,
      1640,
      1640,
      1640,
      1640,
      1640,
      1640,
      1640,
      1640,
      1640,
      1640,
      1640,
      1640,
      1640,
      1640,
      1640,
      1640,
      1640
    ],
    "size": 30,
    "total": 49200,
    "min": 1640,
    "q1": 1640,
    "median": 1640.0,
    "q3": 1640,
    "max": 1640,
    "mean": 1640.0,
    "sd": 0.0
  },
  "all_tp": {
    "name": "all_tp",
    "population": [
      45,
      45,
      45,
      45,
      45,
      45,
      45,
      45,
      45,
      45,
      45,
      45,
      45,
      45,
      45,
      45,
      45,
      45,
      45,
      45,
      45,
      45,
      45,
      45,
      45,
      45,
      45,
      45,
      45,
      45
    ],
    "size": 30,
    "total": 1350,
    "min": 45,
    "q1": 45,
    "median": 45.0,
    "q3": 45,
    "max": 45,
    "mean": 45.0,
    "sd": 0.0
  },
  "all_tn": {
    "name": "all_tn",
    "population": [
      1593,
      1594,
      1594,
      1594,
      1594,
      1594,
      1594,
      1594,
      1594,
      1594,
      1594,
      1594,
      1593,
      1594,
      1594,
      1594,
      1593,
      1593,
      1594,
      1594,
      1594,
      1594,
      1594,
      1593,
      1594,
      1594,
      1594,
      1594,
      1594,
      1594
    ],
    "size": 30,
    "total": 47815,
    "min": 1593,
    "q1": 1594,
    "median": 1594.0,
    "q3": 1594,
    "max": 1594,
    "mean": 1593.8333333333333,
    "sd": 0.372677996249965
  },
  "all_fp": {
    "name": "all_fp",
    "population": [
      1,
      0,
      0,
      0,
      0,
      0,
      0,
      0,
      0,
      0,
      0,
      0,
      1,
      0,
      0,
      0,
      1,
      1,
      0,
      0,
      0,
      0,
      0,
      1,
      0,
      0,
      0,
      0,
      0,
      0
    ],
    "size": 30,
    "total": 5,
    "min": 0,
    "q1": 0,
    "median": 0.0,
    "q3": 0,
    "max": 1,
    "mean": 0.16666666666666666,
    "sd": 0.3726779962499649
  },
  "all_fn": {
    "name": "all_fn",
    "population": [
      1,
      1,
      1,
      1,
      1,
      1,
      1,
      1,
      1,
      1,
      1,
      1,
      1,
      1,
      1,
      1,
      1,
      1,
      1,
      1,
      1,
      1,
      1,
      1,
      1,
      1,
      1,
      1,
      1,
      1
    ],
    "size": 30,
    "total": 30,
    "min": 1,
    "q1": 1,
    "median": 1.0,
    "q3": 1,
    "max": 1,
    "mean": 1.0,
    "sd": 0.0
  },
  "all_accuracy": {
    "name": "all_accuracy",
    "population": [
      0.998780487804878,
      0.999390243902439,
      0.999390243902439,
      0.999390243902439,
      0.999390243902439,
      0.999390243902439,
      0.999390243902439,
      0.999390243902439,
      0.999390243902439,
      0.999390243902439,
      0.999390243902439,
      0.999390243902439,
      0.998780487804878,
      0.999390243902439,
      0.999390243902439,
      0.999390243902439,
      0.998780487804878,
      0.998780487804878,
      0.999390243902439,
      0.999390243902439,
      0.999390243902439,
      0.999390243902439,
      0.999390243902439,
      0.998780487804878,
      0.999390243902439,
      0.999390243902439,
      0.999390243902439,
      0.999390243902439,
      0.999390243902439,
      0.999390243902439
    ],
    "size": 30,
    "total": 29.978658536585375,
    "min": 0.998780487804878,
    "q1": 0.999390243902439,
    "median": 0.999390243902439,
    "q3": 0.999390243902439,
    "max": 0.999390243902439,
    "mean": 0.9992886178861792,
    "sd": 0.00022724268064022268
  },
  "all_balanced_accuracy": {
    "name": "all_balanced_accuracy",
    "population": [
      0.9888167584965359,
      0.9996865203761756,
      0.9996865203761756,
      0.9996865203761756,
      0.9996865203761756,
      0.9996865203761756,
      0.9996865203761756,
      0.9996865203761756,
      0.9996865203761756,
      0.9996865203761756,
      0.9996865203761756,
      0.9996865203761756,
      0.9888167584965359,
      0.9996865203761756,
      0.9996865203761756,
      0.9996865203761756,
      0.9888167584965359,
      0.9888167584965359,
      0.9996865203761756,
      0.9996865203761756,
      0.9996865203761756,
      0.9996865203761756,
      0.9996865203761756,
      0.9888167584965359,
      0.9996865203761756,
      0.9996865203761756,
      0.9996865203761756,
      0.9996865203761756,
      0.9996865203761756,
      0.9996865203761756
    ],
    "size": 30,
    "total": 29.936246801887087,
    "min": 0.9888167584965359,
    "q1": 0.9996865203761756,
    "median": 0.9996865203761756,
    "q3": 0.9996865203761756,
    "max": 0.9996865203761756,
    "mean": 0.9978748933962363,
    "sd": 0.004050921077018344
  },
  "all_f1": {
    "name": "all_f1",
    "population": [
      0.9782608695652174,
      0.989010989010989,
      0.989010989010989,
      0.989010989010989,
      0.989010989010989,
      0.989010989010989,
      0.989010989010989,
      0.989010989010989,
      0.989010989010989,
      0.989010989010989,
      0.989010989010989,
      0.989010989010989,
      0.9782608695652174,
      0.989010989010989,
      0.989010989010989,
      0.989010989010989,
      0.9782608695652174,
      0.9782608695652174,
      0.989010989010989,
      0.989010989010989,
      0.989010989010989,
      0.989010989010989,
      0.989010989010989,
      0.9782608695652174,
      0.989010989010989,
      0.989010989010989,
      0.989010989010989,
      0.989010989010989,
      0.989010989010989,
      0.989010989010989
    ],
    "size": 30,
    "total": 29.616579073100816,
    "min": 0.9782608695652174,
    "q1": 0.989010989010989,
    "median": 0.989010989010989,
    "q3": 0.989010989010989,
    "max": 0.989010989010989,
    "mean": 0.9872193024366939,
    "sd": 0.00400633297449796
  },
  "all_recall": {
    "name": "all_recall",
    "population": [
      0.9782608695652174,
      0.9782608695652174,
      0.9782608695652174,
      0.9782608695652174,
      0.9782608695652174,
      0.9782608695652174,
      0.9782608695652174,
      0.9782608695652174,
      0.9782608695652174,
      0.9782608695652174,
      0.9782608695652174,
      0.9782608695652174,
      0.9782608695652174,
      0.9782608695652174,
      0.9782608695652174,
      0.9782608695652174,
      0.9782608695652174,
      0.9782608695652174,
      0.9782608695652174,
      0.9782608695652174,
      0.9782608695652174,
      0.9782608695652174,
      0.9782608695652174,
      0.9782608695652174,
      0.9782608695652174,
      0.9782608695652174,
      0.9782608695652174,
      0.9782608695652174,
      0.9782608695652174,
      0.9782608695652174
    ],
    "size": 30,
    "total": 29.347826086956534,
    "min": 0.9782608695652174,
    "q1": 0.9782608695652174,
    "median": 0.9782608695652174,
    "q3": 0.9782608695652174,
    "max": 0.9782608695652174,
    "mean": 0.9782608695652178,
    "sd": 4.440892098500626e-16
  },
  "all_precision": {
    "name": "all_precision",
    "population": [
      0.9782608695652174,
      1.0,
      1.0,
      1.0,
      1.0,
      1.0,
      1.0,
      1.0,
      1.0,
      1.0,
      1.0,
      1.0,
      0.9782608695652174,
      1.0,
      1.0,
      1.0,
      0.9782608695652174,
      0.9782608695652174,
      1.0,
      1.0,
      1.0,
      1.0,
      1.0,
      0.9782608695652174,
      1.0,
      1.0,
      1.0,
      1.0,
      1.0,
      1.0
    ],
    "size": 30,
    "total": 29.89130434782609,
    "min": 0.9782608695652174,
    "q1": 1.0,
    "median": 1.0,
    "q3": 1.0,
    "max": 1.0,
    "mean": 0.996376811594203,
    "sd": 0.008101695570651404
  },
  "all_specificity": {
    "name": "all_specificity",