{
  "prevalence": 0.02804878048780488,
  "all_n": {
    "name": "all_n",
    "population": [
      1640,
      1640,
      1640,
      1640,
      1640,
      1640,
      1640,
      1640,
      1640,
      1640,
      1640,
      1640,
      1640,
      1640,
      1640,
      1640,
      1640,
      1640,
      1640,
      1640,
      1640,
      1640,
      1640,
      1640,
      1640,
      1640,
      1640,
      1640,
      1640,
      1640
    ],
    "size": 30,
    "total": 49200,
    "min": 1640,
    "q1": 1640,
    "median": 1640.0,
    "q3": 1640,
    "max": 1640,
    "mean": 1640.0,
    "sd": 0.0
  },
  "all_tp": {
    "name": "all_tp",
    "population": [
      38,
      38,
      38,
      38,
      40,
      38,
      38,
      40,
      38,
      40,
      38,
      38,
      38,
      38,
      38,
      38,
      38,
      38,
      38,
      39,
      38,
      38,
      40,
      38,
      38,
      38,
      38,
      38,
      38,
      37
    ],
    "size": 30,
    "total": 1148,
    "min": 37,
    "q1": 38,
    "median": 38.0,
    "q3": 38,
    "max": 40,
    "mean": 38.266666666666666,
    "sd": 0.7272474743090473
  },
  "all_tn": {
    "name": "all_tn",
    "population": [
      1577,
      1577,
      1577,
      1577,
      1577,
      1577,
      1577,
      1577,
      1580,
      1577,
      1577,
      1577,
      1577,
      1577,
      1577,
      1577,
      1577,
      1577,
      1577,
      1577,
      1577,
      1577,
      1577,
      1577,
      1577,
      1577,
      1580,
      1577,
      1577,
      1577
    ],
    "size": 30,
    "total": 47316,
    "min": 1577,
    "q1": 1577,
    "median": 1577.0,
    "q3": 1577,
    "max": 1580,
    "mean": 1577.2,
    "sd": 0.7483314773547883
  },
  "all_fp": {
    "name": "all_fp",
    "population": [
      17,
      17,
      17,
      17,
      17,
      17,
      17,
      17,
      14,
      17,
      17,
      17,
      17,
      17,
      17,
      17,
      17,
      17,
      17,
      17,
      17,
      17,
      17,
      17,
      17,
      17,
      14,
      17,
      17,
      17
    ],
    "size": 30,
    "total": 504,
    "min": 14,
    "q1": 17,
    "median": 17.0,
    "q3": 17,
    "max": 17,
    "mean": 16.8,
    "sd": 0.7483314773547881
  },
  "all_fn": {
    "name": "all_fn",
    "population": [
      8,
      8,
      8,
      8,
      6,
      8,
      8,
      6,
      8,
      6,
      8,
      8,
      8,
      8,
      8,
      8,
      8,
      8,
      8,
      7,
      8,
      8,
      6,
      8,
      8,
      8,
      8,
      8,
      8,
      9
    ],
    "size": 30,
    "total": 232,
    "min": 6,
    "q1": 8,
    "median": 8.0,
    "q3": 8,
    "max": 9,
    "mean": 7.733333333333333,
    "sd": 0.7272474743090478
  },
  "all_accuracy": {
    "name": "all_accuracy",
    "population": [
      0.9847560975609756,
      0.9847560975609756,
      0.9847560975609756,
      0.9847560975609756,
      0.9859756097560975,
      0.9847560975609756,
      0.9847560975609756,
      0.9859756097560975,
      0.9865853658536585,
      0.9859756097560975,
      0.9847560975609756,
      0.9847560975609756,
      0.9847560975609756,
      0.9847560975609756,
      0.9847560975609756,
      0.9847560975609756,
      0.9847560975609756,
      0.9847560975609756,
      0.9847560975609756,
      0.9853658536585366,
      0.9847560975609756,
      0.9847560975609756,
      0.9859756097560975,
      0.9847560975609756,
      0.9847560975609756,
      0.9847560975609756,
      0.9865853658536585,
      0.9847560975609756,
      0.9847560975609756,
      0.9841463414634146
    ],
    "size": 30,
    "total": 29.551219512195118,
    "min": 0.9841463414634146,
    "q1": 0.9847560975609756,
    "median": 0.9847560975609756,
    "q3": 0.9847560975609756,
    "max": 0.9865853658536585,
    "mean": 0.9850406504065039,
    "sd": 0.0006043117376958749
  },
  "all_balanced_accuracy": {
    "name": "all_balanced_accuracy",
    "population": [
      0.8429308861485518,
      0.8429308861485518,
      0.8429308861485518,
      0.8429308861485518,
      0.8489820571643891,
      0.8429308861485518,
      0.8429308861485518,
      0.8489820571643891,
      0.8628657236969579,
      0.8489820571643891,
      0.8429308861485518,
      0.8429308861485518,
      0.8429308861485518,
      0.8429308861485518,
      0.8429308861485518,
      0.8429308861485518,
      0.8429308861485518,
      0.8429308861485518,
      0.8429308861485518,
      0.8460046897546898,
      0.8429308861485518,
      0.8429308861485518,
      0.8489820571643891,
      0.8429308861485518,
      0.8429308861485518,
      0.8429308861485518,
      0.8628657236969579,
      0.8429308861485518,
      0.8429308861485518,
      0.8397552659847742
    ],
    "size": 30,
    "total": 25.351899127059063,
    "min": 0.8397552659847742,
    "q1": 0.8429308861485518,
    "median": 0.8429308861485518,
    "q3": 0.8429308861485518,
    "max": 0.8628657236969579,
    "mean": 0.8450633042353021,
    "sd": 0.0052420695784107015
  },
  "all_f1": {
    "name": "all_f1",
    "population": [
      0.7524752475247525,
      0.7524752475247525,
      0.7524752475247525,
      0.7524752475247525,
      0.7766990291262136,
      0.7524752475247525,
      0.7524752475247525,
      0.7766990291262136,
      0.7755102040816326,
      0.7766990291262136,
      0.7524752475247525,
      0.7524752475247525,
      0.7524752475247525,
      0.7524752475247525,
      0.7524752475247525,
      0.7524752475247525,
      0.7524752475247525,
      0.7524752475247525,
      0.7524752475247525,
      0.7647058823529412,
      0.7524752475247525,
      0.7524752475247525,
      0.7766990291262136,
      0.7524752475247525,
      0.7524752475247525,
      0.7524752475247525,
      0.7755102040816326,
      0.7524752475247525,
      0.7524752475247525,
      0.74
    ],
    "size": 30,
    "total": 22.716977852565623,
    "min": 0.74,
    "q1": 0.7524752475247525,
    "median": 0.7524752475247525,
    "q3": 0.7524752475247525,
    "max": 0.7766990291262136,
    "mean": 0.7572325950855208,
    "sd": 0.010057558322213589
  },
  "all_recall": {
    "name": "all_recall",
    "population": [
      0.8260869565217391,
      0.8260869565217391,
      0.8260869565217391,
      0.8260869565217391,
      0.8695652173913043,
      0.8260869565217391,
      0.8260869565217391,
      0.8695652173913043,
      0.8260869565217391,
      0.8695652173913043,
      0.8260869565217391,
      0.8260869565217391,
      0.8260869565217391,
      0.8260869565217391,
      0.8260869565217391,
      0.8260869565217391,
      0.8260869565217391,
      0.8260869565217391,
      0.8260869565217391,
      0.8478260869565217,
      0.8260869565217391,
      0.8260869565217391,
      0.8695652173913043,
      0.8260869565217391,
      0.8260869565217391,
      0.8260869565217391,
      0.8260869565217391,
      0.8260869565217391,
      0.8260869565217391,
      0.8043478260869565
    ],
    "size": 30,
    "total": 24.956521739130423,
    "min": 0.8043478260869565,
    "q1": 0.8260869565217391,
    "median": 0.8260869565217391,
    "q3": 0.8260869565217391,
    "max": 0.8695652173913043,
    "mean": 0.8318840579710141,
    "sd": 0.01580972770237059
  },
  "all_precision": {
    "name": "all_precision",