{
  "prevalence": 0.02804878048780488,
  "all_n": {
    "name": "all_n",
    "population": [
      1640,
      1640,
      1640,
      1640,
      1640,
      1640,
      1640,
      1640,
      1640,
      1640,
      1640,
      1640,
      1640,
      1640,
      1640,
      1640,
      1640,
      1640,
      1640,
      1640,
      1640,
      1640,
      1640,
      1640,
      1640,
      1640,
      1640,
      1640,
      1640,
      1640
    ],
    "size": 30,
    "total": 49200,
    "min": 1640,
    "q1": 1640,
    "median": 1640.0,
    "q3": 1640,
    "max": 1640,
    "mean": 1640.0,
    "sd": 0.0
  },
  "all_tp": {
    "name": "all_tp",
    "population": [
      46,
      46,
      46,
      46,
      46,
      46,
      46,
      46,
      46,
      46,
      46,
      46,
      46,
      46,
      46,
      46,
      46,
      46,
      46,
      46,
      46,
      46,
      46,
      46,
      46,
      46,
      46,
      46,
      46,
      46
    ],
    "size": 30,
    "total": 1380,
    "min": 46,
    "q1": 46,
    "median": 46.0,
    "q3": 46,
    "max": 46,
    "mean": 46.0,
    "sd": 0.0
  },
  "all_tn": {
    "name": "all_tn",
    "population": [
      1592,
      1592,
      1592,
      1593,
      1593,
      1592,
      1592,
      1593,
      1593,
      1592,
      1592,
      1592,
      1592,
      1593,
      1592,
      1592,
      1593,
      1592,
      1593,
      1592,
      1592,
      1593,
      1593,
      1592,
      1592,
      1593,
      1592,
      1592,
      1592,
      1593
    ],
    "size": 30,
    "total": 47771,
    "min": 1592,
    "q1": 1592,
    "median": 1592.0,
    "q3": 1593,
    "max": 1593,
    "mean": 1592.3666666666666,
    "sd": 0.48189440982669873
  },
  "all_fp": {
    "name": "all_fp",
    "population": [
      2,
      2,
      2,
      1,
      1,
      2,
      2,
      1,
      1,
      2,
      2,
      2,
      2,
      1,
      2,
      2,
      1,
      2,
      1,
      2,
      2,
      1,
      1,
      2,
      2,
      1,
      2,
      2,
      2,
      1
    ],
    "size": 30,
    "total": 49,
    "min": 1,
    "q1": 1,
    "median": 2.0,
    "q3": 2,
    "max": 2,
    "mean": 1.6333333333333333,
    "sd": 0.48189440982669857
  },
  "all_fn": {
    "name": "all_fn",
    "population": [
      0,
      0,
      0,
      0,
      0,
      0,
      0,
      0,
      0,
      0,
      0,
      0,
      0,
      0,
      0,
      0,
      0,
      0,
      0,
      0,
      0,
      0,
      0,
      0,
      0,
      0,
      0,
      0,
      0,
      0
    ],
    "size": 30,
    "total": 0,
    "min": 0,
    "q1": 0,
    "median": 0.0,
    "q3": 0,
    "max": 0,
    "mean": 0.0,
    "sd": 0.0
  },
  "all_accuracy": {
    "name": "all_accuracy",
    "population": [
      0.998780487804878,
      0.998780487804878,
      0.998780487804878,
      0.999390243902439,
      0.999390243902439,
      0.998780487804878,
      0.998780487804878,
      0.999390243902439,
      0.999390243902439,
      0.998780487804878,
      0.998780487804878,
      0.998780487804878,
      0.998780487804878,
      0.999390243902439,
      0.998780487804878,
      0.998780487804878,
      0.999390243902439,
      0.998780487804878,
      0.999390243902439,
      0.998780487804878,
      0.998780487804878,
      0.999390243902439,
      0.999390243902439,
      0.998780487804878,
      0.998780487804878,
      0.999390243902439,
      0.998780487804878,
      0.998780487804878,
      0.998780487804878,
      0.999390243902439
    ],
    "size": 30,
    "total": 29.97012195121952,
    "min": 0.998780487804878,
    "q1": 0.998780487804878,
    "median": 0.998780487804878,
    "q3": 0.999390243902439,
    "max": 0.999390243902439,
    "mean": 0.9990040650406508,
    "sd": 0.00029383805477237743
  },
  "all_balanced_accuracy": {
    "name": "all_balanced_accuracy",
    "population": [
      0.9791666666666667,
      0.9791666666666667,
      0.9791666666666667,
      0.9893617021276595,
      0.9893617021276595,
      0.9791666666666667,
      0.9791666666666667,
      0.9893617021276595,
      0.9893617021276595,
      0.9791666666666667,
      0.9791666666666667,
      0.9791666666666667,
      0.9791666666666667,
      0.9893617021276595,
      0.9791666666666667,
      0.9791666666666667,
      0.9893617021276595,
      0.9791666666666667,
      0.9893617021276595,
      0.9791666666666667,
      0.9791666666666667,
      0.9893617021276595,
      0.9893617021276595,
      0.9791666666666667,
      0.9791666666666667,
      0.9893617021276595,
      0.9791666666666667,
      0.9791666666666667,
      0.9791666666666667,
      0.9893617021276595
    ],
    "size": 30,
    "total": 29.48714539007093,
    "min": 0.9791666666666667,
    "q1": 0.9791666666666667,
    "median": 0.9791666666666667,
    "q3": 0.9893617021276595,
    "max": 0.9893617021276595,
    "mean": 0.9829048463356976,
    "sd": 0.004912930596637372
  },
  "all_f1": {
    "name": "all_f1",
    "population": [
      0.9787234042553191,
      0.9787234042553191,
      0.9787234042553191,
      0.989247311827957,
      0.989247311827957,
      0.9787234042553191,
      0.9787234042553191,
      0.989247311827957,
      0.989247311827957,
      0.9787234042553191,
      0.9787234042553191,
      0.9787234042553191,
      0.9787234042553191,
      0.989247311827957,
      0.9787234042553191,
      0.9787234042553191,
      0.989247311827957,
      0.9787234042553191,
      0.989247311827957,
      0.9787234042553191,
      0.9787234042553191,
      0.989247311827957,
      0.989247311827957,
      0.9787234042553191,
      0.9787234042553191,
      0.989247311827957,
      0.9787234042553191,
      0.9787234042553191,
      0.9787234042553191,
      0.989247311827957
    ],
    "size": 30,
    "total": 29.47746511095859,
    "min": 0.9787234042553191,
    "q1": 0.9787234042553191,
    "median": 0.9787234042553191,
    "q3": 0.989247311827957,
    "max": 0.989247311827957,
    "mean": 0.9825821703652864,
    "sd": 0.005071412228787057
  },
  "all_recall": {
    "name": "all_recall",
    "population": [
      1.0,
      1.0,
      1.0,
      1.0,
      1.0,
      1.0,
      1.0,
      1.0,
      1.0,
      1.0,
      1.0,
      1.0,
      1.0,
      1.0,
      1.0,
      1.0,
      1.0,
      1.0,
      1.0,
      1.0,
      1.0,
      1.0,
      1.0,
      1.0,
      1.0,
      1.0,
      1.0,
      1.0,
      1.0,
      1.0
    ],
    "size": 30,
    "total": 30.0,
    "min": 1.0,
    "q1": 1.0,
    "median": 1.0,
    "q3": 1.0,
    "max": 1.0,
    "mean": 1.0,
    "sd": 0.0
  },
  "all_precision": {
    "name": "all_precision",
    "population": [
      0.9583333333333334,
      0.9583333333333334,
      0.9583333333333334,
      0.9787234042553191,
      0.9787234042553191,
      0.9583333333333334,
      0.9583333333333334,
      0.9787234042553191,
      0.9787234042553191,
      0.9583333333333334,
      0.9583333333333334,
      0.9583333333333334,
      0.9583333333333334,
      0.9787234042553191,
      0.9583333333333334,
      0.9583333333333334,
      0.9787234042553191,
      0.9583333333333334,
      0.9787234042553191,
      0.9583333333333334,
      0.9583333333333334,
      0.9787234042553191,
      0.9787234042553191,
      0.9583333333333334,
      0.9583333333333334,
      0.9787234042553191,
      0.9583333333333334,
      0.9583333333333334,
      0.9583333333333334,
      0.9787234042553191
    ],
    "size": 30,
    "total": 28.97429078014184,
    "min": 0.9583333333333334,
    "q1": 0.9583333333333334,
    "median": 0.9583333333333334,
    "q3": 0.9787234042553191,
    "max": 0.9787234042553191,
    "mean": 0.9658096926713946,
    "sd": 0.009825861193274851
  },
  "all_specificity": {
    "name": "all_specificity",