{
  "prevalence": 0.02804878048780488,
  "all_n": {
    "name": "all_n",
    "population": [
      1640,
      1640,
      1640,
      1640,
      1640,
      1640,
      1640,
      1640,
      1640,
      1640,
      1640,
      1640,
      1640,
      1640,
      1640,
      1640,
      1640,
      1640,
      1640,
      1640,
      1640,
      1640,
      1640,
      1640,
      1640,
      1640,
      1640,
      1640,
      1640,
      1640
    ],
    "size": 30,
    "total": 49200,
    "min": 1640,
    "q1": 1640,
    "median": 1640.0,
    "q3": 1640,
    "max": 1640,
    "mean": 1640.0,
    "sd": 0.0
  },
  "all_tp": {
    "name": "all_tp",
    "population": [
      18,
      15,
      13,
      12,
      13,
      12,
      12,
      13,
      11,
      15,
      17,
      8,
      18,
      9,
      12,
      12,
      14,
      14,
      15,
      10,
      15,
      13,
      14,
      13,
      16,
      12,
      13,
      12,
      10,
      7
    ],
    "size": 30,
    "total": 388,
    "min": 7,
    "q1": 12,
    "median": 13.0,
    "q3": 15,
    "max": 18,
    "mean": 12.933333333333334,
    "sd": 2.5811280910141248
  },
  "all_tn": {
    "name": "all_tn",
    "population": [
      1594,
      1594,
      1594,
      1594,
      1594,
      1594,
      1594,
      1594,
      1594,
      1594,
      1594,
      1594,
      1594,
      1594,
      1594,
      1594,
      1594,
      1594,
      1594,
      1594,
      1594,
      1594,
      1594,
      1594,
      1594,
      1594,
      1594,
      1594,
      1594,
      1594
    ],
    "size": 30,
    "total": 47820,
    "min": 1594,
    "q1": 1594,
    "median": 1594.0,
    "q3": 1594,
    "max": 1594,
    "mean": 1594.0,
    "sd": 0.0
  },
  "all_fp": {
    "name": "all_fp",
    "population": [
      0,
      0,
      0,
      0,
      0,
      0,
      0,
      0,
      0,
      0,
      0,
      0,
      0,
      0,
      0,
      0,
      0,
      0,
      0,
      0,
      0,
      0,
      0,
      0,
      0,
      0,
      0,
      0,
      0,
      0
    ],
    "size": 30,
    "total": 0,
    "min": 0,
    "q1": 0,
    "median": 0.0,
    "q3": 0,
    "max": 0,
    "mean": 0.0,
    "sd": 0.0
  },
  "all_fn": {
    "name": "all_fn",
    "population": [
      28,
      31,
      33,
      34,
      33,
      34,
      34,
      33,
      35,
      31,
      29,
      38,
      28,
      37,
      34,
      34,
      32,
      32,
      31,
      36,
      31,
      33,
      32,
      33,
      30,
      34,
      33,
      34,
      36,
      39
    ],
    "size": 30,
    "total": 992,
    "min": 28,
    "q1": 31,
    "median": 33.0,
    "q3": 34,
    "max": 39,
    "mean": 33.06666666666667,
    "sd": 2.5811280910141248
  },
  "all_accuracy": {
    "name": "all_accuracy",
    "population": [
      0.9829268292682927,
      0.9810975609756097,
      0.9798780487804878,
      0.9792682926829268,
      0.9798780487804878,
      0.9792682926829268,
      0.9792682926829268,
      0.9798780487804878,
      0.9786585365853658,
      0.9810975609756097,
      0.9823170731707317,
      0.9768292682926829,
      0.9829268292682927,
      0.9774390243902439,
      0.9792682926829268,
      0.9792682926829268,
      0.9804878048780488,
      0.9804878048780488,
      0.9810975609756097,
      0.9780487804878049,
      0.9810975609756097,
      0.9798780487804878,
      0.9804878048780488,
      0.9798780487804878,
      0.9817073170731707,
      0.9792682926829268,
      0.9798780487804878,
      0.9792682926829268,
      0.9780487804878049,
      0.9762195121951219
    ],
    "size": 30,
    "total": 29.395121951219508,
    "min": 0.9762195121951219,
    "q1": 0.9792682926829268,
    "median": 0.9798780487804878,
    "q3": 0.9810975609756097,
    "max": 0.9829268292682927,
    "mean": 0.9798373983739836,
    "sd": 0.0015738585920817849
  },
  "all_balanced_accuracy": {
    "name": "all_balanced_accuracy",
    "population": [
      0.9913686806411837,
      0.9904615384615385,
      0.989858635525507,
      0.9895577395577395,
      0.989858635525507,
      0.9895577395577395,
      0.9895577395577395,
      0.989858635525507,
      0.9892572130141191,
      0.9904615384615385,
      0.9910659272951325,
      0.9883578431372548,
      0.9913686806411837,
      0.9886572654812998,
      0.9895577395577395,
      0.9895577395577395,
      0.990159901599016,
      0.990159901599016,
      0.9904615384615385,
      0.988957055214724,
      0.9904615384615385,
      0.989858635525507,
      0.990159901599016,
      0.989858635525507,
      0.9907635467980296,
      0.9895577395577395,
      0.989858635525507,
      0.9895577395577395,
      0.988957055214724,
      0.9880587875076546
    ],
    "size": 30,
    "total": 29.695193903645716,
    "min": 0.9880587875076546,
    "q1": 0.9895577395577395,
    "median": 0.989858635525507,
    "q3": 0.9904615384615385,
    "max": 0.9913686806411837,
    "mean": 0.9898397967881906,
    "sd": 0.0007769338759996613
  },
  "all_f1": {
    "name": "all_f1",
    "population": [
      0.5625,
      0.4918032786885246,
      0.4406779661016949,
      0.41379310344827586,
      0.4406779661016949,
      0.41379310344827586,
      0.41379310344827586,
      0.4406779661016949,
      0.3859649122807018,
      0.4918032786885246,
      0.5396825396825397,
      0.29629629629629634,
      0.5625,
      0.32727272727272727,
      0.41379310344827586,
      0.41379310344827586,
      0.4666666666666667,
      0.4666666666666667,
      0.4918032786885246,
      0.3571428571428571,
      0.4918032786885246,
      0.4406779661016949,
      0.4666666666666667,
      0.4406779661016949,
      0.5161290322580645,
      0.41379310344827586,
      0.4406779661016949,
      0.41379310344827586,
      0.3571428571428571,
      0.2641509433962264
    ],
    "size": 30,
    "total": 13.07661480097447,
    "min": 0.2641509433962264,
    "q1": 0.41379310344827586,
    "median": 0.4406779661016949,
    "q3": 0.4918032786885246,
    "max": 0.5625,
    "mean": 0.43588716003248235,
    "sd": 0.06924516365932308
  },
  "all_recall": {
    "name": "all_recall",
    "population": [
      0.391304347826087,
      0.32608695652173914,
      0.2826086956521739,
      0.2608695652173913,
      0.2826086956521739,
      0.2608695652173913,
      0.2608695652173913,
      0.2826086956521739,
      0.2391304347826087,
      0.32608695652173914,
      0.3695652173913043,
      0.17391304347826086,
      0.391304347826087,
      0.1956521739130435,
      0.2608695652173913,
      0.2608695652173913,
      0.30434782608695654,
      0.30434782608695654,
      0.32608695652173914,
      0.21739130434782608,
      0.32608695652173914,
      0.2826086956521739,
      0.30434782608695654,
      0.2826086956521739,
      0.34782608695652173,
      0.2608695652173913,
      0.2826086956521739,
      0.2608695652173913,
      0.21739130434782608,
      0.15217391304347827
    ],
    "size": 30,
    "total": 8.434782608695654,
    "min": 0.15217391304347827,
    "q1": 0.2608695652173913,
    "median": 0.2826086956521739,
    "q3": 0.32608695652173914,
    "max": 0.391304347826087,
    "mean": 0.28115942028985513,
    "sd": 0.0561114802394375
  },
  "all_precision": {
    "name": "all_precision",
    "population": [
      1.0,
      1.0,
      1.0,
      1.0,
      1.0,
      1.0,
      1.0,
      1.0,
      1.0,
      1.0,
      1.0,
      1.0,
      1.0,
      1.0,
      1.0,
      1.0,
      1.0,
      1.0,
      1.0,
      1.0,
      1.0,
      1.0,
      1.0,
      1.0,
      1.0,
      1.0,
      1.0,
      1.0,
      1.0,
      1.0
    ],
    "size": 30,
    "total": 30.0,
    "min": 1.0,
    "q1": 1.0,
    "median": 1.0,
    "q3": 1.0,
    "max": 1.0,
    "mean": 1.0,
    "sd": 0.0
  },
  "all_specificity": {
    "name": "all_specificity",