{
  "prevalence": 0.02804878048780488,
  "all_n": {
    "name": "all_n",
    "population": [
      1640,
      1640,
      1640,
      1640,
      1640,
      1640,
      1640,
      1640,
      1640,
      1640,
      1640,
      1640,
      1640,
      1640,
      1640,
      1640,
      1640,
      1640,
      1640,
      1640,
      1640,
      1640,
      1640,
      1640,
      1640,
      1640,
      1640,
      1640,
      1640,
      1640
    ],
    "size": 30,
    "total": 49200,
    "min": 1640,
    "q1": 1640,
    "median": 1640.0,
    "q3": 1640,
    "max": 1640,
    "mean": 1640.0,
    "sd": 0.0
  },
  "all_tp": {
    "name": "all_tp",
    "population": [
      40,
      40,
      40,
      40,
      40,
      40,
      40,
      40,
      40,
      40,
      40,
      40,
      40,
      40,
      40,
      40,
      40,
      40,
      40,
      40,
      40,
      40,
      40,
      40,
      40,
      40,
      40,
      40,
      40,
      40
    ],
    "size": 30,
    "total": 1200,
    "min": 40,
    "q1": 40,
    "median": 40.0,
    "q3": 40,
    "max": 40,
    "mean": 40.0,
    "sd": 0.0
  },
  "all_tn": {
    "name": "all_tn",
    "population": [
      1593,
      1593,
      1591,
      1591,
      1591,
      1591,
      1591,
      1591,
      1591,
      1591,
      1591,
      1591,
      1591,
      1591,
      1591,
      1591,
      1591,
      1591,
      1591,
      1591,
      1591,
      1591,
      1591,
      1591,
      1591,
      1591,
      1591,
      1591,
      1591,
      1593
    ],
    "size": 30,
    "total": 47736,
    "min": 1591,
    "q1": 1591,
    "median": 1591.0,
    "q3": 1591,
    "max": 1593,
    "mean": 1591.2,
    "sd": 0.5999999999999998
  },
  "all_fp": {
    "name": "all_fp",
    "population": [
      1,
      1,
      3,
      3,
      3,
      3,
      3,
      3,
      3,
      3,
      3,
      3,
      3,
      3,
      3,
      3,
      3,
      3,
      3,
      3,
      3,
      3,
      3,
      3,
      3,
      3,
      3,
      3,
      3,
      1
    ],
    "size": 30,
    "total": 84,
    "min": 1,
    "q1": 3,
    "median": 3.0,
    "q3": 3,
    "max": 3,
    "mean": 2.8,
    "sd": 0.6
  },
  "all_fn": {
    "name": "all_fn",
    "population": [
      6,
      6,
      6,
      6,
      6,
      6,
      6,
      6,
      6,
      6,
      6,
      6,
      6,
      6,
      6,
      6,
      6,
      6,
      6,
      6,
      6,
      6,
      6,
      6,
      6,
      6,
      6,
      6,
      6,
      6
    ],
    "size": 30,
    "total": 180,
    "min": 6,
    "q1": 6,
    "median": 6.0,
    "q3": 6,
    "max": 6,
    "mean": 6.0,
    "sd": 0.0
  },
  "all_accuracy": {
    "name": "all_accuracy",
    "population": [
      0.9957317073170732,
      0.9957317073170732,
      0.9945121951219512,
      0.9945121951219512,
      0.9945121951219512,
      0.9945121951219512,
      0.9945121951219512,
      0.9945121951219512,
      0.9945121951219512,
      0.9945121951219512,
      0.9945121951219512,
      0.9945121951219512,
      0.9945121951219512,
      0.9945121951219512,
      0.9945121951219512,
      0.9945121951219512,
      0.9945121951219512,
      0.9945121951219512,
      0.9945121951219512,
      0.9945121951219512,
      0.9945121951219512,
      0.9945121951219512,
      0.9945121951219512,
      0.9945121951219512,
      0.9945121951219512,
      0.9945121951219512,
      0.9945121951219512,
      0.9945121951219512,
      0.9945121951219512,
      0.9957317073170732
    ],
    "size": 30,
    "total": 29.839024390243917,
    "min": 0.9945121951219512,
    "q1": 0.9945121951219512,
    "median": 0.9945121951219512,
    "q3": 0.9945121951219512,
    "max": 0.9957317073170732,
    "mean": 0.994634146341464,
    "sd": 0.0003658536585365859
  },
  "all_balanced_accuracy": {
    "name": "all_balanced_accuracy",
    "population": [
      0.9859287054409005,
      0.9859287054409005,
      0.9632377568405877,
      0.9632377568405877,
      0.9632377568405877,
      0.9632377568405877,
      0.9632377568405877,
      0.9632377568405877,
      0.9632377568405877,
      0.9632377568405877,
      0.9632377568405877,
      0.9632377568405877,
      0.9632377568405877,
      0.9632377568405877,
      0.9632377568405877,
      0.9632377568405877,
      0.9632377568405877,
      0.9632377568405877,
      0.9632377568405877,
      0.9632377568405877,
      0.9632377568405877,
      0.9632377568405877,
      0.9632377568405877,
      0.9632377568405877,
      0.9632377568405877,
      0.9632377568405877,
      0.9632377568405877,
      0.9632377568405877,
      0.9632377568405877,
      0.9859287054409005
    ],
    "size": 30,
    "total": 28.965205551018574,
    "min": 0.9632377568405877,
    "q1": 0.9632377568405877,
    "median": 0.9632377568405877,
    "q3": 0.9632377568405877,
    "max": 0.9859287054409005,
    "mean": 0.9655068517006191,
    "sd": 0.00680728458009385
  },
  "all_f1": {
    "name": "all_f1",
    "population": [
      0.9195402298850575,
      0.9195402298850575,
      0.898876404494382,
      0.898876404494382,
      0.898876404494382,
      0.898876404494382,
      0.898876404494382,
      0.898876404494382,
      0.898876404494382,
      0.898876404494382,
      0.898876404494382,
      0.898876404494382,
      0.898876404494382,
      0.898876404494382,
      0.898876404494382,
      0.898876404494382,
      0.898876404494382,
      0.898876404494382,
      0.898876404494382,
      0.898876404494382,
      0.898876404494382,
      0.898876404494382,
      0.898876404494382,
      0.898876404494382,
      0.898876404494382,
      0.898876404494382,
      0.898876404494382,
      0.898876404494382,
      0.898876404494382,
      0.9195402298850575
    ],
    "size": 30,
    "total": 27.028283611003477,
    "min": 0.898876404494382,
    "q1": 0.898876404494382,
    "median": 0.898876404494382,
    "q3": 0.898876404494382,
    "max": 0.9195402298850575,
    "mean": 0.9009427870334492,
    "sd": 0.006199147617202638
  },
  "all_recall": {
    "name": "all_recall",
    "population": [
      0.8695652173913043,
      0.8695652173913043,
      0.8695652173913043,
      0.8695652173913043,
      0.8695652173913043,
      0.8695652173913043,
      0.8695652173913043,
      0.8695652173913043,
      0.8695652173913043,
      0.8695652173913043,
      0.8695652173913043,
      0.8695652173913043,
      0.8695652173913043,
      0.8695652173913043,
      0.8695652173913043,
      0.8695652173913043,
      0.8695652173913043,
      0.8695652173913043,
      0.8695652173913043,
      0.8695652173913043,
      0.8695652173913043,
      0.8695652173913043,
      0.8695652173913043,
      0.8695652173913043,
      0.8695652173913043,
      0.8695652173913043,
      0.8695652173913043,
      0.8695652173913043,
      0.8695652173913043,
      0.8695652173913043
    ],
    "size": 30,
    "total": 26.086956521739136,
    "min": 0.8695652173913043,
    "q1": 0.8695652173913043,
    "median": 0.8695652173913043,
    "q3": 0.8695652173913043,
    "max": 0.8695652173913043,
    "mean": 0.8695652173913045,
    "sd": 2.220446049250313e-16
  },
  "all_precision": {
    "name": "all_precision",