{
  "prevalence": 0.16666666666666666,
  "n": 120,
  "tp": 6,
  "tn": 100,
  "fp": 0,
  "fn": 14,
  "accuracy": 0.8833333333333333,
  "balanced_accuracy": 0.9385964912280702,
  "f1": 0.4615384615384615,
  "recall": 0.3,
  "precision": 1.0,
  "specificity": 0.8771929824561403,
  "err": 0
}
