{
  "prevalence": 0.02804878048780488,
  "n": 1640,
  "tp": 39,
  "tn": 1592,
  "fp": 2,
  "fn": 7,
  "accuracy": 0.9945121951219512,
  "balanced_accuracy": 0.9734208880550344,
  "f1": 0.8965517241379309,
  "recall": 0.8478260869565217,
  "precision": 0.9512195121951219,
  "specificity": 0.9956222639149468,
  "err": 2
}