{
  "prevalence": 0.16666666666666666,
  "n": 120,
  "tp": 5,
  "tn": 97,
  "fp": 3,
  "fn": 15,
  "accuracy": 0.85,
  "balanced_accuracy": 0.7455357142857143,
  "f1": 0.35714285714285715,
  "recall": 0.25,
  "precision": 0.625,
  "specificity": 0.8660714285714286,
  "err": 0
}