{
  "prevalence": 0.16666666666666666,
  "n": 120,
  "tp": 13,
  "tn": 98,
  "fp": 2,
  "fn": 7,
  "accuracy": 0.925,
  "balanced_accuracy": 0.9,
  "f1": 0.7428571428571429,
  "recall": 0.65,
  "precision": 0.8666666666666667,
  "specificity": 0.9333333333333333,
  "err": 0
}