{
  "prevalence": 0.02804878048780488,
  "n": 1640,
  "tp": 43,
  "tn": 1564,
  "fp": 30,
  "fn": 3,
  "accuracy": 0.9798780487804878,
  "balanced_accuracy": 0.793563304805448,
  "f1": 0.7226890756302522,
  "recall": 0.9347826086956522,
  "precision": 0.589041095890411,
  "specificity": 0.998085513720485,
  "err": 2
}