{
  "prevalence": 0.02804878048780488,
  "n": 1640,
  "tp": 40,
  "tn": 1577,
  "fp": 17,
  "fn": 6,
  "accuracy": 0.9859756097560975,
  "balanced_accuracy": 0.8489820571643891,
  "f1": 0.7766990291262136,
  "recall": 0.8695652173913043,
  "precision": 0.7017543859649122,
  "specificity": 0.9962097283638661,
  "err": 0
}