{
  "prevalence": 0.02804878048780488,
  "n": 1640,
  "tp": 29,
  "tn": 1576,
  "fp": 18,
  "fn": 17,
  "accuracy": 0.9786585365853658,
  "balanced_accuracy": 0.8031747939789772,
  "f1": 0.6236559139784946,
  "recall": 0.6304347826086957,
  "precision": 0.6170212765957447,
  "specificity": 0.9893283113622097,
  "err": 12
}