{
  "prevalence": 0.02804878048780488,
  "n": 1640,
  "tp": 46,
  "tn": 1583,
  "fp": 11,
  "fn": 0,
  "accuracy": 0.9932926829268293,
  "balanced_accuracy": 0.9035087719298245,
  "f1": 0.8932038834951457,
  "recall": 1.0,
  "precision": 0.8070175438596491,
  "specificity": 1.0,
  "err": 0
}