{
  "prevalence": 0.16666666666666666,
  "n": 120,
  "tp": 7,
  "tn": 99,
  "fp": 1,
  "fn": 13,
  "accuracy": 0.8833333333333333,
  "balanced_accuracy": 0.8794642857142857,
  "f1": 0.4999999999999999,
  "recall": 0.35,
  "precision": 0.875,
  "specificity": 0.8839285714285714,
  "err": 0
}