{
  "prevalence": 0.16666666666666666,
  "n": 120,
  "tp": 17,
  "tn": 92,
  "fp": 8,
  "fn": 3,
  "accuracy": 0.9083333333333333,
  "balanced_accuracy": 0.8242105263157895,
  "f1": 0.7555555555555556,
  "recall": 0.85,
  "precision": 0.68,
  "specificity": 0.968421052631579,
  "err": 0
}