{
  "prevalence": 0.16666666666666666,
  "n": 120,
  "tp": 14,
  "tn": 87,
  "fp": 13,
  "fn": 6,
  "accuracy": 0.8416666666666667,
  "balanced_accuracy": 0.7270011947431302,
  "f1": 0.5957446808510639,
  "recall": 0.7,
  "precision": 0.5185185185185185,
  "specificity": 0.9354838709677419,
  "err": 0
}