{
  "prevalence": 0.02804878048780488,
  "n": 1640,
  "tp": 43,
  "tn": 1593,
  "fp": 1,
  "fn": 3,
  "accuracy": 0.9975609756097561,
  "balanced_accuracy": 0.9876965140123035,
  "f1": 0.9555555555555557,
  "recall": 0.9347826086956522,
  "precision": 0.9772727272727273,
  "specificity": 0.9981203007518797,
  "err": 0
}