{
  "prevalence": 0.02804878048780488,
  "n": 1640,
  "tp": 45,
  "tn": 1593,
  "fp": 1,
  "fn": 1,
  "accuracy": 0.998780487804878,
  "balanced_accuracy": 0.9888167584965359,
  "f1": 0.9782608695652174,
  "recall": 0.9782608695652174,
  "precision": 0.9782608695652174,
  "specificity": 0.9993726474278545,
  "err": 0
}