{
  "prevalence": 0.02804878048780488,
  "n": 1640,
  "tp": 46,
  "tn": 1584,
  "fp": 10,
  "fn": 0,
  "accuracy": 0.9939024390243902,
  "balanced_accuracy": 0.9107142857142857,
  "f1": 0.9019607843137255,
  "recall": 1.0,
  "precision": 0.8214285714285714,
  "specificity": 1.0,
  "err": 0
}