{
  "prevalence": 0.02804878048780488,
  "n": 1640,
  "tp": 17,
  "tn": 1594,
  "fp": 0,
  "fn": 29,
  "accuracy": 0.9823170731707317,
  "balanced_accuracy": 0.9910659272951325,
  "f1": 0.5396825396825397,
  "recall": 0.3695652173913043,
  "precision": 1.0,
  "specificity": 0.982131854590265,
  "err": 1
}