{
  "prevalence": 0.16666666666666666,
  "n": 120,
  "tp": 19,
  "tn": 85,
  "fp": 15,
  "fn": 1,
  "accuracy": 0.8666666666666667,
  "balanced_accuracy": 0.7735978112175103,
  "f1": 0.7037037037037037,
  "recall": 0.95,
  "precision": 0.5588235294117647,
  "specificity": 0.9883720930232558,
  "err": 0
}