{
  "prevalence": 0.02804878048780488,
  "n": 1640,
  "tp": 36,
  "tn": 1524,
  "fp": 70,
  "fn": 10,
  "accuracy": 0.9512195121951219,
  "balanced_accuracy": 0.6665518683427222,
  "f1": 0.47368421052631576,
  "recall": 0.782608695652174,
  "precision": 0.33962264150943394,
  "specificity": 0.9934810951760105,
  "err": 5
}