{
  "prevalence": 0.02804878048780488,
  "n": 1640,
  "tp": 40,
  "tn": 1591,
  "fp": 3,
  "fn": 6,
  "accuracy": 0.9945121951219512,
  "balanced_accuracy": 0.9632377568405877,
  "f1": 0.898876404494382,
  "recall": 0.8695652173913043,
  "precision": 0.9302325581395349,
  "specificity": 0.9962429555416406,
  "err": 2
}