{
  "prevalence": 0.02804878048780488,
  "n": 1640,
  "tp": 41,
  "tn": 1592,
  "fp": 2,
  "fn": 5,
  "accuracy": 0.9957317073170732,
  "balanced_accuracy": 0.9751787508555285,
  "f1": 0.9213483146067417,
  "recall": 0.8913043478260869,
  "precision": 0.9534883720930233,
  "specificity": 0.9968691296180339,
  "err": 1
}