{
  "prevalence": 0.16666666666666666,
  "n": 120,
  "tp": 9,
  "tn": 91,
  "fp": 9,
  "fn": 11,
  "accuracy": 0.8333333333333334,
  "balanced_accuracy": 0.696078431372549,
  "f1": 0.4736842105263158,
  "recall": 0.45,
  "precision": 0.5,
  "specificity": 0.8921568627450981,
  "err": 1
}