{
  "prevalence": 0.16666666666666666,
  "n": 120,
  "tp": 11,
  "tn": 99,
  "fp": 1,
  "fn": 9,
  "accuracy": 0.9166666666666666,
  "balanced_accuracy": 0.9166666666666666,
  "f1": 0.6874999999999999,
  "recall": 0.55,
  "precision": 0.9166666666666666,
  "specificity": 0.9166666666666666,
  "err": 0
}