{
  "prevalence": 0.16666666666666666,
  "n": 120,
  "tp": 15,
  "tn": 97,
  "fp": 3,
  "fn": 5,
  "accuracy": 0.9333333333333333,
  "balanced_accuracy": 0.892156862745098,
  "f1": 0.7894736842105262,
  "recall": 0.75,
  "precision": 0.8333333333333334,
  "specificity": 0.9509803921568627,
  "err": 0
}