{
  "prevalence": 0.02804878048780488,
  "n": 1640,
  "tp": 38,
  "tn": 1586,
  "fp": 8,
  "fn": 8,
  "accuracy": 0.9902439024390244,
  "balanced_accuracy": 0.9105340679722873,
  "f1": 0.8260869565217391,
  "recall": 0.8260869565217391,
  "precision": 0.8260869565217391,
  "specificity": 0.9949811794228356,
  "err": 0
}