{
  "prevalence": 0.16666666666666666,
  "n": 120,
  "tp": 14,
  "tn": 98,
  "fp": 2,
  "fn": 6,
  "accuracy": 0.9333333333333333,
  "balanced_accuracy": 0.9086538461538461,
  "f1": 0.7777777777777777,
  "recall": 0.7,
  "precision": 0.875,
  "specificity": 0.9423076923076923,
  "err": 0
}