{
  "prevalence": 0.02804878048780488,
  "n": 1640,
  "tp": 38,
  "tn": 1580,
  "fp": 14,
  "fn": 8,
  "accuracy": 0.9865853658536585,
  "balanced_accuracy": 0.8628657236969579,
  "f1": 0.7755102040816326,
  "recall": 0.8260869565217391,
  "precision": 0.7307692307692307,
  "specificity": 0.9949622166246851,
  "err": 0
}