{
  "prevalence": 0.02804878048780488,
  "n": 1640,
  "tp": 43,
  "tn": 1570,
  "fp": 24,
  "fn": 3,
  "accuracy": 0.9835365853658536,
  "balanced_accuracy": 0.8199419305253769,
  "f1": 0.7610619469026548,
  "recall": 0.9347826086956522,
  "precision": 0.6417910447761194,
  "specificity": 0.9980928162746344,
  "err": 2
}