{
  "prevalence": 0.16666666666666666,
  "n": 120,
  "tp": 16,
  "tn": 92,
  "fp": 8,
  "fn": 4,
  "accuracy": 0.9,
  "balanced_accuracy": 0.8125,
  "f1": 0.7272727272727272,
  "recall": 0.8,
  "precision": 0.6666666666666666,
  "specificity": 0.9583333333333334,
  "err": 0
}