{
  "prevalence": 0.16666666666666666,
  "n": 120,
  "tp": 11,
  "tn": 96,
  "fp": 4,
  "fn": 9,
  "accuracy": 0.8916666666666667,
  "balanced_accuracy": 0.8238095238095238,
  "f1": 0.6285714285714286,
  "recall": 0.55,
  "precision": 0.7333333333333333,
  "specificity": 0.9142857142857143,
  "err": 0
}