{
  "prevalence": 0.02804878048780488,
  "n": 1640,
  "tp": 46,
  "tn": 1593,
  "fp": 1,
  "fn": 0,
  "accuracy": 0.999390243902439,
  "balanced_accuracy": 0.9893617021276595,
  "f1": 0.989247311827957,
  "recall": 1.0,
  "precision": 0.9787234042553191,
  "specificity": 1.0,
  "err": 0
}