{
  "prevalence": 0.16666666666666666,
  "n": 120,
  "tp": 15,
  "tn": 65,
  "fp": 35,
  "fn": 5,
  "accuracy": 0.6666666666666666,
  "balanced_accuracy": 0.6142857142857143,
  "f1": 0.4285714285714285,
  "recall": 0.75,
  "precision": 0.3,
  "specificity": 0.9285714285714286,
  "err": 0
}