{
  "prevalence": 0.02804878048780488,
  "n": 1640,
  "tp": 44,
  "tn": 1550,
  "fp": 44,
  "fn": 2,
  "accuracy": 0.9719512195121951,
  "balanced_accuracy": 0.7493556701030928,
  "f1": 0.6567164179104478,
  "recall": 0.9565217391304348,
  "precision": 0.5,
  "specificity": 0.9987113402061856,
  "err": 0
}