{
  "prevalence": 0.02804878048780488,
  "n": 1640,
  "tp": 13,
  "tn": 1594,
  "fp": 0,
  "fn": 33,
  "accuracy": 0.9798780487804878,
  "balanced_accuracy": 0.989858635525507,
  "f1": 0.4406779661016949,
  "recall": 0.2826086956521739,
  "precision": 1.0,
  "specificity": 0.9797172710510141,
  "err": 0
}