{
  "prevalence": 0.16666666666666666,
  "all_n": {
    "name": "all_n",
    "population": [
      120,
      120,
      120,
      120,
      120,
      120,
      120,
      120,
      120,
      120,
      120,
      120,
      120,
      120,
      120,
      120,
      120,
      120,
      120,
      120,
      120,
      120,
      120,
      120,
      120,
      120,
      120,
      120,
      120,
      120
    ],
    "size": 30,
    "total": 3600,
    "min": 120,
    "q1": 120,
    "median": 120.0,
    "q3": 120,
    "max": 120,
    "mean": 120.0,
    "sd": 0.0
  },
  "all_tp": {
    "name": "all_tp",
    "population": [
      14,
      12,
      12,
      13,
      6,
      8,
      6,
      14,
      5,
      12,
      8,
      7,
      12,
      8,
      14,
      14,
      7,
      14,
      11,
      8,
      12,
      14,
      14,
      14,
      14,
      14,
      14,
      14,
      14,
      14
    ],
    "size": 30,
    "total": 343,
    "min": 5,
    "q1": 8,
    "median": 12.5,
    "q3": 14,
    "max": 14,
    "mean": 11.433333333333334,
    "sd": 3.0733622558292013
  },
  "all_tn": {
    "name": "all_tn",
    "population": [
      97,
      97,
      97,
      88,
      97,
      97,
      97,
      88,
      97,
      88,
      97,
      97,
      97,
      97,
      88,
      88,
      97,
      88,
      88,
      97,
      97,
      88,
      87,
      87,
      88,
      88,
      88,
      88,
      87,
      88
    ],
    "size": 30,
    "total": 2763,
    "min": 87,
    "q1": 88,
    "median": 88.0,
    "q3": 97,
    "max": 97,
    "mean": 92.1,
    "sd": 4.592385001282013
  },
  "all_fp": {
    "name": "all_fp",
    "population": [
      3,
      3,
      3,
      12,
      3,
      3,
      3,
      12,
      3,
      12,
      3,
      3,
      3,
      3,
      12,
      12,
      3,
      12,
      12,
      3,
      3,
      12,
      13,
      13,
      12,
      12,
      12,
      12,
      13,
      12
    ],
    "size": 30,
    "total": 237,
    "min": 3,
    "q1": 3,
    "median": 12.0,
    "q3": 12,
    "max": 13,
    "mean": 7.9,
    "sd": 4.592385001282012
  },
  "all_fn": {
    "name": "all_fn",
    "population": [
      6,
      8,
      8,
      7,
      14,
      12,
      14,
      6,
      15,
      8,
      12,
      13,
      8,
      12,
      6,
      6,
      13,
      6,
      9,
      12,
      8,
      6,
      6,
      6,
      6,
      6,
      6,
      6,
      6,
      6
    ],
    "size": 30,
    "total": 257,
    "min": 6,
    "q1": 6,
    "median": 7.5,
    "q3": 12,
    "max": 15,
    "mean": 8.566666666666666,
    "sd": 3.0733622558292013
  },
  "all_accuracy": {
    "name": "all_accuracy",
    "population": [
      0.925,
      0.9083333333333333,
      0.9083333333333333,
      0.8416666666666667,
      0.8583333333333333,
      0.875,
      0.8583333333333333,
      0.85,
      0.85,
      0.8333333333333334,
      0.875,
      0.8666666666666667,
      0.9083333333333333,
      0.875,
      0.85,
      0.85,
      0.8666666666666667,
      0.85,
      0.825,
      0.875,
      0.9083333333333333,
      0.85,
      0.8416666666666667,
      0.8416666666666667,
      0.85,
      0.85,
      0.85,
      0.85,
      0.8416666666666667,
      0.85
    ],
    "size": 30,
    "total": 25.883333333333336,
    "min": 0.825,
    "q1": 0.85,
    "median": 0.85,
    "q3": 0.875,
    "max": 0.925,
    "mean": 0.8627777777777779,
    "sd": 0.024975296436654484
  },
  "all_balanced_accuracy": {
    "name": "all_balanced_accuracy",
    "population": [
      0.8826384922901199,
      0.861904761904762,
      0.861904761904762,
      0.7231578947368421,
      0.7702702702702702,
      0.8085904920767306,
      0.7702702702702702,
      0.7373158756137479,
      0.7455357142857143,
      0.7083333333333333,
      0.8085904920767306,
      0.7909090909090909,
      0.861904761904762,
      0.8085904920767306,
      0.7373158756137479,
      0.7373158756137479,
      0.7909090909090909,
      0.7373158756137479,
      0.6927386822052891,
      0.8085904920767306,
      0.861904761904762,
      0.7373158756137479,
      0.7270011947431302,
      0.7270011947431302,
      0.7373158756137479,
      0.7373158756137479,
      0.7373158756137479,
      0.7373158756137479,
      0.7270011947431302,
      0.7373158756137479
    ],
    "size": 30,
    "total": 23.11090619550287,
    "min": 0.6927386822052891,
    "q1": 0.7373158756137479,
    "median": 0.7373158756137479,
    "q3": 0.8085904920767306,
    "max": 0.8826384922901199,
    "mean": 0.7703635398500956,
    "sd": 0.052311509714938746
  },
  "all_f1": {
    "name": "all_f1",
    "population": [
      0.7567567567567567,
      0.6857142857142857,
      0.6857142857142857,
      0.5777777777777778,
      0.41379310344827586,
      0.5161290322580645,
      0.41379310344827586,
      0.608695652173913,
      0.35714285714285715,
      0.5454545454545454,
      0.5161290322580645,
      0.4666666666666667,
      0.6857142857142857,
      0.5161290322580645,
      0.608695652173913,
      0.608695652173913,
      0.4666666666666667,
      0.608695652173913,
      0.5116279069767442,
      0.5161290322580645,
      0.6857142857142857,
      0.608695652173913,
      0.5957446808510639,
      0.5957446808510639,
      0.608695652173913,
      0.608695652173913,
      0.608695652173913,
      0.608695652173913,
      0.5957446808510639,
      0.608695652173913
    ],
    "size": 30,
    "total": 17.19124322052028,
    "min": 0.35714285714285715,
    "q1": 0.5161290322580645,
    "median": 0.6022201665124884,
    "q3": 0.608695652173913,
    "max": 0.7567567567567567,
    "mean": 0.5730414406840094,
    "sd": 0.08874404519477885
  },
  "all_recall": {
    "name": "all_recall",
    "population": [
      0.7,
      0.6,
      0.6,
      0.65,
      0.3,
      0.4,
      0.3,
      0.7,
      0.25,
      0.6,
      0.4,
      0.35,
      0.6,
      0.4,
      0.7,
      0.7,
      0.35,
      0.7,
      0.55,
      0.4,
      0.6,
      0.7,
      0.7,
      0.7,
      0.7,
      0.7,
      0.7,
      0.7,
      0.7,
      0.7
    ],
    "size": 30,
    "total": 17.14999999999999,
    "min": 0.25,
    "q1": 0.4,
    "median": 0.625,
    "q3": 0.7,
    "max": 0.7,
    "mean": 0.5716666666666664,
    "sd": 0.1536681127914601
  },
  "all_precision": {
    "name": "all_precision",
    "population": [
      0.8235294117647058,
      0.8,
      0.8,
      0.52,
      0.6666666666666666,
      0.7272727272727273,
      0.6666666666666666,
      0.5384615384615384,
      0.625,
      0.5,
      0.7272727272727273,
      0.7,
      0.8,
      0.7272727272727273,
      0.5384615384615384,
      0.5384615384615384,
      0.7,
      0.5384615384615384,
      0.4782608695652174,
      0.7272727272727273,
      0.8,
      0.5384615384615384,
      0.5185185185185185,
      0.5185185185185185,
      0.5384615384615384,
      0.5384615384615384,
      0.5384615384615384,
      0.5384615384615384,
      0.5185185185185185,
      0.5384615384615384
    ],
    "size": 30,
    "total": 18.729385463925112,
    "min": 0.4782608695652174,
    "q1": 0.5384615384615384,
    "median": 0.5384615384615384,
    "q3": 0.7272727272727273,
    "max": 0.8235294117647058,
    "mean": 0.6243128487975037,
    "sd": 0.11188493651671545
  },
  "all_specificity": {
    "name": "all_specificity",