{
  "prevalence": 0.16666666666666666,
  "all_n": {
    "name": "all_n",
    "population": [
      120,
      120,
      120,
      120,
      120,
      120,
      120,
      120,
      120,
      120,
      120,
      120,
      120,
      120,
      120,
      120,
      120,
      120,
      120,
      120,
      120,
      120,
      120,
      120,
      120,
      120,
      120,
      120,
      120,
      120
    ],
    "size": 30,
    "total": 3600,
    "min": 120,
    "q1": 120,
    "median": 120.0,
    "q3": 120,
    "max": 120,
    "mean": 120.0,
    "sd": 0.0
  },
  "all_tp": {
    "name": "all_tp",
    "population": [
      11,
      11,
      11,
      11,
      11,
      11,
      11,
      11,
      11,
      11,
      11,
      11,
      11,
      11,
      11,
      11,
      11,
      11,
      11,
      11,
      11,
      11,
      11,
      11,
      11,
      11,
      11,
      11,
      11,
      11
    ],
    "size": 30,
    "total": 330,
    "min": 11,
    "q1": 11,
    "median": 11.0,
    "q3": 11,
    "max": 11,
    "mean": 11.0,
    "sd": 0.0
  },
  "all_tn": {
    "name": "all_tn",
    "population": [
      94,
      94,
      94,
      94,
      94,
      92,
      94,
      94,
      94,
      94,
      94,
      94,
      94,
      94,
      94,
      94,
      94,
      94,
      94,
      94,
      94,
      94,
      94,
      94,
      94,
      94,
      94,
      94,
      94,
      94
    ],
    "size": 30,
    "total": 2818,
    "min": 92,
    "q1": 94,
    "median": 94.0,
    "q3": 94,
    "max": 94,
    "mean": 93.93333333333334,
    "sd": 0.3590109871423001
  },
  "all_fp": {
    "name": "all_fp",
    "population": [
      6,
      6,
      6,
      6,
      6,
      8,
      6,
      6,
      6,
      6,
      6,
      6,
      6,
      6,
      6,
      6,
      6,
      6,
      6,
      6,
      6,
      6,
      6,
      6,
      6,
      6,
      6,
      6,
      6,
      6
    ],
    "size": 30,
    "total": 182,
    "min": 6,
    "q1": 6,
    "median": 6.0,
    "q3": 6,
    "max": 8,
    "mean": 6.066666666666666,
    "sd": 0.35901098714230006
  },
  "all_fn": {
    "name": "all_fn",
    "population": [
      9,
      9,
      9,
      9,
      9,
      9,
      9,
      9,
      9,
      9,
      9,
      9,
      9,
      9,
      9,
      9,
      9,
      9,
      9,
      9,
      9,
      9,
      9,
      9,
      9,
      9,
      9,
      9,
      9,
      9
    ],
    "size": 30,
    "total": 270,
    "min": 9,
    "q1": 9,
    "median": 9.0,
    "q3": 9,
    "max": 9,
    "mean": 9.0,
    "sd": 0.0
  },
  "all_accuracy": {
    "name": "all_accuracy",
    "population": [
      0.875,
      0.875,
      0.875,
      0.875,
      0.875,
      0.8583333333333333,
      0.875,
      0.875,
      0.875,
      0.875,
      0.875,
      0.875,
      0.875,
      0.875,
      0.875,
      0.875,
      0.875,
      0.875,
      0.875,
      0.875,
      0.875,
      0.875,
      0.875,
      0.875,
      0.875,
      0.875,
      0.875,
      0.875,
      0.875,
      0.875
    ],
    "size": 30,
    "total": 26.233333333333334,
    "min": 0.8583333333333333,
    "q1": 0.875,
    "median": 0.875,
    "q3": 0.875,
    "max": 0.875,
    "mean": 0.8744444444444445,
    "sd": 0.0029917582261858432
  },
  "all_balanced_accuracy": {
    "name": "all_balanced_accuracy",
    "population": [
      0.7798400913763563,
      0.7798400913763563,
      0.7798400913763563,
      0.7798400913763563,
      0.7798400913763563,
      0.7449192287649817,
      0.7798400913763563,
      0.7798400913763563,
      0.7798400913763563,
      0.7798400913763563,
      0.7798400913763563,
      0.7798400913763563,
      0.7798400913763563,
      0.7798400913763563,
      0.7798400913763563,
      0.7798400913763563,
      0.7798400913763563,
      0.7798400913763563,
      0.7798400913763563,
      0.7798400913763563,
      0.7798400913763563,
      0.7798400913763563,
      0.7798400913763563,
      0.7798400913763563,
      0.7798400913763563,
      0.7798400913763563,
      0.7798400913763563,
      0.7798400913763563,
      0.7798400913763563,
      0.7798400913763563
    ],
    "size": 30,
    "total": 23.36028187867933,
    "min": 0.7449192287649817,
    "q1": 0.7798400913763563,
    "median": 0.7798400913763563,
    "q3": 0.7798400913763563,
    "max": 0.7798400913763563,
    "mean": 0.7786760626226443,
    "sd": 0.00626848667898513
  },
  "all_f1": {
    "name": "all_f1",
    "population": [
      0.5945945945945946,
      0.5945945945945946,
      0.5945945945945946,
      0.5945945945945946,
      0.5945945945945946,
      0.5641025641025641,
      0.5945945945945946,
      0.5945945945945946,
      0.5945945945945946,
      0.5945945945945946,
      0.5945945945945946,
      0.5945945945945946,
      0.5945945945945946,
      0.5945945945945946,
      0.5945945945945946,
      0.5945945945945946,
      0.5945945945945946,
      0.5945945945945946,
      0.5945945945945946,
      0.5945945945945946,
      0.5945945945945946,
      0.5945945945945946,
      0.5945945945945946,
      0.5945945945945946,
      0.5945945945945946,
      0.5945945945945946,
      0.5945945945945946,
      0.5945945945945946,
      0.5945945945945946,
      0.5945945945945946
    ],
    "size": 30,
    "total": 17.807345807345804,
    "min": 0.5641025641025641,
    "q1": 0.5945945945945946,
    "median": 0.5945945945945946,
    "q3": 0.5945945945945946,
    "max": 0.5945945945945946,
    "mean": 0.5935781935781935,
    "sd": 0.0054734869834585035
  },
  "all_recall": {
    "name": "all_recall",
    "population": [
      0.55,
      0.55,
      0.55,
      0.55,
      0.55,
      0.55,
      0.55,
      0.55,
      0.55,
      0.55,
      0.55,
      0.55,
      0.55,
      0.55,
      0.55,
      0.55,
      0.55,
      0.55,
      0.55,
      0.55,
      0.55,
      0.55,
      0.55,
      0.55,
      0.55,
      0.55,
      0.55,
      0.55,
      0.55,
      0.55
    ],
    "size": 30,
    "total": 16.500000000000007,
    "min": 0.55,
    "q1": 0.55,
    "median": 0.55,
    "q3": 0.55,
    "max": 0.55,
    "mean": 0.5500000000000003,
    "sd": 2.220446049250313e-16
  },
  "all_precision": {
    "name": "all_precision",
    "population": [
      0.6470588235294118,
      0.6470588235294118,
      0.6470588235294118,
      0.6470588235294118,
      0.6470588235294118,
      0.5789473684210527,
      0.6470588235294118,
      0.6470588235294118,
      0.6470588235294118,
      0.6470588235294118,
      0.6470588235294118,
      0.6470588235294118,
      0.6470588235294118,
      0.6470588235294118,
      0.6470588235294118,
      0.6470588235294118,
      0.6470588235294118,
      0.6470588235294118,
      0.6470588235294118,
      0.6470588235294118,
      0.6470588235294118,
      0.6470588235294118,
      0.6470588235294118,
      0.6470588235294118,
      0.6470588235294118,
      0.6470588235294118,
      0.6470588235294118,
      0.6470588235294118,
      0.6470588235294118,
      0.6470588235294118
    ],
    "size": 30,
    "total": 19.343653250773997,
    "min": 0.5789473684210527,
    "q1": 0.6470588235294118,
    "median": 0.6470588235294118,
    "q3": 0.6470588235294118,
    "max": 0.6470588235294118,
    "mean": 0.6447884416924665,
    "sd": 0.012226380367075256
  },
  "all_specificity": {
    "name": "all_specificity",