{
  "prevalence": 0.16666666666666666,
  "all_n": {
    "name": "all_n",
    "population": [
      120,
      120,
      120,
      120,
      120,
      120,
      120,
      120,
      120,
      120,
      120,
      120,
      120,
      120,
      120,
      120,
      120,
      120,
      120,
      120,
      120,
      120,
      120,
      120,
      120,
      120,
      120,
      120,
      120,
      120
    ],
    "size": 30,
    "total": 3600,
    "min": 120,
    "q1": 120,
    "median": 120.0,
    "q3": 120,
    "max": 120,
    "mean": 120.0,
    "sd": 0.0
  },
  "all_tp": {
    "name": "all_tp",
    "population": [
      17,
      17,
      17,
      17,
      17,
      17,
      17,
      17,
      17,
      17,
      17,
      17,
      17,
      17,
      17,
      17,
      17,
      17,
      17,
      17,
      17,
      17,
      17,
      17,
      17,
      17,
      17,
      17,
      17,
      17
    ],
    "size": 30,
    "total": 510,
    "min": 17,
    "q1": 17,
    "median": 17.0,
    "q3": 17,
    "max": 17,
    "mean": 17.0,
    "sd": 0.0
  },
  "all_tn": {
    "name": "all_tn",
    "population": [
      94,
      94,
      94,
      90,
      94,
      94,
      94,
      94,
      94,
      94,
      94,
      94,
      90,
      94,
      94,
      94,
      94,
      90,
      94,
      94,
      94,
      94,
      94,
      94,
      94,
      94,
      94,
      94,
      94,
      94
    ],
    "size": 30,
    "total": 2808,
    "min": 90,
    "q1": 94,
    "median": 94.0,
    "q3": 94,
    "max": 94,
    "mean": 93.6,
    "sd": 1.1999999999999995
  },
  "all_fp": {
    "name": "all_fp",
    "population": [
      6,
      6,
      6,
      10,
      6,
      6,
      6,
      6,
      6,
      6,
      6,
      6,
      10,
      6,
      6,
      6,
      6,
      10,
      6,
      6,
      6,
      6,
      6,
      6,
      6,
      6,
      6,
      6,
      6,
      6
    ],
    "size": 30,
    "total": 192,
    "min": 6,
    "q1": 6,
    "median": 6.0,
    "q3": 6,
    "max": 10,
    "mean": 6.4,
    "sd": 1.2000000000000006
  },
  "all_fn": {
    "name": "all_fn",
    "population": [
      3,
      3,
      3,
      3,
      3,
      3,
      3,
      3,
      3,
      3,
      3,
      3,
      3,
      3,
      3,
      3,
      3,
      3,
      3,
      3,
      3,
      3,
      3,
      3,
      3,
      3,
      3,
      3,
      3,
      3
    ],
    "size": 30,
    "total": 90,
    "min": 3,
    "q1": 3,
    "median": 3.0,
    "q3": 3,
    "max": 3,
    "mean": 3.0,
    "sd": 0.0
  },
  "all_accuracy": {
    "name": "all_accuracy",
    "population": [
      0.925,
      0.925,
      0.925,
      0.8916666666666667,
      0.925,
      0.925,
      0.925,
      0.925,
      0.925,
      0.925,
      0.925,
      0.925,
      0.8916666666666667,
      0.925,
      0.925,
      0.925,
      0.925,
      0.8916666666666667,
      0.925,
      0.925,
      0.925,
      0.925,
      0.925,
      0.925,
      0.925,
      0.925,
      0.925,
      0.925,
      0.925,
      0.925
    ],
    "size": 30,
    "total": 27.650000000000013,
    "min": 0.8916666666666667,
    "q1": 0.925,
    "median": 0.925,
    "q3": 0.925,
    "max": 0.925,
    "mean": 0.9216666666666671,
    "sd": 0.010000000000000002
  },
  "all_balanced_accuracy": {
    "name": "all_balanced_accuracy",
    "population": [
      0.8541012998655311,
      0.8541012998655311,
      0.8541012998655311,
      0.7986857825567504,
      0.8541012998655311,
      0.8541012998655311,
      0.8541012998655311,
      0.8541012998655311,
      0.8541012998655311,
      0.8541012998655311,
      0.8541012998655311,
      0.8541012998655311,
      0.7986857825567504,
      0.8541012998655311,
      0.8541012998655311,
      0.8541012998655311,
      0.8541012998655311,
      0.7986857825567504,
      0.8541012998655311,
      0.8541012998655311,
      0.8541012998655311,
      0.8541012998655311,
      0.8541012998655311,
      0.8541012998655311,
      0.8541012998655311,
      0.8541012998655311,
      0.8541012998655311,
      0.8541012998655311,
      0.8541012998655311,
      0.8541012998655311
    ],
    "size": 30,
    "total": 25.456792444039582,
    "min": 0.7986857825567504,
    "q1": 0.8541012998655311,
    "median": 0.8541012998655311,
    "q3": 0.8541012998655311,
    "max": 0.8541012998655311,
    "mean": 0.8485597481346527,
    "sd": 0.016624655192634206
  },
  "all_f1": {
    "name": "all_f1",
    "population": [
      0.7906976744186046,
      0.7906976744186046,
      0.7906976744186046,
      0.723404255319149,
      0.7906976744186046,
      0.7906976744186046,
      0.7906976744186046,
      0.7906976744186046,
      0.7906976744186046,
      0.7906976744186046,
      0.7906976744186046,
      0.7906976744186046,
      0.723404255319149,
      0.7906976744186046,
      0.7906976744186046,
      0.7906976744186046,
      0.7906976744186046,
      0.723404255319149,
      0.7906976744186046,
      0.7906976744186046,
      0.7906976744186046,
      0.7906976744186046,
      0.7906976744186046,
      0.7906976744186046,
      0.7906976744186046,
      0.7906976744186046,
      0.7906976744186046,
      0.7906976744186046,
      0.7906976744186046,
      0.7906976744186046
    ],
    "size": 30,
    "total": 23.519049975259783,
    "min": 0.723404255319149,
    "q1": 0.7906976744186046,
    "median": 0.7906976744186046,
    "q3": 0.7906976744186046,
    "max": 0.7906976744186046,
    "mean": 0.7839683325086594,
    "sd": 0.0201880257298367
  },
  "all_recall": {
    "name": "all_recall",
    "population": [
      0.85,
      0.85,
      0.85,
      0.85,
      0.85,
      0.85,
      0.85,
      0.85,
      0.85,
      0.85,
      0.85,
      0.85,
      0.85,
      0.85,
      0.85,
      0.85,
      0.85,
      0.85,
      0.85,
      0.85,
      0.85,
      0.85,
      0.85,
      0.85,
      0.85,
      0.85,
      0.85,
      0.85,
      0.85,
      0.85
    ],
    "size": 30,
    "total": 25.50000000000001,
    "min": 0.85,
    "q1": 0.85,
    "median": 0.85,
    "q3": 0.85,
    "max": 0.85,
    "mean": 0.8500000000000003,
    "sd": 3.3306690738754696e-16
  },
  "all_precision": {
    "name": "all_precision",
    "population": [
      0.7391304347826086,
      0.7391304347826086,
      0.7391304347826086,
      0.6296296296296297,
      0.7391304347826086,
      0.7391304347826086,
      0.7391304347826086,
      0.7391304347826086,
      0.7391304347826086,
      0.7391304347826086,
      0.7391304347826086,
      0.7391304347826086,
      0.6296296296296297,
      0.7391304347826086,
      0.7391304347826086,
      0.7391304347826086,
      0.7391304347826086,
      0.6296296296296297,
      0.7391304347826086,
      0.7391304347826086,
      0.7391304347826086,
      0.7391304347826086,
      0.7391304347826086,
      0.7391304347826086,
      0.7391304347826086,
      0.7391304347826086,
      0.7391304347826086,
      0.7391304347826086,
      0.7391304347826086,
      0.7391304347826086
    ],
    "size": 30,
    "total": 21.845410628019334,
    "min": 0.6296296296296297,
    "q1": 0.7391304347826086,
    "median": 0.7391304347826086,
    "q3": 0.7391304347826086,
    "max": 0.7391304347826086,
    "mean": 0.7281803542673111,
    "sd": 0.03285024154589369
  },
  "all_specificity": {
    "name": "all_specificity",