{
  "prevalence": 0.16666666666666666,
  "all_n": {
    "name": "all_n",
    "population": [
      120,
      120,
      120,
      120,
      120,
      120,
      120,
      120,
      120,
      120,
      120,
      120,
      120,
      120,
      120,
      120,
      120,
      120,
      120,
      120,
      120,
      120,
      120,
      120,
      120,
      120,
      120,
      120,
      120,
      120
    ],
    "size": 30,
    "total": 3600,
    "min": 120,
    "q1": 120,
    "median": 120.0,
    "q3": 120,
    "max": 120,
    "mean": 120.0,
    "sd": 0.0
  },
  "all_tp": {
    "name": "all_tp",
    "population": [
      12,
      13,
      13,
      9,
      13,
      11,
      14,
      12,
      11,
      11,
      13,
      15,
      12,
      10,
      13,
      10,
      11,
      13,
      12,
      13,
      10,
      11,
      10,
      12,
      12,
      11,
      14,
      12,
      12,
      15
    ],
    "size": 30,
    "total": 360,
    "min": 9,
    "q1": 11,
    "median": 12.0,
    "q3": 13,
    "max": 15,
    "mean": 12.0,
    "sd": 1.4605934866804429
  },
  "all_tn": {
    "name": "all_tn",
    "population": [
      98,
      98,
      98,
      98,
      98,
      98,
      98,
      98,
      98,
      98,
      98,
      98,
      98,
      98,
      98,
      98,
      98,
      98,
      98,
      98,
      98,
      98,
      98,
      98,
      98,
      98,
      98,
      98,
      98,
      98
    ],
    "size": 30,
    "total": 2940,
    "min": 98,
    "q1": 98,
    "median": 98.0,
    "q3": 98,
    "max": 98,
    "mean": 98.0,
    "sd": 0.0
  },
  "all_fp": {
    "name": "all_fp",
    "population": [
      2,
      2,
      2,
      2,
      2,
      2,
      2,
      2,
      2,
      2,
      2,
      2,
      2,
      2,
      2,
      2,
      2,
      2,
      2,
      2,
      2,
      2,
      2,
      2,
      2,
      2,
      2,
      2,
      2,
      2
    ],
    "size": 30,
    "total": 60,
    "min": 2,
    "q1": 2,
    "median": 2.0,
    "q3": 2,
    "max": 2,
    "mean": 2.0,
    "sd": 0.0
  },
  "all_fn": {
    "name": "all_fn",
    "population": [
      8,
      7,
      7,
      11,
      7,
      9,
      6,
      8,
      9,
      9,
      7,
      5,
      8,
      10,
      7,
      10,
      9,
      7,
      8,
      7,
      10,
      9,
      10,
      8,
      8,
      9,
      6,
      8,
      8,
      5
    ],
    "size": 30,
    "total": 240,
    "min": 5,
    "q1": 7,
    "median": 8.0,
    "q3": 9,
    "max": 11,
    "mean": 8.0,
    "sd": 1.4605934866804429
  },
  "all_accuracy": {
    "name": "all_accuracy",
    "population": [
      0.9166666666666666,
      0.925,
      0.925,
      0.8916666666666667,
      0.925,
      0.9083333333333333,
      0.9333333333333333,
      0.9166666666666666,
      0.9083333333333333,
      0.9083333333333333,
      0.925,
      0.9416666666666667,
      0.9166666666666666,
      0.9,
      0.925,
      0.9,
      0.9083333333333333,
      0.925,
      0.9166666666666666,
      0.925,
      0.9,
      0.9083333333333333,
      0.9,
      0.9166666666666666,
      0.9166666666666666,
      0.9083333333333333,
      0.9333333333333333,
      0.9166666666666666,
      0.9166666666666666,
      0.9416666666666667
    ],
    "size": 30,
    "total": 27.500000000000007,
    "min": 0.8916666666666667,
    "q1": 0.9083333333333333,
    "median": 0.9166666666666666,
    "q3": 0.925,
    "max": 0.9416666666666667,
    "mean": 0.9166666666666669,
    "sd": 0.01217161238900369
  },
  "all_balanced_accuracy": {
    "name": "all_balanced_accuracy",
    "population": [
      0.8908355795148248,
      0.9,
      0.9,
      0.8586321934945789,
      0.9,
      0.8810208483105679,
      0.9086538461538461,
      0.8908355795148248,
      0.8810208483105679,
      0.8810208483105679,
      0.9,
      0.9169046259280411,
      0.8908355795148248,
      0.8703703703703705,
      0.9,
      0.8703703703703705,
      0.8810208483105679,
      0.9,
      0.8908355795148248,
      0.9,
      0.8703703703703705,
      0.8810208483105679,
      0.8703703703703705,
      0.8908355795148248,
      0.8908355795148248,
      0.8810208483105679,
      0.9086538461538461,
      0.8908355795148248,
      0.8908355795148248,
      0.9169046259280411
    ],
    "size": 30,
    "total": 26.704040345121832,
    "min": 0.8586321934945789,
    "q1": 0.8810208483105679,
    "median": 0.8908355795148248,
    "q3": 0.9,
    "max": 0.9169046259280411,
    "mean": 0.8901346781707278,
    "sd": 0.01397339240240925
  },
  "all_f1": {
    "name": "all_f1",
    "population": [
      0.7058823529411764,
      0.7428571428571429,
      0.7428571428571429,
      0.5806451612903226,
      0.7428571428571429,
      0.6666666666666667,
      0.7777777777777777,
      0.7058823529411764,
      0.6666666666666667,
      0.6666666666666667,
      0.7428571428571429,
      0.8108108108108107,
      0.7058823529411764,
      0.625,
      0.7428571428571429,
      0.625,
      0.6666666666666667,
      0.7428571428571429,
      0.7058823529411764,
      0.7428571428571429,
      0.625,
      0.6666666666666667,
      0.625,
      0.7058823529411764,
      0.7058823529411764,
      0.6666666666666667,
      0.7777777777777777,
      0.7058823529411764,
      0.7058823529411764,
      0.8108108108108107
    ],
    "size": 30,
    "total": 21.104881161996914,
    "min": 0.5806451612903226,
    "q1": 0.6666666666666667,
    "median": 0.7058823529411764,
    "q3": 0.7428571428571429,
    "max": 0.8108108108108107,
    "mean": 0.7034960387332305,
    "sd": 0.055628641324617735
  },
  "all_recall": {
    "name": "all_recall",
    "population": [
      0.6,
      0.65,
      0.65,
      0.45,
      0.65,
      0.55,
      0.7,
      0.6,
      0.55,
      0.55,
      0.65,
      0.75,
      0.6,
      0.5,
      0.65,
      0.5,
      0.55,
      0.65,
      0.6,
      0.65,
      0.5,
      0.55,
      0.5,
      0.6,
      0.6,
      0.55,
      0.7,
      0.6,
      0.6,
      0.75
    ],
    "size": 30,
    "total": 18.000000000000004,
    "min": 0.45,
    "q1": 0.55,
    "median": 0.6,
    "q3": 0.65,
    "max": 0.75,
    "mean": 0.6000000000000001,
    "sd": 0.07302967433402213
  },
  "all_precision": {
    "name": "all_precision",
    "population": [
      0.8571428571428571,
      0.8666666666666667,
      0.8666666666666667,
      0.8181818181818182,
      0.8666666666666667,
      0.8461538461538461,
      0.875,
      0.8571428571428571,
      0.8461538461538461,
      0.8461538461538461,
      0.8666666666666667,
      0.8823529411764706,
      0.8571428571428571,
      0.8333333333333334,
      0.8666666666666667,
      0.8333333333333334,
      0.8461538461538461,
      0.8666666666666667,
      0.8571428571428571,
      0.8666666666666667,
      0.8333333333333334,
      0.8461538461538461,
      0.8333333333333334,
      0.8571428571428571,
      0.8571428571428571,
      0.8461538461538461,
      0.875,
      0.8571428571428571,
      0.8571428571428571,
      0.8823529411764706
    ],
    "size": 30,
    "total": 25.6669536346007,
    "min": 0.8181818181818182,
    "q1": 0.8461538461538461,
    "median": 0.8571428571428571,
    "q3": 0.8666666666666667,
    "max": 0.8823529411764706,
    "mean": 0.8555651211533566,
    "sd": 0.015252520352952076
  },
  "all_specificity": {
    "name": "all_specificity",