{
  "prevalence": 0.02804878048780488,
  "all_n": {
    "name": "all_n",
    "population": [
      1640,
      1640,
      1640,
      1640,
      1640,
      1640,
      1640,
      1640,
      1640,
      1640,
      1640,
      1640,
      1640,
      1640,
      1640,
      1640,
      1640,
      1640,
      1640,
      1640,
      1640,
      1640,
      1640,
      1640,
      1640,
      1640,
      1640,
      1640,
      1640,
      1640
    ],
    "size": 30,
    "total": 49200,
    "min": 1640,
    "q1": 1640,
    "median": 1640.0,
    "q3": 1640,
    "max": 1640,
    "mean": 1640.0,
    "sd": 0.0
  },
  "all_tp": {
    "name": "all_tp",
    "population": [
      44,
      44,
      44,
      44,
      44,
      44,
      44,
      44,
      44,
      44,
      44,
      44,
      44,
      44,
      44,
      44,
      44,
      44,
      44,
      44,
      44,
      44,
      44,
      44,
      45,
      44,
      44,
      44,
      44,
      44
    ],
    "size": 30,
    "total": 1321,
    "min": 44,
    "q1": 44,
    "median": 44.0,
    "q3": 44,
    "max": 45,
    "mean": 44.03333333333333,
    "sd": 0.17950549357115012
  },
  "all_tn": {
    "name": "all_tn",
    "population": [
      1593,
      1594,
      1593,
      1594,
      1593,
      1593,
      1594,
      1594,
      1594,
      1594,
      1593,
      1593,
      1594,
      1594,
      1594,
      1594,
      1593,
      1594,
      1593,
      1593,
      1593,
      1593,
      1593,
      1592,
      1593,
      1593,
      1593,
      1593,
      1593,
      1593
    ],
    "size": 30,
    "total": 47800,
    "min": 1592,
    "q1": 1593,
    "median": 1593.0,
    "q3": 1594,
    "max": 1594,
    "mean": 1593.3333333333333,
    "sd": 0.5374838498865702
  },
  "all_fp": {
    "name": "all_fp",
    "population": [
      1,
      0,
      1,
      0,
      1,
      1,
      0,
      0,
      0,
      0,
      1,
      1,
      0,
      0,
      0,
      0,
      1,
      0,
      1,
      1,
      1,
      1,
      1,
      2,
      1,
      1,
      1,
      1,
      1,
      1
    ],
    "size": 30,
    "total": 20,
    "min": 0,
    "q1": 0,
    "median": 1.0,
    "q3": 1,
    "max": 2,
    "mean": 0.6666666666666666,
    "sd": 0.5374838498865699
  },
  "all_fn": {
    "name": "all_fn",
    "population": [
      2,
      2,
      2,
      2,
      2,
      2,
      2,
      2,
      2,
      2,
      2,
      2,
      2,
      2,
      2,
      2,
      2,
      2,
      2,
      2,
      2,
      2,
      2,
      2,
      1,
      2,
      2,
      2,
      2,
      2
    ],
    "size": 30,
    "total": 59,
    "min": 1,
    "q1": 2,
    "median": 2.0,
    "q3": 2,
    "max": 2,
    "mean": 1.9666666666666666,
    "sd": 0.17950549357115012
  },
  "all_accuracy": {
    "name": "all_accuracy",
    "population": [
      0.9981707317073171,
      0.998780487804878,
      0.9981707317073171,
      0.998780487804878,
      0.9981707317073171,
      0.9981707317073171,
      0.998780487804878,
      0.998780487804878,
      0.998780487804878,
      0.998780487804878,
      0.9981707317073171,
      0.9981707317073171,
      0.998780487804878,
      0.998780487804878,
      0.998780487804878,
      0.998780487804878,
      0.9981707317073171,
      0.998780487804878,
      0.9981707317073171,
      0.9981707317073171,
      0.9981707317073171,
      0.9981707317073171,
      0.9981707317073171,
      0.9975609756097561,
      0.998780487804878,
      0.9981707317073171,
      0.9981707317073171,
      0.9981707317073171,
      0.9981707317073171,
      0.9981707317073171
    ],
    "size": 30,
    "total": 29.9518292682927,
    "min": 0.9975609756097561,
    "q1": 0.9981707317073171,
    "median": 0.9981707317073171,
    "q3": 0.998780487804878,
    "max": 0.998780487804878,
    "mean": 0.9983943089430899,
    "sd": 0.0003333581192450558
  },
  "all_balanced_accuracy": {
    "name": "all_balanced_accuracy",
    "population": [
      0.98826192964124,
      0.9993734335839599,
      0.98826192964124,
      0.9993734335839599,
      0.98826192964124,
      0.98826192964124,
      0.9993734335839599,
      0.9993734335839599,
      0.9993734335839599,
      0.9993734335839599,
      0.98826192964124,
      0.98826192964124,
      0.9993734335839599,
      0.9993734335839599,
      0.9993734335839599,
      0.9993734335839599,
      0.98826192964124,
      0.9993734335839599,
      0.98826192964124,
      0.98826192964124,
      0.98826192964124,
      0.98826192964124,
      0.98826192964124,
      0.9776335169930719,
      0.9888167584965359,
      0.98826192964124,
      0.98826192964124,
      0.98826192964124,
      0.98826192964124,
      0.98826192964124
    ],
    "size": 30,
    "total": 29.76001084881425,
    "min": 0.9776335169930719,
    "q1": 0.98826192964124,
    "median": 0.98826192964124,
    "q3": 0.9993734335839599,
    "max": 0.9993734335839599,
    "mean": 0.9920003616271417,
    "sd": 0.005922036523702321
  },
  "all_f1": {
    "name": "all_f1",
    "population": [
      0.967032967032967,
      0.9777777777777777,
      0.967032967032967,
      0.9777777777777777,
      0.967032967032967,
      0.967032967032967,
      0.9777777777777777,
      0.9777777777777777,
      0.9777777777777777,
      0.9777777777777777,
      0.967032967032967,
      0.967032967032967,
      0.9777777777777777,
      0.9777777777777777,
      0.9777777777777777,
      0.9777777777777777,
      0.967032967032967,
      0.9777777777777777,
      0.967032967032967,
      0.967032967032967,
      0.967032967032967,
      0.967032967032967,
      0.967032967032967,
      0.9565217391304348,
      0.9782608695652174,
      0.967032967032967,
      0.967032967032967,
      0.967032967032967,
      0.967032967032967,
      0.967032967032967
    ],
    "size": 30,
    "total": 29.129898603811647,
    "min": 0.9565217391304348,
    "q1": 0.967032967032967,
    "median": 0.967032967032967,
    "q3": 0.9777777777777777,
    "max": 0.9782608695652174,
    "mean": 0.9709966201270549,
    "sd": 0.005874225818903891
  },
  "all_recall": {
    "name": "all_recall",
    "population": [
      0.9565217391304348,
      0.9565217391304348,
      0.9565217391304348,
      0.9565217391304348,
      0.9565217391304348,
      0.9565217391304348,
      0.9565217391304348,
      0.9565217391304348,
      0.9565217391304348,
      0.9565217391304348,
      0.9565217391304348,
      0.9565217391304348,
      0.9565217391304348,
      0.9565217391304348,
      0.9565217391304348,
      0.9565217391304348,
      0.9565217391304348,
      0.9565217391304348,
      0.9565217391304348,
      0.9565217391304348,
      0.9565217391304348,
      0.9565217391304348,
      0.9565217391304348,
      0.9565217391304348,
      0.9782608695652174,
      0.9565217391304348,
      0.9565217391304348,
      0.9565217391304348,
      0.9565217391304348,
      0.9565217391304348
    ],
    "size": 30,
    "total": 28.717391304347817,
    "min": 0.9565217391304348,
    "q1": 0.9565217391304348,
    "median": 0.9565217391304348,
    "q3": 0.9565217391304348,
    "max": 0.9782608695652174,
    "mean": 0.9572463768115939,
    "sd": 0.003902293338503261
  },
  "all_precision": {
    "name": "all_precision",
    "population": [
      0.9777777777777777,
      1.0,
      0.9777777777777777,
      1.0,
      0.9777777777777777,
      0.9777777777777777,
      1.0,
      1.0,
      1.0,
      1.0,
      0.9777777777777777,
      0.9777777777777777,
      1.0,
      1.0,
      1.0,
      1.0,
      0.9777777777777777,
      1.0,
      0.9777777777777777,
      0.9777777777777777,
      0.9777777777777777,
      0.9777777777777777,
      0.9777777777777777,
      0.9565217391304348,
      0.9782608695652174,
      0.9777777777777777,
      0.9777777777777777,
      0.9777777777777777,
      0.9777777777777777,
      0.9777777777777777
    ],
    "size": 30,
    "total": 29.557004830917876,
    "min": 0.9565217391304348,