{
  "prevalence": 0.02804878048780488,
  "all_n": {
    "name": "all_n",
    "population": [
      1640,
      1640,
      1640,
      1640,
      1640,
      1640,
      1640,
      1640,
      1640,
      1640,
      1640,
      1640,
      1640,
      1640,
      1640,
      1640,
      1640,
      1640,
      1640,
      1640,
      1640,
      1640,
      1640,
      1640,
      1640,
      1640,
      1640,
      1640,
      1640,
      1640
    ],
    "size": 30,
    "total": 49200,
    "min": 1640,
    "q1": 1640,
    "median": 1640.0,
    "q3": 1640,
    "max": 1640,
    "mean": 1640.0,
    "sd": 0.0
  },
  "all_tp": {
    "name": "all_tp",
    "population": [
      43,
      43,
      43,
      43,
      43,
      43,
      43,
      43,
      43,
      43,
      43,
      43,
      43,
      43,
      43,
      43,
      43,
      43,
      43,
      43,
      43,
      42,
      43,
      40,
      42,
      41,
      41,
      42,
      42,
      42
    ],
    "size": 30,
    "total": 1278,
    "min": 40,
    "q1": 42,
    "median": 43.0,
    "q3": 43,
    "max": 43,
    "mean": 42.6,
    "sd": 0.7571877794400366
  },
  "all_tn": {
    "name": "all_tn",
    "population": [
      1593,
      1593,
      1593,
      1593,
      1593,
      1593,
      1593,
      1593,
      1593,
      1593,
      1593,
      1593,
      1593,
      1593,
      1593,
      1593,
      1593,
      1593,
      1593,
      1593,
      1593,
      1594,
      1593,
      1594,
      1594,
      1593,
      1593,
      1593,
      1593,
      1593
    ],
    "size": 30,
    "total": 47793,
    "min": 1593,
    "q1": 1593,
    "median": 1593.0,
    "q3": 1593,
    "max": 1594,
    "mean": 1593.1,
    "sd": 0.30000000000000004
  },
  "all_fp": {
    "name": "all_fp",
    "population": [
      1,
      1,
      1,
      1,
      1,
      1,
      1,
      1,
      1,
      1,
      1,
      1,
      1,
      1,
      1,
      1,
      1,
      1,
      1,
      1,
      1,
      0,
      1,
      0,
      0,
      1,
      1,
      1,
      1,
      1
    ],
    "size": 30,
    "total": 27,
    "min": 0,
    "q1": 1,
    "median": 1.0,
    "q3": 1,
    "max": 1,
    "mean": 0.9,
    "sd": 0.3
  },
  "all_fn": {
    "name": "all_fn",
    "population": [
      3,
      3,
      3,
      3,
      3,
      3,
      3,
      3,
      3,
      3,
      3,
      3,
      3,
      3,
      3,
      3,
      3,
      3,
      3,
      3,
      3,
      4,
      3,
      6,
      4,
      5,
      5,
      4,
      4,
      4
    ],
    "size": 30,
    "total": 102,
    "min": 3,
    "q1": 3,
    "median": 3.0,
    "q3": 4,
    "max": 6,
    "mean": 3.4,
    "sd": 0.7571877794400365
  },
  "all_accuracy": {
    "name": "all_accuracy",
    "population": [
      0.9975609756097561,
      0.9975609756097561,
      0.9975609756097561,
      0.9975609756097561,
      0.9975609756097561,
      0.9975609756097561,
      0.9975609756097561,
      0.9975609756097561,
      0.9975609756097561,
      0.9975609756097561,
      0.9975609756097561,
      0.9975609756097561,
      0.9975609756097561,
      0.9975609756097561,
      0.9975609756097561,
      0.9975609756097561,
      0.9975609756097561,
      0.9975609756097561,
      0.9975609756097561,
      0.9975609756097561,
      0.9975609756097561,
      0.9975609756097561,
      0.9975609756097561,
      0.9963414634146341,
      0.9975609756097561,
      0.9963414634146341,
      0.9963414634146341,
      0.9969512195121951,
      0.9969512195121951,
      0.9969512195121951
    ],
    "size": 30,
    "total": 29.921341463414628,
    "min": 0.9963414634146341,
    "q1": 0.9975609756097561,
    "median": 0.9975609756097561,
    "q3": 0.9975609756097561,
    "max": 0.9975609756097561,
    "mean": 0.9973780487804876,
    "sd": 0.0003904344047215155
  },
  "all_balanced_accuracy": {
    "name": "all_balanced_accuracy",
    "population": [
      0.9876965140123035,
      0.9876965140123035,
      0.9876965140123035,
      0.9876965140123035,
      0.9876965140123035,
      0.9876965140123035,
      0.9876965140123035,
      0.9876965140123035,
      0.9876965140123035,
      0.9876965140123035,
      0.9876965140123035,
      0.9876965140123035,
      0.9876965140123035,
      0.9876965140123035,
      0.9876965140123035,
      0.9876965140123035,
      0.9876965140123035,
      0.9876965140123035,
      0.9876965140123035,
      0.9876965140123035,
      0.9876965140123035,
      0.9987484355444305,
      0.9876965140123035,
      0.9981249999999999,
      0.9987484355444305,
      0.9865307825257763,
      0.9865307825257763,
      0.9871197448704694,
      0.9871197448704694,
      0.9871197448704694
    ],
    "size": 30,
    "total": 29.659365979022486,
    "min": 0.9865307825257763,
    "q1": 0.9876965140123035,
    "median": 0.9876965140123035,
    "q3": 0.9876965140123035,
    "max": 0.9987484355444305,
    "mean": 0.9886455326340828,
    "sd": 0.003315318066651113
  },
  "all_f1": {
    "name": "all_f1",
    "population": [
      0.9555555555555557,
      0.9555555555555557,
      0.9555555555555557,
      0.9555555555555557,
      0.9555555555555557,
      0.9555555555555557,
      0.9555555555555557,
      0.9555555555555557,
      0.9555555555555557,
      0.9555555555555557,
      0.9555555555555557,
      0.9555555555555557,
      0.9555555555555557,
      0.9555555555555557,
      0.9555555555555557,
      0.9555555555555557,
      0.9555555555555557,
      0.9555555555555557,
      0.9555555555555557,
      0.9555555555555557,
      0.9555555555555557,
      0.9545454545454545,
      0.9555555555555557,
      0.9302325581395349,
      0.9545454545454545,
      0.9318181818181818,
      0.9318181818181818,
      0.9438202247191011,
      0.9438202247191011,
      0.9438202247191011
    ],
    "size": 30,
    "total": 28.556642727246338,
    "min": 0.9302325581395349,
    "q1": 0.9545454545454545,
    "median": 0.9555555555555557,
    "q3": 0.9555555555555557,
    "max": 0.9555555555555557,
    "mean": 0.9518880909082112,
    "sd": 0.007702522728444298
  },
  "all_recall": {
    "name": "all_recall",
    "population": [
      0.9347826086956522,
      0.9347826086956522,
      0.9347826086956522,
      0.9347826086956522,
      0.9347826086956522,
      0.9347826086956522,
      0.9347826086956522,
      0.9347826086956522,
      0.9347826086956522,
      0.9347826086956522,
      0.9347826086956522,
      0.9347826086956522,
      0.9347826086956522,
      0.9347826086956522,
      0.9347826086956522,
      0.9347826086956522,
      0.9347826086956522,
      0.9347826086956522,
      0.9347826086956522,
      0.9347826086956522,
      0.9347826086956522,
      0.9130434782608695,
      0.9347826086956522,
      0.8695652173913043,
      0.9130434782608695,
      0.8913043478260869,
      0.8913043478260869,
      0.9130434782608695,
      0.9130434782608695,
      0.9130434782608695
    ],
    "size": 30,
    "total": 27.78260869565218,
    "min": 0.8695652173913043,
    "q1": 0.9130434782608695,
    "median": 0.9347826086956522,
    "q3": 0.9347826086956522,
    "max": 0.9347826086956522,
    "mean": 0.9260869565217393,
    "sd": 0.01646060390087039
  },
  "all_precision": {
    "name": "all_precision",