{
  "prevalence": 0.02804878048780488,
  "all_n": {
    "name": "all_n",
    "population": [
      1640,
      1640,
      1640,
      1640,
      1640,
      1640,
      1640,
      1640,
      1640,
      1640,
      1640,
      1640,
      1640,
      1640,
      1640,
      1640,
      1640,
      1640,
      1640,
      1640,
      1640,
      1640,
      1640,
      1640,
      1640,
      1640,
      1640,
      1640,
      1640,
      1640
    ],
    "size": 30,
    "total": 49200,
    "min": 1640,
    "q1": 1640,
    "median": 1640.0,
    "q3": 1640,
    "max": 1640,
    "mean": 1640.0,
    "sd": 0.0
  },
  "all_tp": {
    "name": "all_tp",
    "population": [
      42,
      42,
      42,
      42,
      42,
      42,
      42,
      42,
      42,
      42,
      42,
      42,
      42,
      42,
      42,
      42,
      42,
      42,
      42,
      42,
      42,
      42,
      42,
      42,
      42,
      42,
      42,
      42,
      42,
      42
    ],
    "size": 30,
    "total": 1260,
    "min": 42,
    "q1": 42,
    "median": 42.0,
    "q3": 42,
    "max": 42,
    "mean": 42.0,
    "sd": 0.0
  },
  "all_tn": {
    "name": "all_tn",
    "population": [
      1591,
      1592,
      1592,
      1592,
      1592,
      1592,
      1592,
      1592,
      1592,
      1592,
      1592,
      1592,
      1591,
      1591,
      1592,
      1592,
      1591,
      1592,
      1591,
      1591,
      1592,
      1592,
      1592,
      1592,
      1591,
      1592,
      1592,
      1591,
      1591,
      1592
    ],
    "size": 30,
    "total": 47751,
    "min": 1591,
    "q1": 1591,
    "median": 1592.0,
    "q3": 1592,
    "max": 1592,
    "mean": 1591.7,
    "sd": 0.4582575694955839
  },
  "all_fp": {
    "name": "all_fp",
    "population": [
      3,
      2,
      2,
      2,
      2,
      2,
      2,
      2,
      2,
      2,
      2,
      2,
      3,
      3,
      2,
      2,
      3,
      2,
      3,
      3,
      2,
      2,
      2,
      2,
      3,
      2,
      2,
      3,
      3,
      2
    ],
    "size": 30,
    "total": 69,
    "min": 2,
    "q1": 2,
    "median": 2.0,
    "q3": 3,
    "max": 3,
    "mean": 2.3,
    "sd": 0.458257569495584
  },
  "all_fn": {
    "name": "all_fn",
    "population": [
      4,
      4,
      4,
      4,
      4,
      4,
      4,
      4,
      4,
      4,
      4,
      4,
      4,
      4,
      4,
      4,
      4,
      4,
      4,
      4,
      4,
      4,
      4,
      4,
      4,
      4,
      4,
      4,
      4,
      4
    ],
    "size": 30,
    "total": 120,
    "min": 4,
    "q1": 4,
    "median": 4.0,
    "q3": 4,
    "max": 4,
    "mean": 4.0,
    "sd": 0.0
  },
  "all_accuracy": {
    "name": "all_accuracy",
    "population": [
      0.9957317073170732,
      0.9963414634146341,
      0.9963414634146341,
      0.9963414634146341,
      0.9963414634146341,
      0.9963414634146341,
      0.9963414634146341,
      0.9963414634146341,
      0.9963414634146341,
      0.9963414634146341,
      0.9963414634146341,
      0.9963414634146341,
      0.9957317073170732,
      0.9957317073170732,
      0.9963414634146341,
      0.9963414634146341,
      0.9957317073170732,
      0.9963414634146341,
      0.9957317073170732,
      0.9957317073170732,
      0.9963414634146341,
      0.9963414634146341,
      0.9963414634146341,
      0.9963414634146341,
      0.9957317073170732,
      0.9963414634146341,
      0.9963414634146341,
      0.9957317073170732,
      0.9957317073170732,
      0.9963414634146341
    ],
    "size": 30,
    "total": 29.884756097560974,
    "min": 0.9957317073170732,
    "q1": 0.9957317073170732,
    "median": 0.9963414634146341,
    "q3": 0.9963414634146341,
    "max": 0.9963414634146341,
    "mean": 0.9961585365853658,
    "sd": 0.00027942534725340515
  },
  "all_balanced_accuracy": {
    "name": "all_balanced_accuracy",
    "population": [
      0.9654127481713688,
      0.9760195944406471,
      0.9760195944406471,
      0.9760195944406471,
      0.9760195944406471,
      0.9760195944406471,
      0.9760195944406471,
      0.9760195944406471,
      0.9760195944406471,
      0.9760195944406471,
      0.9760195944406471,
      0.9760195944406471,
      0.9654127481713688,
      0.9654127481713688,
      0.9760195944406471,
      0.9760195944406471,
      0.9654127481713688,
      0.9760195944406471,
      0.9654127481713688,
      0.9654127481713688,
      0.9760195944406471,
      0.9760195944406471,
      0.9760195944406471,
      0.9760195944406471,
      0.9654127481713688,
      0.9760195944406471,
      0.9760195944406471,
      0.9654127481713688,
      0.9654127481713688,
      0.9760195944406471
    ],
    "size": 30,
    "total": 29.185126216795897,
    "min": 0.9654127481713688,
    "q1": 0.9654127481713688,
    "median": 0.9760195944406471,
    "q3": 0.9760195944406471,
    "max": 0.9760195944406471,
    "mean": 0.9728375405598633,
    "sd": 0.004860667591372788
  },
  "all_f1": {
    "name": "all_f1",
    "population": [
      0.9230769230769231,
      0.9333333333333332,
      0.9333333333333332,
      0.9333333333333332,
      0.9333333333333332,
      0.9333333333333332,
      0.9333333333333332,
      0.9333333333333332,
      0.9333333333333332,
      0.9333333333333332,
      0.9333333333333332,
      0.9333333333333332,
      0.9230769230769231,
      0.9230769230769231,
      0.9333333333333332,
      0.9333333333333332,
      0.9230769230769231,
      0.9333333333333332,
      0.9230769230769231,
      0.9230769230769231,
      0.9333333333333332,
      0.9333333333333332,
      0.9333333333333332,
      0.9333333333333332,
      0.9230769230769231,
      0.9333333333333332,
      0.9333333333333332,
      0.9230769230769231,
      0.9230769230769231,
      0.9333333333333332
    ],
    "size": 30,
    "total": 27.90769230769231,
    "min": 0.9230769230769231,
    "q1": 0.9230769230769231,
    "median": 0.9333333333333332,
    "q3": 0.9333333333333332,
    "max": 0.9333333333333332,
    "mean": 0.9302564102564104,
    "sd": 0.004700077635852076
  },
  "all_recall": {
    "name": "all_recall",
    "population": [
      0.9130434782608695,
      0.9130434782608695,
      0.9130434782608695,
      0.9130434782608695,
      0.9130434782608695,
      0.9130434782608695,
      0.9130434782608695,
      0.9130434782608695,
      0.9130434782608695,
      0.9130434782608695,
      0.9130434782608695,
      0.9130434782608695,
      0.9130434782608695,
      0.9130434782608695,
      0.9130434782608695,
      0.9130434782608695,
      0.9130434782608695,
      0.9130434782608695,
      0.9130434782608695,
      0.9130434782608695,
      0.9130434782608695,
      0.9130434782608695,
      0.9130434782608695,
      0.9130434782608695,
      0.9130434782608695,
      0.9130434782608695,
      0.9130434782608695,
      0.9130434782608695,
      0.9130434782608695,
      0.9130434782608695
    ],
    "size": 30,
    "total": 27.3913043478261,
    "min": 0.9130434782608695,
    "q1": 0.9130434782608695,
    "median": 0.9130434782608695,
    "q3": 0.9130434782608695,
    "max": 0.9130434782608695,
    "mean": 0.91304347826087,
    "sd": 4.440892098500626e-16
  },
  "all_precision": {
    "name": "all_precision",