{
  "prevalence": 0.16666666666666666,
  "n": 120,
  "tp": 19,
  "tn": 82,
  "fp": 18,
  "fn": 1,
  "accuracy": 0.8416666666666667,
  "balanced_accuracy": 0.7507326603712146,
  "f1": 0.6666666666666667,
  "recall": 0.95,
  "precision": 0.5135135135135135,
  "specificity": 0.9879518072289156,
  "err": 0
}