{
  "prevalence": 0.16666666666666666,
  "n": 120,
  "tp": 15,
  "tn": 89,
  "fp": 11,
  "fn": 5,
  "accuracy": 0.8666666666666667,
  "balanced_accuracy": 0.7618657937806874,
  "f1": 0.6521739130434783,
  "recall": 0.75,
  "precision": 0.5769230769230769,
  "specificity": 0.9468085106382979,
  "err": 0
}