{
  "prevalence": 0.16666666666666666,
  "n": 120,
  "tp": 11,
  "tn": 94,
  "fp": 6,
  "fn": 9,
  "accuracy": 0.875,
  "balanced_accuracy": 0.7798400913763563,
  "f1": 0.5945945945945946,
  "recall": 0.55,
  "precision": 0.6470588235294118,
  "specificity": 0.912621359223301,
  "err": 0
}