{
  "prevalence": 0.02804878048780488,
  "n": 1640,
  "tp": 19,
  "tn": 1543,
  "fp": 51,
  "fn": 27,
  "accuracy": 0.9524390243902439,
  "balanced_accuracy": 0.627115559599636,
  "f1": 0.3275862068965517,
  "recall": 0.41304347826086957,
  "precision": 0.2714285714285714,
  "specificity": 0.9828025477707006,
  "err": 18
}