{
  "prevalence": 0.02804878048780488,
  "n": 1640,
  "tp": 46,
  "tn": 1576,
  "fp": 18,
  "fn": 0,
  "accuracy": 0.9890243902439024,
  "balanced_accuracy": 0.859375,
  "f1": 0.8363636363636363,
  "recall": 1.0,
  "precision": 0.71875,
  "specificity": 1.0,
  "err": 0
}