{
  "prevalence": 0.02804878048780488,
  "n": 1640,
  "tp": 19,
  "tn": 1544,
  "fp": 50,
  "fn": 27,
  "accuracy": 0.9530487804878048,
  "balanced_accuracy": 0.6290879067150066,
  "f1": 0.3304347826086957,
  "recall": 0.41304347826086957,
  "precision": 0.2753623188405797,
  "specificity": 0.9828134945894335,
  "err": 18
}