{
  "prevalence": 0.16666666666666666,
  "n": 120,
  "tp": 17,
  "tn": 83,
  "fp": 17,
  "fn": 3,
  "accuracy": 0.8333333333333334,
  "balanced_accuracy": 0.7325581395348837,
  "f1": 0.6296296296296295,
  "recall": 0.85,
  "precision": 0.5,
  "specificity": 0.9651162790697675,
  "err": 0
}