{
  "prevalence": 0.16666666666666666,
  "all_n": {
    "name": "all_n",
    "population": [
      120,
      120,
      120,
      120,
      120,
      120,
      120,
      120,
      120,
      120,
      120,
      120,
      120,
      120,
      120,
      120,
      120,
      120,
      120,
      120,
      120,
      120,
      120,
      120,
      120,
      120,
      120,
      120,
      120,
      120
    ],
    "size": 30,
    "total": 3600,
    "min": 120,
    "q1": 120,
    "median": 120.0,
    "q3": 120,
    "max": 120,
    "mean": 120.0,
    "sd": 0.0
  },
  "all_tp": {
    "name": "all_tp",
    "population": [
      13,
      11,
      14,
      13,
      11,
      13,
      13,
      12,
      12,
      14,
      13,
      12,
      13,
      11,
      13,
      11,
      13,
      13,
      14,
      13,
      13,
      11,
      13,
      11,
      10,
      13,
      13,
      13,
      13,
      13
    ],
    "size": 30,
    "total": 375,
    "min": 10,
    "q1": 12,
    "median": 13.0,
    "q3": 13,
    "max": 14,
    "mean": 12.5,
    "sd": 1.02469507659596
  },
  "all_tn": {
    "name": "all_tn",
    "population": [
      88,
      88,
      88,
      88,
      88,
      88,
      88,
      88,
      88,
      88,
      88,
      88,
      88,
      88,
      88,
      88,
      88,
      88,
      88,
      88,
      88,
      88,
      88,
      88,
      88,
      97,
      97,
      88,
      96,
      88
    ],
    "size": 30,
    "total": 2666,
    "min": 88,
    "q1": 88,
    "median": 88.0,
    "q3": 88,
    "max": 97,
    "mean": 88.86666666666666,
    "sd": 2.604269997949948
  },
  "all_fp": {
    "name": "all_fp",
    "population": [
      12,
      12,
      12,
      12,
      12,
      12,
      12,
      12,
      12,
      12,
      12,
      12,
      12,
      12,
      12,
      12,
      12,
      12,
      12,
      12,
      12,
      12,
      12,
      12,
      12,
      3,
      3,
      12,
      4,
      12
    ],
    "size": 30,
    "total": 334,
    "min": 3,
    "q1": 12,
    "median": 12.0,
    "q3": 12,
    "max": 12,
    "mean": 11.133333333333333,
    "sd": 2.604269997949948
  },
  "all_fn": {
    "name": "all_fn",
    "population": [
      7,
      9,
      6,
      7,
      9,
      7,
      7,
      8,
      8,
      6,
      7,
      8,
      7,
      9,
      7,
      9,
      7,
      7,
      6,
      7,
      7,
      9,
      7,
      9,
      10,
      7,
      7,
      7,
      7,
      7
    ],
    "size": 30,
    "total": 225,
    "min": 6,
    "q1": 7,
    "median": 7.0,
    "q3": 8,
    "max": 10,
    "mean": 7.5,
    "sd": 1.02469507659596
  },
  "all_accuracy": {
    "name": "all_accuracy",
    "population": [
      0.8416666666666667,
      0.825,
      0.85,
      0.8416666666666667,
      0.825,
      0.8416666666666667,
      0.8416666666666667,
      0.8333333333333334,
      0.8333333333333334,
      0.85,
      0.8416666666666667,
      0.8333333333333334,
      0.8416666666666667,
      0.825,
      0.8416666666666667,
      0.825,
      0.8416666666666667,
      0.8416666666666667,
      0.85,
      0.8416666666666667,
      0.8416666666666667,
      0.825,
      0.8416666666666667,
      0.825,
      0.8166666666666667,
      0.9166666666666666,
      0.9166666666666666,
      0.8416666666666667,
      0.9083333333333333,
      0.8416666666666667
    ],
    "size": 30,
    "total": 25.34166666666666,
    "min": 0.8166666666666667,
    "q1": 0.8333333333333334,
    "median": 0.8416666666666667,
    "q3": 0.8416666666666667,
    "max": 0.9166666666666666,
    "mean": 0.844722222222222,
    "sd": 0.024578232364692938
  },
  "all_balanced_accuracy": {
    "name": "all_balanced_accuracy",
    "population": [
      0.7231578947368421,
      0.6927386822052891,
      0.7373158756137479,
      0.7231578947368421,
      0.6927386822052891,
      0.7231578947368421,
      0.7231578947368421,
      0.7083333333333333,
      0.7083333333333333,
      0.7373158756137479,
      0.7231578947368421,
      0.7083333333333333,
      0.7231578947368421,
      0.6927386822052891,
      0.7231578947368421,
      0.6927386822052891,
      0.7231578947368421,
      0.7231578947368421,
      0.7373158756137479,
      0.7231578947368421,
      0.7231578947368421,
      0.6927386822052891,
      0.7231578947368421,
      0.6927386822052891,
      0.6762523191094619,
      0.8725961538461539,
      0.8725961538461539,
      0.7231578947368421,
      0.8483723586521987,
      0.7231578947368421
    ],
    "size": 30,
    "total": 21.887407231842737,
    "min": 0.6762523191094619,
    "q1": 0.7083333333333333,
    "median": 0.7231578947368421,
    "q3": 0.7231578947368421,
    "max": 0.8725961538461539,
    "mean": 0.7295802410614246,
    "sd": 0.0476506749433114
  },
  "all_f1": {
    "name": "all_f1",
    "population": [
      0.5777777777777778,
      0.5116279069767442,
      0.608695652173913,
      0.5777777777777778,
      0.5116279069767442,
      0.5777777777777778,
      0.5777777777777778,
      0.5454545454545454,
      0.5454545454545454,
      0.608695652173913,
      0.5777777777777778,
      0.5454545454545454,
      0.5777777777777778,
      0.5116279069767442,
      0.5777777777777778,
      0.5116279069767442,
      0.5777777777777778,
      0.5777777777777778,
      0.608695652173913,
      0.5777777777777778,
      0.5777777777777778,
      0.5116279069767442,
      0.5777777777777778,
      0.5116279069767442,
      0.47619047619047616,
      0.7222222222222223,
      0.7222222222222223,
      0.5777777777777778,
      0.7027027027027027,
      0.5777777777777778
    ],
    "size": 30,
    "total": 17.244444546972353,
    "min": 0.47619047619047616,
    "q1": 0.5454545454545454,
    "median": 0.5777777777777778,
    "q3": 0.5777777777777778,
    "max": 0.7222222222222223,
    "mean": 0.5748148182324118,
    "sd": 0.05763337842256078
  },
  "all_recall": {
    "name": "all_recall",
    "population": [
      0.65,
      0.55,
      0.7,
      0.65,
      0.55,
      0.65,
      0.65,
      0.6,
      0.6,
      0.7,
      0.65,
      0.6,
      0.65,
      0.55,
      0.65,
      0.55,
      0.65,
      0.65,
      0.7,
      0.65,
      0.65,
      0.55,
      0.65,
      0.55,
      0.5,
      0.65,
      0.65,
      0.65,
      0.65,
      0.65
    ],
    "size": 30,
    "total": 18.749999999999996,
    "min": 0.5,
    "q1": 0.6,
    "median": 0.65,
    "q3": 0.65,
    "max": 0.7,
    "mean": 0.6249999999999999,
    "sd": 0.051234753829797974
  },
  "all_precision": {
    "name": "all_precision",
    "population": [
      0.52,
      0.4782608695652174,
      0.5384615384615384,
      0.52,
      0.4782608695652174,
      0.52,
      0.52,
      0.5,
      0.5,
      0.5384615384615384,
      0.52,
      0.5,
      0.52,
      0.4782608695652174,
      0.52,
      0.4782608695652174,
      0.52,
      0.52,
      0.5384615384615384,
      0.52,
      0.52,
      0.4782608695652174,
      0.52,
      0.4782608695652174,
      0.45454545454545453,
      0.8125,
      0.8125,
      0.52,
      0.7647058823529411,
      0.52
    ],
    "size": 30,
    "total": 16.10920116967431,
    "min": 0.45454545454545453,
    "q1": 0.5,
    "median": 0.52,
    "q3": 0.52,
    "max": 0.8125,
    "mean": 0.536973372322477,
    "sd": 0.08931411247253163
  },
  "all_specificity": {
    "name": "all_specificity",