{
  "prevalence": 0.16666666666666666,
  "all_n": {
    "name": "all_n",
    "population": [
      120,
      120,
      120,
      120,
      120,
      120,
      120,
      120,
      120,
      120,
      120,
      120,
      120,
      120,
      120,
      120,
      120,
      120,
      120,
      120,
      120,
      120,
      120,
      120,
      120,
      120,
      120,
      120,
      120,
      120
    ],
    "size": 30,
    "total": 3600,
    "min": 120,
    "q1": 120,
    "median": 120.0,
    "q3": 120,
    "max": 120,
    "mean": 120.0,
    "sd": 0.0
  },
  "all_tp": {
    "name": "all_tp",
    "population": [
      12,
      10,
      10,
      9,
      12,
      12,
      11,
      12,
      11,
      10,
      10,
      13,
      10,
      11,
      11,
      10,
      10,
      12,
      10,
      11,
      9,
      9,
      13,
      12,
      10,
      10,
      13,
      11,
      11,
      11
    ],
    "size": 30,
    "total": 326,
    "min": 9,
    "q1": 10,
    "median": 11.0,
    "q3": 12,
    "max": 13,
    "mean": 10.866666666666667,
    "sd": 1.1469767022723503
  },
  "all_tn": {
    "name": "all_tn",
    "population": [
      97,
      97,
      97,
      97,
      97,
      97,
      97,
      97,
      97,
      97,
      97,
      97,
      97,
      97,
      97,
      97,
      97,
      97,
      98,
      98,
      97,
      97,
      97,
      97,
      97,
      97,
      97,
      97,
      97,
      97
    ],
    "size": 30,
    "total": 2912,
    "min": 97,
    "q1": 97,
    "median": 97.0,
    "q3": 97,
    "max": 98,
    "mean": 97.06666666666666,
    "sd": 0.2494438257849295
  },
  "all_fp": {
    "name": "all_fp",
    "population": [
      3,
      3,
      3,
      3,
      3,
      3,
      3,
      3,
      3,
      3,
      3,
      3,
      3,
      3,
      3,
      3,
      3,
      3,
      2,
      2,
      3,
      3,
      3,
      3,
      3,
      3,
      3,
      3,
      3,
      3
    ],
    "size": 30,
    "total": 88,
    "min": 2,
    "q1": 3,
    "median": 3.0,
    "q3": 3,
    "max": 3,
    "mean": 2.933333333333333,
    "sd": 0.24944382578492943
  },
  "all_fn": {
    "name": "all_fn",
    "population": [
      8,
      10,
      10,
      11,
      8,
      8,
      9,
      8,
      9,
      10,
      10,
      7,
      10,
      9,
      9,
      10,
      10,
      8,
      10,
      9,
      11,
      11,
      7,
      8,
      10,
      10,
      7,
      9,
      9,
      9
    ],
    "size": 30,
    "total": 274,
    "min": 7,
    "q1": 8,
    "median": 9.0,
    "q3": 10,
    "max": 11,
    "mean": 9.133333333333333,
    "sd": 1.1469767022723503
  },
  "all_accuracy": {
    "name": "all_accuracy",
    "population": [
      0.9083333333333333,
      0.8916666666666667,
      0.8916666666666667,
      0.8833333333333333,
      0.9083333333333333,
      0.9083333333333333,
      0.9,
      0.9083333333333333,
      0.9,
      0.8916666666666667,
      0.8916666666666667,
      0.9166666666666666,
      0.8916666666666667,
      0.9,
      0.9,
      0.8916666666666667,
      0.8916666666666667,
      0.9083333333333333,
      0.9,
      0.9083333333333333,
      0.8833333333333333,
      0.8833333333333333,
      0.9166666666666666,
      0.9083333333333333,
      0.8916666666666667,
      0.8916666666666667,
      0.9166666666666666,
      0.9,
      0.9,
      0.9
    ],
    "size": 30,
    "total": 26.983333333333334,
    "min": 0.8833333333333333,
    "q1": 0.8916666666666667,
    "median": 0.9,
    "q3": 0.9083333333333333,
    "max": 0.9166666666666666,
    "mean": 0.8994444444444445,
    "sd": 0.009606453592105864
  },
  "all_balanced_accuracy": {
    "name": "all_balanced_accuracy",
    "population": [
      0.861904761904762,
      0.8378864126527679,
      0.8378864126527679,
      0.8240740740740741,
      0.861904761904762,
      0.861904761904762,
      0.8504043126684636,
      0.861904761904762,
      0.8504043126684636,
      0.8378864126527679,
      0.8378864126527679,
      0.8725961538461539,
      0.8378864126527679,
      0.8504043126684636,
      0.8504043126684636,
      0.8378864126527679,
      0.8378864126527679,
      0.861904761904762,
      0.8703703703703705,
      0.8810208483105679,
      0.8240740740740741,
      0.8240740740740741,
      0.8725961538461539,
      0.861904761904762,
      0.8378864126527679,
      0.8378864126527679,
      0.8725961538461539,
      0.8504043126684636,
      0.8504043126684636,
      0.8504043126684636
    ],
    "size": 30,
    "total": 25.506638376424345,
    "min": 0.8240740740740741,
    "q1": 0.8378864126527679,
    "median": 0.8504043126684636,
    "q3": 0.861904761904762,
    "max": 0.8810208483105679,
    "mean": 0.8502212792141448,
    "sd": 0.015379782073060184
  },
  "all_f1": {
    "name": "all_f1",
    "population": [
      0.6857142857142857,
      0.6060606060606061,
      0.6060606060606061,
      0.5625000000000001,
      0.6857142857142857,
      0.6857142857142857,
      0.6470588235294117,
      0.6857142857142857,
      0.6470588235294117,
      0.6060606060606061,
      0.6060606060606061,
      0.7222222222222223,
      0.6060606060606061,
      0.6470588235294117,
      0.6470588235294117,
      0.6060606060606061,
      0.6060606060606061,
      0.6857142857142857,
      0.625,
      0.6666666666666667,
      0.5625000000000001,
      0.5625000000000001,
      0.7222222222222223,
      0.6857142857142857,
      0.6060606060606061,
      0.6060606060606061,
      0.7222222222222223,
      0.6470588235294117,
      0.6470588235294117,
      0.6470588235294117
    ],
    "size": 30,
    "total": 19.244076266870387,
    "min": 0.5625000000000001,
    "q1": 0.6060606060606061,
    "median": 0.6470588235294117,
    "q3": 0.6857142857142857,
    "max": 0.7222222222222223,
    "mean": 0.6414692088956796,
    "sd": 0.045616551066295495
  },
  "all_recall": {
    "name": "all_recall",
    "population": [
      0.6,
      0.5,
      0.5,
      0.45,
      0.6,
      0.6,
      0.55,
      0.6,
      0.55,
      0.5,
      0.5,
      0.65,
      0.5,
      0.55,
      0.55,
      0.5,
      0.5,
      0.6,
      0.5,
      0.55,
      0.45,
      0.45,
      0.65,
      0.6,
      0.5,
      0.5,
      0.65,
      0.55,
      0.55,
      0.55
    ],
    "size": 30,
    "total": 16.3,
    "min": 0.45,
    "q1": 0.5,
    "median": 0.55,
    "q3": 0.6,
    "max": 0.65,
    "mean": 0.5433333333333333,
    "sd": 0.057348835113617505
  },
  "all_precision": {
    "name": "all_precision",
    "population": [
      0.8,
      0.7692307692307693,
      0.7692307692307693,
      0.75,
      0.8,
      0.8,
      0.7857142857142857,
      0.8,
      0.7857142857142857,
      0.7692307692307693,
      0.7692307692307693,
      0.8125,
      0.7692307692307693,
      0.7857142857142857,
      0.7857142857142857,
      0.7692307692307693,
      0.7692307692307693,
      0.8,
      0.8333333333333334,
      0.8461538461538461,
      0.75,
      0.75,
      0.8125,
      0.8,
      0.7692307692307693,
      0.7692307692307693,
      0.8125,
      0.7857142857142857,
      0.7857142857142857,
      0.7857142857142857
    ],
    "size": 30,
    "total": 23.59006410256411,
    "min": 0.75,
    "q1": 0.7692307692307693,
    "median": 0.7857142857142857,
    "q3": 0.8,
    "max": 0.8461538461538461,
    "mean": 0.7863354700854703,
    "sd": 0.022772599602808155
  },
  "all_specificity": {
    "name": "all_specificity",