{
  "prevalence": 0.16666666666666666,
  "all_n": {
    "name": "all_n",
    "population": [
      120,
      120,
      120,
      120,
      120,
      120,
      120,
      120,
      120,
      120,
      120,
      120,
      120,
      120,
      120,
      120,
      120,
      120,
      120,
      120,
      120,
      120,
      120,
      120,
      120,
      120,
      120,
      120,
      120,
      120
    ],
    "size": 30,
    "total": 3600,
    "min": 120,
    "q1": 120,
    "median": 120.0,
    "q3": 120,
    "max": 120,
    "mean": 120.0,
    "sd": 0.0
  },
  "all_tp": {
    "name": "all_tp",
    "population": [
      7,
      7,
      7,
      9,
      7,
      7,
      7,
      7,
      7,
      7,
      7,
      7,
      7,
      7,
      7,
      7,
      7,
      7,
      7,
      7,
      7,
      7,
      7,
      7,
      7,
      7,
      7,
      7,
      7,
      7
    ],
    "size": 30,
    "total": 212,
    "min": 7,
    "q1": 7,
    "median": 7.0,
    "q3": 7,
    "max": 9,
    "mean": 7.066666666666666,
    "sd": 0.35901098714230006
  },
  "all_tn": {
    "name": "all_tn",
    "population": [
      95,
      95,
      95,
      91,
      95,
      95,
      95,
      95,
      95,
      95,
      95,
      95,
      95,
      95,
      95,
      95,
      95,
      95,
      95,
      95,
      95,
      95,
      95,
      95,
      95,
      95,
      95,
      95,
      95,
      95
    ],
    "size": 30,
    "total": 2846,
    "min": 91,
    "q1": 95,
    "median": 95.0,
    "q3": 95,
    "max": 95,
    "mean": 94.86666666666666,
    "sd": 0.7180219742846
  },
  "all_fp": {
    "name": "all_fp",
    "population": [
      5,
      5,
      5,
      9,
      5,
      5,
      5,
      5,
      5,
      5,
      5,
      5,
      5,
      5,
      5,
      5,
      5,
      5,
      5,
      5,
      5,
      5,
      5,
      5,
      5,
      5,
      5,
      5,
      5,
      5
    ],
    "size": 30,
    "total": 154,
    "min": 5,
    "q1": 5,
    "median": 5.0,
    "q3": 5,
    "max": 9,
    "mean": 5.133333333333334,
    "sd": 0.7180219742846
  },
  "all_fn": {
    "name": "all_fn",
    "population": [
      13,
      13,
      13,
      11,
      13,
      13,
      13,
      13,
      13,
      13,
      13,
      13,
      13,
      13,
      13,
      13,
      13,
      13,
      13,
      13,
      13,
      13,
      13,
      13,
      13,
      13,
      13,
      13,
      13,
      13
    ],
    "size": 30,
    "total": 388,
    "min": 11,
    "q1": 13,
    "median": 13.0,
    "q3": 13,
    "max": 13,
    "mean": 12.933333333333334,
    "sd": 0.35901098714230006
  },
  "all_accuracy": {
    "name": "all_accuracy",
    "population": [
      0.85,
      0.85,
      0.85,
      0.8333333333333334,
      0.85,
      0.85,
      0.85,
      0.85,
      0.85,
      0.85,
      0.85,
      0.85,
      0.85,
      0.85,
      0.85,
      0.85,
      0.85,
      0.85,
      0.85,
      0.85,
      0.85,
      0.85,
      0.85,
      0.85,
      0.85,
      0.85,
      0.85,
      0.85,
      0.85,
      0.85
    ],
    "size": 30,
    "total": 25.483333333333345,
    "min": 0.8333333333333334,
    "q1": 0.85,
    "median": 0.85,
    "q3": 0.85,
    "max": 0.85,
    "mean": 0.8494444444444448,
    "sd": 0.002991758226185822
  },
  "all_balanced_accuracy": {
    "name": "all_balanced_accuracy",
    "population": [
      0.7314814814814815,
      0.7314814814814815,
      0.7314814814814815,
      0.696078431372549,
      0.7314814814814815,
      0.7314814814814815,
      0.7314814814814815,
      0.7314814814814815,
      0.7314814814814815,
      0.7314814814814815,
      0.7314814814814815,
      0.7314814814814815,
      0.7314814814814815,
      0.7314814814814815,
      0.7314814814814815,
      0.7314814814814815,
      0.7314814814814815,
      0.7314814814814815,
      0.7314814814814815,
      0.7314814814814815,
      0.7314814814814815,
      0.7314814814814815,
      0.7314814814814815,
      0.7314814814814815,
      0.7314814814814815,
      0.7314814814814815,
      0.7314814814814815,
      0.7314814814814815,
      0.7314814814814815,
      0.7314814814814815
    ],
    "size": 30,
    "total": 21.909041394335503,
    "min": 0.696078431372549,
    "q1": 0.7314814814814815,
    "median": 0.7314814814814815,
    "q3": 0.7314814814814815,
    "max": 0.7314814814814815,
    "mean": 0.7303013798111835,
    "sd": 0.006355041983728086
  },
  "all_f1": {
    "name": "all_f1",
    "population": [
      0.4375,
      0.4375,
      0.4375,
      0.4736842105263158,
      0.4375,
      0.4375,
      0.4375,
      0.4375,
      0.4375,
      0.4375,
      0.4375,
      0.4375,
      0.4375,
      0.4375,
      0.4375,
      0.4375,
      0.4375,
      0.4375,
      0.4375,
      0.4375,
      0.4375,
      0.4375,
      0.4375,
      0.4375,
      0.4375,
      0.4375,
      0.4375,
      0.4375,
      0.4375,
      0.4375
    ],
    "size": 30,
    "total": 13.161184210526315,
    "min": 0.4375,
    "q1": 0.4375,
    "median": 0.4375,
    "q3": 0.4375,
    "max": 0.4736842105263158,
    "mean": 0.4387061403508772,
    "sd": 0.0064952645700087205
  },
  "all_recall": {
    "name": "all_recall",
    "population": [
      0.35,
      0.35,
      0.35,
      0.45,
      0.35,
      0.35,
      0.35,
      0.35,
      0.35,
      0.35,
      0.35,
      0.35,
      0.35,
      0.35,
      0.35,
      0.35,
      0.35,
      0.35,
      0.35,
      0.35,
      0.35,
      0.35,
      0.35,
      0.35,
      0.35,
      0.35,
      0.35,
      0.35,
      0.35,
      0.35
    ],
    "size": 30,
    "total": 10.599999999999994,
    "min": 0.35,
    "q1": 0.35,
    "median": 0.35,
    "q3": 0.35,
    "max": 0.45,
    "mean": 0.35333333333333317,
    "sd": 0.017950549357114997
  },
  "all_precision": {
    "name": "all_precision",
    "population": [
      0.5833333333333334,
      0.5833333333333334,
      0.5833333333333334,
      0.5,
      0.5833333333333334,
      0.5833333333333334,
      0.5833333333333334,
      0.5833333333333334,
      0.5833333333333334,
      0.5833333333333334,
      0.5833333333333334,
      0.5833333333333334,
      0.5833333333333334,
      0.5833333333333334,
      0.5833333333333334,
      0.5833333333333334,
      0.5833333333333334,
      0.5833333333333334,
      0.5833333333333334,
      0.5833333333333334,
      0.5833333333333334,
      0.5833333333333334,
      0.5833333333333334,
      0.5833333333333334,
      0.5833333333333334,
      0.5833333333333334,
      0.5833333333333334,
      0.5833333333333334,
      0.5833333333333334,
      0.5833333333333334
    ],
    "size": 30,
    "total": 17.41666666666667,
    "min": 0.5,
    "q1": 0.5833333333333334,
    "median": 0.5833333333333334,
    "q3": 0.5833333333333334,
    "max": 0.5833333333333334,
    "mean": 0.5805555555555557,
    "sd": 0.014958791130929185
  },
  "all_specificity": {
    "name": "all_specificity",
    "population": [
      0.8796296296296297,
      0.8796296296296297,
      0.8796296296296297,
      0.8921568627450981,
      0.8796296296296297,
      0.8796296296296297,
      0.8796296296296297,
      0.8796296296296297,
      0.8796296296296297,
      0.8796296296296297,
      0.8796296296296297,
      0.8796296296296297,
      0.8796296296296297,
      0.8796296296296297,
      0.8796296296296297,
      0.8796296296296297,
      0.8796296296296297,
      0.8796296296296297,
      0.8796296296296297,
      0.8796296296296297,
      0.8796296296296297,
      0.8796296296296297,
      0.8796296296296297,
      0.8796296296296297,
      0.8796296296296297,
      0.8796296296296297,
      0.8796296296296297,
      0.8796296296296297,
      0.8796296296296297,
      0.8796296296296297
    ],
    "size": 30,
    "total": 26.40141612200436,
    "min": 0.8796296296296297,
    "q1": 0.8796296296296297,
    "median": 0.8796296296296297,
    "q3": 0.8796296296296297,
    "max": 0.8921568627450981,