{
  "prevalence": 0.02804878048780488,
  "all_n": {
    "name": "all_n",
    "population": [
      1640,
      1640,
      1640,
      1640,
      1640,
      1640,
      1640,
      1640,
      1640,
      1640,
      1640,
      1640,
      1640,
      1640,
      1640,
      1640,
      1640,
      1640,
      1640,
      1640,
      1640,
      1640,
      1640,
      1640,
      1640,
      1640,
      1640,
      1640,
      1640,
      1640
    ],
    "size": 30,
    "total": 49200,
    "min": 1640,
    "q1": 1640,
    "median": 1640.0,
    "q3": 1640,
    "max": 1640,
    "mean": 1640.0,
    "sd": 0.0
  },
  "all_tp": {
    "name": "all_tp",
    "population": [
      44,
      44,
      44,
      44,
      44,
      44,
      44,
      44,
      44,
      44,
      44,
      44,
      44,
      44,
      44,
      44,
      44,
      44,
      44,
      44,
      44,
      44,
      44,
      44,
      44,
      42,
      43,
      42,
      42,
      42
    ],
    "size": 30,
    "total": 1311,
    "min": 42,
    "q1": 44,
    "median": 44.0,
    "q3": 44,
    "max": 44,
    "mean": 43.7,
    "sd": 0.6904105059069326
  },
  "all_tn": {
    "name": "all_tn",
    "population": [
      1594,
      1594,
      1594,
      1594,
      1594,
      1594,
      1594,
      1594,
      1593,
      1594,
      1594,
      1594,
      1594,
      1594,
      1594,
      1594,
      1594,
      1593,
      1594,
      1594,
      1594,
      1594,
      1594,
      1594,
      1594,
      1593,
      1593,
      1593,
      1593,
      1593
    ],
    "size": 30,
    "total": 47813,
    "min": 1593,
    "q1": 1594,
    "median": 1594.0,
    "q3": 1594,
    "max": 1594,
    "mean": 1593.7666666666667,
    "sd": 0.42295258468165076
  },
  "all_fp": {
    "name": "all_fp",
    "population": [
      0,
      0,
      0,
      0,
      0,
      0,
      0,
      0,
      1,
      0,
      0,
      0,
      0,
      0,
      0,
      0,
      0,
      1,
      0,
      0,
      0,
      0,
      0,
      0,
      0,
      1,
      1,
      1,
      1,
      1
    ],
    "size": 30,
    "total": 7,
    "min": 0,
    "q1": 0,
    "median": 0.0,
    "q3": 0,
    "max": 1,
    "mean": 0.23333333333333334,
    "sd": 0.4229525846816507
  },
  "all_fn": {
    "name": "all_fn",
    "population": [
      2,
      2,
      2,
      2,
      2,
      2,
      2,
      2,
      2,
      2,
      2,
      2,
      2,
      2,
      2,
      2,
      2,
      2,
      2,
      2,
      2,
      2,
      2,
      2,
      2,
      4,
      3,
      4,
      4,
      4
    ],
    "size": 30,
    "total": 69,
    "min": 2,
    "q1": 2,
    "median": 2.0,
    "q3": 2,
    "max": 4,
    "mean": 2.3,
    "sd": 0.6904105059069326
  },
  "all_accuracy": {
    "name": "all_accuracy",
    "population": [
      0.998780487804878,
      0.998780487804878,
      0.998780487804878,
      0.998780487804878,
      0.998780487804878,
      0.998780487804878,
      0.998780487804878,
      0.998780487804878,
      0.9981707317073171,
      0.998780487804878,
      0.998780487804878,
      0.998780487804878,
      0.998780487804878,
      0.998780487804878,
      0.998780487804878,
      0.998780487804878,
      0.998780487804878,
      0.9981707317073171,
      0.998780487804878,
      0.998780487804878,
      0.998780487804878,
      0.998780487804878,
      0.998780487804878,
      0.998780487804878,
      0.998780487804878,
      0.9969512195121951,
      0.9975609756097561,
      0.9969512195121951,
      0.9969512195121951,
      0.9969512195121951
    ],
    "size": 30,
    "total": 29.95365853658537,
    "min": 0.9969512195121951,
    "q1": 0.998780487804878,
    "median": 0.998780487804878,
    "q3": 0.998780487804878,
    "max": 0.998780487804878,
    "mean": 0.9984552845528456,
    "sd": 0.0006440235576323118
  },
  "all_balanced_accuracy": {
    "name": "all_balanced_accuracy",
    "population": [
      0.9993734335839599,
      0.9993734335839599,
      0.9993734335839599,
      0.9993734335839599,
      0.9993734335839599,
      0.9993734335839599,
      0.9993734335839599,
      0.9993734335839599,
      0.98826192964124,
      0.9993734335839599,
      0.9993734335839599,
      0.9993734335839599,
      0.9993734335839599,
      0.9993734335839599,
      0.9993734335839599,
      0.9993734335839599,
      0.9993734335839599,
      0.98826192964124,
      0.9993734335839599,
      0.9993734335839599,
      0.9993734335839599,
      0.9993734335839599,
      0.9993734335839599,
      0.9993734335839599,
      0.9993734335839599,
      0.9871197448704694,
      0.9876965140123035,
      0.9871197448704694,
      0.9871197448704694,
      0.9871197448704694
    ],
    "size": 30,
    "total": 29.89828832520773,
    "min": 0.9871197448704694,
    "q1": 0.9993734335839599,
    "median": 0.9993734335839599,
    "q3": 0.9993734335839599,
    "max": 0.9993734335839599,
    "mean": 0.9966096108402577,
    "sd": 0.0050157470497473175
  },
  "all_f1": {
    "name": "all_f1",
    "population": [
      0.9777777777777777,
      0.9777777777777777,
      0.9777777777777777,
      0.9777777777777777,
      0.9777777777777777,
      0.9777777777777777,
      0.9777777777777777,
      0.9777777777777777,
      0.967032967032967,
      0.9777777777777777,
      0.9777777777777777,
      0.9777777777777777,
      0.9777777777777777,
      0.9777777777777777,
      0.9777777777777777,
      0.9777777777777777,
      0.9777777777777777,
      0.967032967032967,
      0.9777777777777777,
      0.9777777777777777,
      0.9777777777777777,
      0.9777777777777777,
      0.9777777777777777,
      0.9777777777777777,
      0.9777777777777777,
      0.9438202247191011,
      0.9555555555555557,
      0.9438202247191011,
      0.9438202247191011,
      0.9438202247191011
    ],
    "size": 30,
    "total": 29.15379127738678,
    "min": 0.9438202247191011,
    "q1": 0.9777777777777777,
    "median": 0.9777777777777777,
    "q3": 0.9777777777777777,
    "max": 0.9777777777777777,
    "mean": 0.9717930425795593,
    "sd": 0.01192012171851302
  },
  "all_recall": {
    "name": "all_recall",
    "population": [
      0.9565217391304348,
      0.9565217391304348,
      0.9565217391304348,
      0.9565217391304348,
      0.9565217391304348,
      0.9565217391304348,
      0.9565217391304348,
      0.9565217391304348,
      0.9565217391304348,
      0.9565217391304348,
      0.9565217391304348,
      0.9565217391304348,
      0.9565217391304348,
      0.9565217391304348,
      0.9565217391304348,
      0.9565217391304348,
      0.9565217391304348,
      0.9565217391304348,
      0.9565217391304348,
      0.9565217391304348,
      0.9565217391304348,
      0.9565217391304348,
      0.9565217391304348,
      0.9565217391304348,
      0.9565217391304348,
      0.9130434782608695,
      0.9347826086956522,
      0.9130434782608695,
      0.9130434782608695,
      0.9130434782608695
    ],
    "size": 30,
    "total": 28.5,
    "min": 0.9130434782608695,
    "q1": 0.9565217391304348,
    "median": 0.9565217391304348,
    "q3": 0.9565217391304348,
    "max": 0.9565217391304348,
    "mean": 0.95,
    "sd": 0.015008924041455084
  },
  "all_precision": {
    "name": "all_precision",
    "population": [
      1.0,
      1.0,
      1.0,
      1.0,
      1.0,
      1.0,
      1.0,
      1.0,
      0.9777777777777777,
      1.0,
      1.0,
      1.0,
      1.0,
      1.0,
      1.0,
      1.0,
      1.0,
      0.9777777777777777,
      1.0,
      1.0,
      1.0,
      1.0,
      1.0,
      1.0,
      1.0,
      0.9767441860465116,
      0.9772727272727273,
      0.9767441860465116,
      0.9767441860465116,
      0.9767441860465116
    ],
    "size": 30,
    "total": 29.83980502701432,
    "min": 0.9767441860465116,
    "q1": 1.0,
    "median": 1.0,
    "q3": 1.0,
    "max": 1.0,
    "mean": 0.994660167567144,
    "sd": 0.009681770610852868
  },
  "all_specificity": {
    "name": "all_specificity",