{
  "prevalence": 0.02804878048780488,
  "all_n": {
    "name": "all_n",
    "population": [
      1640,
      1640,
      1640,
      1640,
      1640,
      1640,
      1640,
      1640,
      1640,
      1640,
      1640,
      1640,
      1640,
      1640,
      1640,
      1640,
      1640,
      1640,
      1640,
      1640,
      1640,
      1640,
      1640,
      1640,
      1640,
      1640,
      1640,
      1640,
      1640,
      1640
    ],
    "size": 30,
    "total": 49200,
    "min": 1640,
    "q1": 1640,
    "median": 1640.0,
    "q3": 1640,
    "max": 1640,
    "mean": 1640.0,
    "sd": 0.0
  },
  "all_tp": {
    "name": "all_tp",
    "population": [
      44,
      44,
      43,
      43,
      43,
      44,
      43,
      43,
      43,
      43,
      43,
      43,
      43,
      42,
      43,
      43,
      43,
      43,
      43,
      43,
      43,
      44,
      43,
      43,
      43,
      43,
      43,
      43,
      43,
      43
    ],
    "size": 30,
    "total": 1293,
    "min": 42,
    "q1": 43,
    "median": 43.0,
    "q3": 43,
    "max": 44,
    "mean": 43.1,
    "sd": 0.395811402901264
  },
  "all_tn": {
    "name": "all_tn",
    "population": [
      1593,
      1593,
      1593,
      1593,
      1593,
      1593,
      1593,
      1593,
      1593,
      1593,
      1593,
      1593,
      1593,
      1593,
      1593,
      1593,
      1593,
      1593,
      1593,
      1593,
      1593,
      1593,
      1593,
      1593,
      1593,
      1593,
      1593,
      1593,
      1593,
      1593
    ],
    "size": 30,
    "total": 47790,
    "min": 1593,
    "q1": 1593,
    "median": 1593.0,
    "q3": 1593,
    "max": 1593,
    "mean": 1593.0,
    "sd": 0.0
  },
  "all_fp": {
    "name": "all_fp",
    "population": [
      1,
      1,
      1,
      1,
      1,
      1,
      1,
      1,
      1,
      1,
      1,
      1,
      1,
      1,
      1,
      1,
      1,
      1,
      1,
      1,
      1,
      1,
      1,
      1,
      1,
      1,
      1,
      1,
      1,
      1
    ],
    "size": 30,
    "total": 30,
    "min": 1,
    "q1": 1,
    "median": 1.0,
    "q3": 1,
    "max": 1,
    "mean": 1.0,
    "sd": 0.0
  },
  "all_fn": {
    "name": "all_fn",
    "population": [
      2,
      2,
      3,
      3,
      3,
      2,
      3,
      3,
      3,
      3,
      3,
      3,
      3,
      4,
      3,
      3,
      3,
      3,
      3,
      3,
      3,
      2,
      3,
      3,
      3,
      3,
      3,
      3,
      3,
      3
    ],
    "size": 30,
    "total": 87,
    "min": 2,
    "q1": 3,
    "median": 3.0,
    "q3": 3,
    "max": 4,
    "mean": 2.9,
    "sd": 0.39581140290126393
  },
  "all_accuracy": {
    "name": "all_accuracy",
    "population": [
      0.9981707317073171,
      0.9981707317073171,
      0.9975609756097561,
      0.9975609756097561,
      0.9975609756097561,
      0.9981707317073171,
      0.9975609756097561,
      0.9975609756097561,
      0.9975609756097561,
      0.9975609756097561,
      0.9975609756097561,
      0.9975609756097561,
      0.9975609756097561,
      0.9969512195121951,
      0.9975609756097561,
      0.9975609756097561,
      0.9975609756097561,
      0.9975609756097561,
      0.9975609756097561,
      0.9975609756097561,
      0.9975609756097561,
      0.9981707317073171,
      0.9975609756097561,
      0.9975609756097561,
      0.9975609756097561,
      0.9975609756097561,
      0.9975609756097561,
      0.9975609756097561,
      0.9975609756097561,
      0.9975609756097561
    ],
    "size": 30,
    "total": 29.928658536585353,
    "min": 0.9969512195121951,
    "q1": 0.9975609756097561,
    "median": 0.9975609756097561,
    "q3": 0.9975609756097561,
    "max": 0.9981707317073171,
    "mean": 0.9976219512195118,
    "sd": 0.00024134841640320985
  },
  "all_balanced_accuracy": {
    "name": "all_balanced_accuracy",
    "population": [
      0.98826192964124,
      0.98826192964124,
      0.9876965140123035,
      0.9876965140123035,
      0.9876965140123035,
      0.98826192964124,
      0.9876965140123035,
      0.9876965140123035,
      0.9876965140123035,
      0.9876965140123035,
      0.9876965140123035,
      0.9876965140123035,
      0.9876965140123035,
      0.9871197448704694,
      0.9876965140123035,
      0.9876965140123035,
      0.9876965140123035,
      0.9876965140123035,
      0.9876965140123035,
      0.9876965140123035,
      0.9876965140123035,
      0.98826192964124,
      0.9876965140123035,
      0.9876965140123035,
      0.9876965140123035,
      0.9876965140123035,
      0.9876965140123035,
      0.9876965140123035,
      0.9876965140123035,
      0.9876965140123035
    ],
    "size": 30,
    "total": 29.632580313743002,
    "min": 0.9871197448704694,
    "q1": 0.9876965140123035,
    "median": 0.9876965140123035,
    "q3": 0.9876965140123035,
    "max": 0.98826192964124,
    "mean": 0.9877526771247668,
    "sd": 0.00022485648168749938
  },
  "all_f1": {
    "name": "all_f1",
    "population": [
      0.967032967032967,
      0.967032967032967,
      0.9555555555555557,
      0.9555555555555557,
      0.9555555555555557,
      0.967032967032967,
      0.9555555555555557,
      0.9555555555555557,
      0.9555555555555557,
      0.9555555555555557,
      0.9555555555555557,
      0.9555555555555557,
      0.9555555555555557,
      0.9438202247191011,
      0.9555555555555557,
      0.9555555555555557,
      0.9555555555555557,
      0.9555555555555557,
      0.9555555555555557,
      0.9555555555555557,
      0.9555555555555557,
      0.967032967032967,
      0.9555555555555557,
      0.9555555555555557,
      0.9555555555555557,
      0.9555555555555557,
      0.9555555555555557,
      0.9555555555555557,
      0.9555555555555557,
      0.9555555555555557
    ],
    "size": 30,
    "total": 28.700840981739862,
    "min": 0.9438202247191011,
    "q1": 0.9555555555555557,
    "median": 0.9555555555555557,
    "q3": 0.9555555555555557,
    "max": 0.967032967032967,
    "mean": 0.9566946993913288,
    "sd": 0.0045669553182651305
  },
  "all_recall": {
    "name": "all_recall",
    "population": [
      0.9565217391304348,
      0.9565217391304348,
      0.9347826086956522,
      0.9347826086956522,
      0.9347826086956522,
      0.9565217391304348,
      0.9347826086956522,
      0.9347826086956522,
      0.9347826086956522,
      0.9347826086956522,
      0.9347826086956522,
      0.9347826086956522,
      0.9347826086956522,
      0.9130434782608695,
      0.9347826086956522,
      0.9347826086956522,
      0.9347826086956522,
      0.9347826086956522,
      0.9347826086956522,
      0.9347826086956522,
      0.9347826086956522,
      0.9565217391304348,
      0.9347826086956522,
      0.9347826086956522,
      0.9347826086956522,
      0.9347826086956522,
      0.9347826086956522,
      0.9347826086956522,
      0.9347826086956522,
      0.9347826086956522
    ],
    "size": 30,
    "total": 28.108695652173914,
    "min": 0.9130434782608695,
    "q1": 0.9347826086956522,
    "median": 0.9347826086956522,
    "q3": 0.9347826086956522,
    "max": 0.9565217391304348,
    "mean": 0.9369565217391305,
    "sd": 0.008604595715244868
  },
  "all_precision": {
    "name": "all_precision",