{
  "prevalence": 0.02804878048780488,
  "all_n": {
    "name": "all_n",
    "population": [
      1640,
      1640,
      1640,
      1640,
      1640,
      1640,
      1640,
      1640,
      1640,
      1640,
      1640,
      1640,
      1640,
      1640,
      1640,
      1640,
      1640,
      1640,
      1640,
      1640,
      1640,
      1640,
      1640,
      1640,
      1640,
      1640,
      1640,
      1640,
      1640,
      1640
    ],
    "size": 30,
    "total": 49200,
    "min": 1640,
    "q1": 1640,
    "median": 1640.0,
    "q3": 1640,
    "max": 1640,
    "mean": 1640.0,
    "sd": 0.0
  },
  "all_tp": {
    "name": "all_tp",
    "population": [
      45,
      45,
      45,
      45,
      45,
      44,
      45,
      44,
      45,
      45,
      45,
      45,
      45,
      44,
      45,
      45,
      45,
      45,
      44,
      45,
      45,
      44,
      45,
      45,
      45,
      45,
      45,
      45,
      45,
      45
    ],
    "size": 30,
    "total": 1345,
    "min": 44,
    "q1": 45,
    "median": 45.0,
    "q3": 45,
    "max": 45,
    "mean": 44.833333333333336,
    "sd": 0.37267799624996484
  },
  "all_tn": {
    "name": "all_tn",
    "population": [
      1594,
      1594,
      1594,
      1594,
      1594,
      1593,
      1594,
      1594,
      1594,
      1593,
      1594,
      1594,
      1594,
      1593,
      1594,
      1594,
      1593,
      1594,
      1594,
      1594,
      1594,
      1594,
      1594,
      1594,
      1593,
      1594,
      1593,
      1594,
      1594,
      1592
    ],
    "size": 30,
    "total": 47812,
    "min": 1592,
    "q1": 1594,
    "median": 1594.0,
    "q3": 1594,
    "max": 1594,
    "mean": 1593.7333333333333,
    "sd": 0.5120763831912406
  },
  "all_fp": {
    "name": "all_fp",
    "population": [
      0,
      0,
      0,
      0,
      0,
      1,
      0,
      0,
      0,
      1,
      0,
      0,
      0,
      1,
      0,
      0,
      1,
      0,
      0,
      0,
      0,
      0,
      0,
      0,
      1,
      0,
      1,
      0,
      0,
      2
    ],
    "size": 30,
    "total": 8,
    "min": 0,
    "q1": 0,
    "median": 0.0,
    "q3": 0,
    "max": 2,
    "mean": 0.26666666666666666,
    "sd": 0.5120763831912406
  },
  "all_fn": {
    "name": "all_fn",
    "population": [
      1,
      1,
      1,
      1,
      1,
      2,
      1,
      2,
      1,
      1,
      1,
      1,
      1,
      2,
      1,
      1,
      1,
      1,
      2,
      1,
      1,
      2,
      1,
      1,
      1,
      1,
      1,
      1,
      1,
      1
    ],
    "size": 30,
    "total": 35,
    "min": 1,
    "q1": 1,
    "median": 1.0,
    "q3": 1,
    "max": 2,
    "mean": 1.1666666666666667,
    "sd": 0.3726779962499649
  },
  "all_accuracy": {
    "name": "all_accuracy",
    "population": [
      0.999390243902439,
      0.999390243902439,
      0.999390243902439,
      0.999390243902439,
      0.999390243902439,
      0.9981707317073171,
      0.999390243902439,
      0.998780487804878,
      0.999390243902439,
      0.998780487804878,
      0.999390243902439,
      0.999390243902439,
      0.999390243902439,
      0.9981707317073171,
      0.999390243902439,
      0.999390243902439,
      0.998780487804878,
      0.999390243902439,
      0.998780487804878,
      0.999390243902439,
      0.999390243902439,
      0.998780487804878,
      0.999390243902439,
      0.999390243902439,
      0.998780487804878,
      0.999390243902439,
      0.998780487804878,
      0.999390243902439,
      0.999390243902439,
      0.9981707317073171
    ],
    "size": 30,
    "total": 29.97378048780489,
    "min": 0.9981707317073171,
    "q1": 0.998780487804878,
    "median": 0.999390243902439,
    "q3": 0.999390243902439,
    "max": 0.999390243902439,
    "mean": 0.9991260162601631,
    "sd": 0.0004070118779370082
  },
  "all_balanced_accuracy": {
    "name": "all_balanced_accuracy",
    "population": [
      0.9996865203761756,
      0.9996865203761756,
      0.9996865203761756,
      0.9996865203761756,
      0.9996865203761756,
      0.98826192964124,
      0.9996865203761756,
      0.9993734335839599,
      0.9996865203761756,
      0.9888167584965359,
      0.9996865203761756,
      0.9996865203761756,
      0.9996865203761756,
      0.98826192964124,
      0.9996865203761756,
      0.9996865203761756,
      0.9888167584965359,
      0.9996865203761756,
      0.9993734335839599,
      0.9996865203761756,
      0.9996865203761756,
      0.9993734335839599,
      0.9996865203761756,
      0.9996865203761756,
      0.9888167584965359,
      0.9996865203761756,
      0.9888167584965359,
      0.9996865203761756,
      0.9996865203761756,
      0.97840953106009
    ],
    "size": 30,
    "total": 29.902051132604118,
    "min": 0.97840953106009,
    "q1": 0.9993734335839599,
    "median": 0.9996865203761756,
    "q3": 0.9996865203761756,
    "max": 0.9996865203761756,
    "mean": 0.9967350377534706,
    "sd": 0.005553726359880833
  },
  "all_f1": {
    "name": "all_f1",
    "population": [
      0.989010989010989,
      0.989010989010989,
      0.989010989010989,
      0.989010989010989,
      0.989010989010989,
      0.967032967032967,
      0.989010989010989,
      0.9777777777777777,
      0.989010989010989,
      0.9782608695652174,
      0.989010989010989,
      0.989010989010989,
      0.989010989010989,
      0.967032967032967,
      0.989010989010989,
      0.989010989010989,
      0.9782608695652174,
      0.989010989010989,
      0.9777777777777777,
      0.989010989010989,
      0.989010989010989,
      0.9777777777777777,
      0.989010989010989,
      0.989010989010989,
      0.9782608695652174,
      0.989010989010989,
      0.9782608695652174,
      0.989010989010989,
      0.989010989010989,
      0.967741935483871
    ],
    "size": 30,
    "total": 29.52840446136379,
    "min": 0.967032967032967,
    "q1": 0.9782608695652174,
    "median": 0.989010989010989,
    "q3": 0.989010989010989,
    "max": 0.989010989010989,
    "mean": 0.9842801487121264,
    "sd": 0.007275138982166594
  },
  "all_recall": {
    "name": "all_recall",
    "population": [
      0.9782608695652174,
      0.9782608695652174,
      0.9782608695652174,
      0.9782608695652174,
      0.9782608695652174,
      0.9565217391304348,
      0.9782608695652174,
      0.9565217391304348,
      0.9782608695652174,
      0.9782608695652174,
      0.9782608695652174,
      0.9782608695652174,
      0.9782608695652174,
      0.9565217391304348,
      0.9782608695652174,
      0.9782608695652174,
      0.9782608695652174,
      0.9782608695652174,
      0.9565217391304348,
      0.9782608695652174,
      0.9782608695652174,
      0.9565217391304348,
      0.9782608695652174,
      0.9782608695652174,
      0.9782608695652174,
      0.9782608695652174,
      0.9782608695652174,
      0.9782608695652174,
      0.9782608695652174,
      0.9782608695652174
    ],
    "size": 30,
    "total": 29.239130434782616,
    "min": 0.9565217391304348,
    "q1": 0.9782608695652174,
    "median": 0.9782608695652174,
    "q3": 0.9782608695652174,
    "max": 0.9782608695652174,
    "mean": 0.9746376811594205,
    "sd": 0.008101695570651407
  },
  "all_precision": {
    "name": "all_precision",
    "population": [
      1.0,
      1.0,
      1.0,
      1.0,
      1.0,
      0.9777777777777777,
      1.0,
      1.0,
      1.0,
      0.9782608695652174,
      1.0,
      1.0,
      1.0,
      0.9777777777777777,
      1.0,
      1.0,
      0.9782608695652174,
      1.0,
      1.0,
      1.0,
      1.0,
      1.0,
      1.0,
      1.0,
      0.9782608695652174,
      1.0,
      0.9782608695652174,
      1.0,
      1.0,
      0.9574468085106383
    ],
    "size": 30,
    "total": 29.826045842327066,
    "min": 0.9574468085106383,
    "q1": 1.0,
    "median": 1.0,
    "q3": 1.0,
    "max": 1.0,
    "mean": 0.9942015280775689,
    "sd": 0.011075678001975328
  },