{
  "prevalence": 0.02804878048780488,
  "all_n": {
    "name": "all_n",
    "population": [
      1640,
      1640,
      1640,
      1640,
      1640,
      1640,
      1640,
      1640,
      1640,
      1640,
      1640,
      1640,
      1640,
      1640,
      1640,
      1640,
      1640,
      1640,
      1640,
      1640,
      1640,
      1640,
      1640,
      1640,
      1640,
      1640,
      1640,
      1640,
      1640,
      1640
    ],
    "size": 30,
    "total": 49200,
    "min": 1640,
    "q1": 1640,
    "median": 1640.0,
    "q3": 1640,
    "max": 1640,
    "mean": 1640.0,
    "sd": 0.0
  },
  "all_tp": {
    "name": "all_tp",
    "population": [
      46,
      46,
      46,
      46,
      46,
      46,
      46,
      46,
      46,
      46,
      46,
      46,
      46,
      46,
      46,
      46,
      46,
      46,
      46,
      46,
      46,
      46,
      46,
      46,
      46,
      46,
      46,
      46,
      46,
      46
    ],
    "size": 30,
    "total": 1380,
    "min": 46,
    "q1": 46,
    "median": 46.0,
    "q3": 46,
    "max": 46,
    "mean": 46.0,
    "sd": 0.0
  },
  "all_tn": {
    "name": "all_tn",
    "population": [
      1584,
      1584,
      1584,
      1584,
      1583,
      1584,
      1584,
      1584,
      1584,
      1584,
      1584,
      1584,
      1584,
      1584,
      1584,
      1584,
      1584,
      1584,
      1584,
      1584,
      1583,
      1584,
      1584,
      1584,
      1584,
      1583,
      1583,
      1584,
      1584,
      1584
    ],
    "size": 30,
    "total": 47516,
    "min": 1583,
    "q1": 1584,
    "median": 1584.0,
    "q3": 1584,
    "max": 1584,
    "mean": 1583.8666666666666,
    "sd": 0.339934634239519
  },
  "all_fp": {
    "name": "all_fp",
    "population": [
      10,
      10,
      10,
      10,
      11,
      10,
      10,
      10,
      10,
      10,
      10,
      10,
      10,
      10,
      10,
      10,
      10,
      10,
      10,
      10,
      11,
      10,
      10,
      10,
      10,
      11,
      11,
      10,
      10,
      10
    ],
    "size": 30,
    "total": 304,
    "min": 10,
    "q1": 10,
    "median": 10.0,
    "q3": 10,
    "max": 11,
    "mean": 10.133333333333333,
    "sd": 0.339934634239519
  },
  "all_fn": {
    "name": "all_fn",
    "population": [
      0,
      0,
      0,
      0,
      0,
      0,
      0,
      0,
      0,
      0,
      0,
      0,
      0,
      0,
      0,
      0,
      0,
      0,
      0,
      0,
      0,
      0,
      0,
      0,
      0,
      0,
      0,
      0,
      0,
      0
    ],
    "size": 30,
    "total": 0,
    "min": 0,
    "q1": 0,
    "median": 0.0,
    "q3": 0,
    "max": 0,
    "mean": 0.0,
    "sd": 0.0
  },
  "all_accuracy": {
    "name": "all_accuracy",
    "population": [
      0.9939024390243902,
      0.9939024390243902,
      0.9939024390243902,
      0.9939024390243902,
      0.9932926829268293,
      0.9939024390243902,
      0.9939024390243902,
      0.9939024390243902,
      0.9939024390243902,
      0.9939024390243902,
      0.9939024390243902,
      0.9939024390243902,
      0.9939024390243902,
      0.9939024390243902,
      0.9939024390243902,
      0.9939024390243902,
      0.9939024390243902,
      0.9939024390243902,
      0.9939024390243902,
      0.9939024390243902,
      0.9932926829268293,
      0.9939024390243902,
      0.9939024390243902,
      0.9939024390243902,
      0.9939024390243902,
      0.9932926829268293,
      0.9932926829268293,
      0.9939024390243902,
      0.9939024390243902,
      0.9939024390243902
    ],
    "size": 30,
    "total": 29.814634146341447,
    "min": 0.9932926829268293,
    "q1": 0.9939024390243902,
    "median": 0.9939024390243902,
    "q3": 0.9939024390243902,
    "max": 0.9939024390243902,
    "mean": 0.9938211382113816,
    "sd": 0.00020727721599970693
  },
  "all_balanced_accuracy": {
    "name": "all_balanced_accuracy",
    "population": [
      0.9107142857142857,
      0.9107142857142857,
      0.9107142857142857,
      0.9107142857142857,
      0.9035087719298245,
      0.9107142857142857,
      0.9107142857142857,
      0.9107142857142857,
      0.9107142857142857,
      0.9107142857142857,
      0.9107142857142857,
      0.9107142857142857,
      0.9107142857142857,
      0.9107142857142857,
      0.9107142857142857,
      0.9107142857142857,
      0.9107142857142857,
      0.9107142857142857,
      0.9107142857142857,
      0.9107142857142857,
      0.9035087719298245,
      0.9107142857142857,
      0.9107142857142857,
      0.9107142857142857,
      0.9107142857142857,
      0.9035087719298245,
      0.9035087719298245,
      0.9107142857142857,
      0.9107142857142857,
      0.9107142857142857
    ],
    "size": 30,
    "total": 27.292606516290725,
    "min": 0.9035087719298245,
    "q1": 0.9107142857142857,
    "median": 0.9107142857142857,
    "q3": 0.9107142857142857,
    "max": 0.9107142857142857,
    "mean": 0.9097535505430242,
    "sd": 0.0024494036928286353
  },
  "all_f1": {
    "name": "all_f1",
    "population": [
      0.9019607843137255,
      0.9019607843137255,
      0.9019607843137255,
      0.9019607843137255,
      0.8932038834951457,
      0.9019607843137255,
      0.9019607843137255,
      0.9019607843137255,
      0.9019607843137255,
      0.9019607843137255,
      0.9019607843137255,
      0.9019607843137255,
      0.9019607843137255,
      0.9019607843137255,
      0.9019607843137255,
      0.9019607843137255,
      0.9019607843137255,
      0.9019607843137255,
      0.9019607843137255,
      0.9019607843137255,
      0.8932038834951457,
      0.9019607843137255,
      0.9019607843137255,
      0.9019607843137255,
      0.9019607843137255,
      0.8932038834951457,
      0.8932038834951457,
      0.9019607843137255,
      0.9019607843137255,
      0.9019607843137255
    ],
    "size": 30,
    "total": 27.023795926137456,
    "min": 0.8932038834951457,
    "q1": 0.9019607843137255,
    "median": 0.9019607843137255,
    "q3": 0.9019607843137255,
    "max": 0.9019607843137255,
    "mean": 0.9007931975379152,
    "sd": 0.002976773876835678
  },
  "all_recall": {
    "name": "all_recall",
    "population": [
      1.0,
      1.0,
      1.0,
      1.0,
      1.0,
      1.0,
      1.0,
      1.0,
      1.0,
      1.0,
      1.0,
      1.0,
      1.0,
      1.0,
      1.0,
      1.0,
      1.0,
      1.0,
      1.0,
      1.0,
      1.0,
      1.0,
      1.0,
      1.0,
      1.0,
      1.0,
      1.0,
      1.0,
      1.0,
      1.0
    ],
    "size": 30,
    "total": 30.0,
    "min": 1.0,
    "q1": 1.0,
    "median": 1.0,
    "q3": 1.0,
    "max": 1.0,
    "mean": 1.0,
    "sd": 0.0
  },
  "all_precision": {
    "name": "all_precision",
    "population": [
      0.8214285714285714,
      0.8214285714285714,
      0.8214285714285714,
      0.8214285714285714,
      0.8070175438596491,
      0.8214285714285714,
      0.8214285714285714,
      0.8214285714285714,
      0.8214285714285714,
      0.8214285714285714,
      0.8214285714285714,
      0.8214285714285714,
      0.8214285714285714,
      0.8214285714285714,
      0.8214285714285714,
      0.8214285714285714,
      0.8214285714285714,
      0.8214285714285714,
      0.8214285714285714,
      0.8214285714285714,
      0.8070175438596491,
      0.8214285714285714,
      0.8214285714285714,
      0.8214285714285714,
      0.8214285714285714,
      0.8070175438596491,
      0.8070175438596491,
      0.8214285714285714,
      0.8214285714285714,
      0.8214285714285714
    ],
    "size": 30,
    "total": 24.585213032581468,
    "min": 0.8070175438596491,
    "q1": 0.8214285714285714,
    "median": 0.8214285714285714,
    "q3": 0.8214285714285714,
    "max": 0.8214285714285714,
    "mean": 0.819507101086049,
    "sd": 0.004898807385657233
  },
  "all_specificity": {
    "name": "all_specificity",