{
  "prevalence": 0.16666666666666666,
  "n": 120,
  "tp": 14,
  "tn": 85,
  "fp": 15,
  "fn": 6,
  "accuracy": 0.825,
  "balanced_accuracy": 0.7084122773777947,
  "f1": 0.5714285714285714,
  "recall": 0.7,
  "precision": 0.4827586206896552,
  "specificity": 0.9340659340659341,
  "err": 1
}