{
  "prevalence": 0.16666666666666666,
  "n": 120,
  "tp": 16,
  "tn": 98,
  "fp": 2,
  "fn": 4,
  "accuracy": 0.95,
  "balanced_accuracy": 0.9248366013071896,
  "f1": 0.8421052631578948,
  "recall": 0.8,
  "precision": 0.8888888888888888,
  "specificity": 0.9607843137254902,
  "err": 0
}