{
  "prevalence": 0.16666666666666666,
  "n": 120,
  "tp": 15,
  "tn": 83,
  "fp": 17,
  "fn": 5,
  "accuracy": 0.8166666666666667,
  "balanced_accuracy": 0.7059659090909092,
  "f1": 0.5769230769230769,
  "recall": 0.75,
  "precision": 0.46875,
  "specificity": 0.9431818181818182,
  "err": 0
}