{
  "prevalence": 0.02804878048780488,
  "n": 1640,
  "tp": 32,
  "tn": 1594,
  "fp": 0,
  "fn": 14,
  "accuracy": 0.9914634146341463,
  "balanced_accuracy": 0.9956467661691542,
  "f1": 0.8205128205128205,
  "recall": 0.6956521739130435,
  "precision": 1.0,
  "specificity": 0.9912935323383084,
  "err": 0
}