{
  "prevalence": 0.16666666666666666,
  "n": 120,
  "tp": 16,
  "tn": 96,
  "fp": 4,
  "fn": 4,
  "accuracy": 0.9333333333333333,
  "balanced_accuracy": 0.88,
  "f1": 0.8000000000000002,
  "recall": 0.8,
  "precision": 0.8,
  "specificity": 0.96,
  "err": 0
}