{
  "prevalence": 0.02804878048780488,
  "n": 1640,
  "tp": 44,
  "tn": 1590,
  "fp": 4,
  "fn": 2,
  "accuracy": 0.9963414634146341,
  "balanced_accuracy": 0.9577051926298157,
  "f1": 0.9361702127659574,
  "recall": 0.9565217391304348,
  "precision": 0.9166666666666666,
  "specificity": 0.9987437185929648,
  "err": 0
}