{
  "prevalence": 0.02804878048780488,
  "n": 1640,
  "tp": 36,
  "tn": 1536,
  "fp": 58,
  "fn": 10,
  "accuracy": 0.9585365853658536,
  "balanced_accuracy": 0.6882552090501225,
  "f1": 0.5142857142857143,
  "recall": 0.782608695652174,
  "precision": 0.3829787234042553,
  "specificity": 0.9935316946959897,
  "err": 5
}