{
  "prevalence": 0.16666666666666666,
  "n": 120,
  "tp": 8,
  "tn": 98,
  "fp": 2,
  "fn": 12,
  "accuracy": 0.8833333333333333,
  "balanced_accuracy": 0.8454545454545455,
  "f1": 0.5333333333333333,
  "recall": 0.4,
  "precision": 0.8,
  "specificity": 0.8909090909090909,
  "err": 0
}