{
  "prevalence": 0.16666666666666666,
  "n": 120,
  "tp": 17,
  "tn": 95,
  "fp": 5,
  "fn": 3,
  "accuracy": 0.9333333333333333,
  "balanced_accuracy": 0.8710575139146568,
  "f1": 0.8095238095238095,
  "recall": 0.85,
  "precision": 0.7727272727272727,
  "specificity": 0.9693877551020408,
  "err": 0
}