{
  "prevalence": 0.16666666666666666,
  "n": 120,
  "tp": 16,
  "tn": 84,
  "fp": 16,
  "fn": 4,
  "accuracy": 0.8333333333333334,
  "balanced_accuracy": 0.7272727272727273,
  "f1": 0.6153846153846154,
  "recall": 0.8,
  "precision": 0.5,
  "specificity": 0.9545454545454546,
  "err": 0
}