{
  "prevalence": 0.16666666666666666,
  "n": 120,
  "tp": 16,
  "tn": 62,
  "fp": 38,
  "fn": 4,
  "accuracy": 0.65,
  "balanced_accuracy": 0.6178451178451179,
  "f1": 0.43243243243243246,
  "recall": 0.8,
  "precision": 0.2962962962962963,
  "specificity": 0.9393939393939394,
  "err": 0
}