{
  "prevalence": 0.02804878048780488,
  "n": 1640,
  "tp": 43,
  "tn": 1558,
  "fp": 36,
  "fn": 3,
  "accuracy": 0.9762195121951219,
  "balanced_accuracy": 0.7711909762485911,
  "f1": 0.6880000000000001,
  "recall": 0.9347826086956522,
  "precision": 0.5443037974683544,
  "specificity": 0.9980781550288277,
  "err": 2
}