{
  "prevalence": 0.16666666666666666,
  "n": 120,
  "tp": 16,
  "tn": 94,
  "fp": 6,
  "fn": 4,
  "accuracy": 0.9166666666666666,
  "balanced_accuracy": 0.8432282003710575,
  "f1": 0.761904761904762,
  "recall": 0.8,
  "precision": 0.7272727272727273,
  "specificity": 0.9591836734693877,
  "err": 0
}