{
  "prevalence": 0.16666666666666666,
  "n": 120,
  "tp": 11,
  "tn": 97,
  "fp": 3,
  "fn": 9,
  "accuracy": 0.9,
  "balanced_accuracy": 0.8504043126684636,
  "f1": 0.6470588235294117,
  "recall": 0.55,
  "precision": 0.7857142857142857,
  "specificity": 0.9150943396226415,
  "err": 0
}