{
  "prevalence": 0.16666666666666666,
  "n": 120,
  "tp": 12,
  "tn": 86,
  "fp": 14,
  "fn": 8,
  "accuracy": 0.8166666666666667,
  "balanced_accuracy": 0.6882160392798691,
  "f1": 0.5217391304347826,
  "recall": 0.6,
  "precision": 0.46153846153846156,
  "specificity": 0.9148936170212766,
  "err": 1
}