{
  "prevalence": 0.02804878048780488,
  "n": 1640,
  "tp": 31,
  "tn": 1576,
  "fp": 18,
  "fn": 15,
  "accuracy": 0.9798780487804878,
  "balanced_accuracy": 0.8116125142703217,
  "f1": 0.6526315789473685,
  "recall": 0.6739130434782609,
  "precision": 0.6326530612244898,
  "specificity": 0.9905719673161534,
  "err": 10
}