{
  "prevalence": 0.16666666666666666,
  "n": 120,
  "tp": 13,
  "tn": 97,
  "fp": 3,
  "fn": 7,
  "accuracy": 0.9166666666666666,
  "balanced_accuracy": 0.8725961538461539,
  "f1": 0.7222222222222223,
  "recall": 0.65,
  "precision": 0.8125,
  "specificity": 0.9326923076923077,
  "err": 0
}