{
  "prevalence": 0.16666666666666666,
  "n": 120,
  "tp": 15,
  "tn": 61,
  "fp": 39,
  "fn": 5,
  "accuracy": 0.6333333333333333,
  "balanced_accuracy": 0.601010101010101,
  "f1": 0.4054054054054055,
  "recall": 0.75,
  "precision": 0.2777777777777778,
  "specificity": 0.9242424242424242,
  "err": 0
}