{
  "prevalence": 0.02804878048780488,
  "n": 1640,
  "tp": 45,
  "tn": 1594,
  "fp": 0,
  "fn": 1,
  "accuracy": 0.999390243902439,
  "balanced_accuracy": 0.9996865203761756,
  "f1": 0.989010989010989,
  "recall": 0.9782608695652174,
  "precision": 1.0,
  "specificity": 0.9993730407523511,
  "err": 0
}