{
  "prevalence": 0.02804878048780488,
  "n": 1640,
  "tp": 35,
  "tn": 1593,
  "fp": 1,
  "fn": 11,
  "accuracy": 0.9926829268292683,
  "balanced_accuracy": 0.9826821834303131,
  "f1": 0.853658536585366,
  "recall": 0.7608695652173914,
  "precision": 0.9722222222222222,
  "specificity": 0.993142144638404,
  "err": 0
}