{
  "prevalence": 0.16666666666666666,
  "n": 120,
  "tp": 6,
  "tn": 97,
  "fp": 3,
  "fn": 14,
  "accuracy": 0.8583333333333333,
  "balanced_accuracy": 0.7702702702702702,
  "f1": 0.41379310344827586,
  "recall": 0.3,
  "precision": 0.6666666666666666,
  "specificity": 0.8738738738738738,
  "err": 0
}