{
  "prevalence": 0.16666666666666666,
  "n": 120,
  "tp": 1,
  "tn": 100,
  "fp": 0,
  "fn": 19,
  "accuracy": 0.8416666666666667,
  "balanced_accuracy": 0.9201680672268908,
  "f1": 0.09523809523809523,
  "recall": 0.05,
  "precision": 1.0,
  "specificity": 0.8403361344537815,
  "err": 0
}