{
  "prevalence": 0.02804878048780488,
  "n": 1640,
  "tp": 39,
  "tn": 1590,
  "fp": 4,
  "fn": 7,
  "accuracy": 0.9932926829268293,
  "balanced_accuracy": 0.9512967628256469,
  "f1": 0.8764044943820224,
  "recall": 0.8478260869565217,
  "precision": 0.9069767441860465,
  "specificity": 0.9956167814652473,
  "err": 3
}