{
  "prevalence": 0.16666666666666666,
  "n": 120,
  "tp": 16,
  "tn": 67,
  "fp": 33,
  "fn": 4,
  "accuracy": 0.6916666666666667,
  "balanced_accuracy": 0.6350962920379419,
  "f1": 0.46376811594202894,
  "recall": 0.8,
  "precision": 0.32653061224489793,
  "specificity": 0.9436619718309859,
  "err": 0
}