{
  "prevalence": 0.02804878048780488,
  "n": 1640,
  "tp": 19,
  "tn": 1546,
  "fp": 48,
  "fn": 27,
  "accuracy": 0.9542682926829268,
  "balanced_accuracy": 0.6332087180119744,
  "f1": 0.336283185840708,
  "recall": 0.41304347826086957,
  "precision": 0.2835820895522388,
  "specificity": 0.9828353464717101,
  "err": 18
}