{
  "prevalence": 0.02804878048780488,
  "n": 1640,
  "tp": 17,
  "tn": 1556,
  "fp": 38,
  "fn": 29,
  "accuracy": 0.9591463414634146,
  "balanced_accuracy": 0.6453971895612274,
  "f1": 0.33663366336633666,
  "recall": 0.3695652173913043,
  "precision": 0.3090909090909091,
  "specificity": 0.9817034700315458,
  "err": 19
}