{
  "prevalence": 0.16666666666666666,
  "all_n": {
    "name": "all_n",
    "population": [
      120,
      120,
      120,
      120,
      120,
      120,
      120,
      120,
      120,
      120,
      120,
      120,
      120,
      120,
      120,
      120,
      120,
      120,
      120,
      120,
      120,
      120,
      120,
      120,
      120,
      120,
      120,
      120,
      120,
      120
    ],
    "size": 30,
    "total": 3600,
    "min": 120,
    "q1": 120,
    "median": 120.0,
    "q3": 120,
    "max": 120,
    "mean": 120.0,
    "sd": 0.0
  },
  "all_tp": {
    "name": "all_tp",
    "population": [
      15,
      15,
      15,
      15,
      15,
      15,
      15,
      15,
      15,
      15,
      15,
      15,
      15,
      15,
      14,
      15,
      15,
      15,
      14,
      15,
      15,
      15,
      15,
      15,
      15,
      15,
      15,
      15,
      15,
      15
    ],
    "size": 30,
    "total": 448,
    "min": 14,
    "q1": 15,
    "median": 15.0,
    "q3": 15,
    "max": 15,
    "mean": 14.933333333333334,
    "sd": 0.24944382578492943
  },
  "all_tn": {
    "name": "all_tn",
    "population": [
      95,
      95,
      96,
      95,
      95,
      95,
      95,
      95,
      84,
      91,
      84,
      84,
      84,
      84,
      84,
      84,
      84,
      91,
      84,
      91,
      84,
      84,
      84,
      91,
      84,
      84,
      84,
      84,
      96,
      95
    ],
    "size": 30,
    "total": 2660,
    "min": 84,
    "q1": 84,
    "median": 84.0,
    "q3": 95,
    "max": 96,
    "mean": 88.66666666666667,
    "sd": 5.159672685570493
  },
  "all_fp": {
    "name": "all_fp",
    "population": [
      5,
      5,
      4,
      5,
      5,
      5,
      5,
      5,
      16,
      9,
      16,
      16,
      16,
      16,
      16,
      16,
      16,
      9,
      16,
      9,
      16,
      16,
      16,
      9,
      16,
      16,
      16,
      16,
      4,
      5
    ],
    "size": 30,
    "total": 340,
    "min": 4,
    "q1": 5,
    "median": 16.0,
    "q3": 16,
    "max": 16,
    "mean": 11.333333333333334,
    "sd": 5.159672685570493
  },
  "all_fn": {
    "name": "all_fn",
    "population": [
      5,
      5,
      5,
      5,
      5,
      5,
      5,
      5,
      5,
      5,
      5,
      5,
      5,
      5,
      6,
      5,
      5,
      5,
      6,
      5,
      5,
      5,
      5,
      5,
      5,
      5,
      5,
      5,
      5,
      5
    ],
    "size": 30,
    "total": 152,
    "min": 5,
    "q1": 5,
    "median": 5.0,
    "q3": 5,
    "max": 6,
    "mean": 5.066666666666666,
    "sd": 0.24944382578492943
  },
  "all_accuracy": {
    "name": "all_accuracy",
    "population": [
      0.9166666666666666,
      0.9166666666666666,
      0.925,
      0.9166666666666666,
      0.9166666666666666,
      0.9166666666666666,
      0.9166666666666666,
      0.9166666666666666,
      0.825,
      0.8833333333333333,
      0.825,
      0.825,
      0.825,
      0.825,
      0.8166666666666667,
      0.825,
      0.825,
      0.8833333333333333,
      0.8166666666666667,
      0.8833333333333333,
      0.825,
      0.825,
      0.825,
      0.8833333333333333,
      0.825,
      0.825,
      0.825,
      0.825,
      0.925,
      0.9166666666666666
    ],
    "size": 30,
    "total": 25.89999999999999,
    "min": 0.8166666666666667,
    "q1": 0.825,
    "median": 0.825,
    "q3": 0.9166666666666666,
    "max": 0.925,
    "mean": 0.8633333333333331,
    "sd": 0.04354648431614539
  },
  "all_balanced_accuracy": {
    "name": "all_balanced_accuracy",
    "population": [
      0.85,
      0.85,
      0.8699843668577384,
      0.85,
      0.85,
      0.85,
      0.85,
      0.85,
      0.7138455962305184,
      0.7864583333333333,
      0.7138455962305184,
      0.7138455962305184,
      0.7138455962305184,
      0.7138455962305184,
      0.7,
      0.7138455962305184,
      0.7138455962305184,
      0.7864583333333333,
      0.7,
      0.7864583333333333,
      0.7138455962305184,
      0.7138455962305184,
      0.7138455962305184,
      0.7864583333333333,
      0.7138455962305184,
      0.7138455962305184,
      0.7138455962305184,
      0.7138455962305184,
      0.8699843668577384,
      0.85
    ],
    "size": 30,
    "total": 23.079640414276074,
    "min": 0.7,
    "q1": 0.7138455962305184,
    "median": 0.7138455962305184,
    "q3": 0.85,
    "max": 0.8699843668577384,
    "mean": 0.7693213471425359,
    "sd": 0.06486135880044075
  },
  "all_f1": {
    "name": "all_f1",
    "population": [
      0.75,
      0.75,
      0.7692307692307692,
      0.75,
      0.75,
      0.75,
      0.75,
      0.75,
      0.5882352941176471,
      0.6818181818181818,
      0.5882352941176471,
      0.5882352941176471,
      0.5882352941176471,
      0.5882352941176471,
      0.56,
      0.5882352941176471,
      0.5882352941176471,
      0.6818181818181818,
      0.56,
      0.6818181818181818,
      0.5882352941176471,
      0.5882352941176471,
      0.5882352941176471,
      0.6818181818181818,
      0.5882352941176471,
      0.5882352941176471,
      0.5882352941176471,
      0.5882352941176471,
      0.7692307692307692,
      0.75
    ],
    "size": 30,
    "total": 19.62102838338133,
    "min": 0.56,
    "q1": 0.5882352941176471,
    "median": 0.5882352941176471,
    "q3": 0.75,
    "max": 0.7692307692307692,
    "mean": 0.6540342794460443,
    "sd": 0.07780350926498279
  },
  "all_recall": {
    "name": "all_recall",
    "population": [
      0.75,
      0.75,
      0.75,
      0.75,
      0.75,
      0.75,
      0.75,
      0.75,
      0.75,
      0.75,
      0.75,
      0.75,
      0.75,
      0.75,
      0.7,
      0.75,
      0.75,
      0.75,
      0.7,
      0.75,
      0.75,
      0.75,
      0.75,
      0.75,
      0.75,
      0.75,
      0.75,
      0.75,
      0.75,
      0.75
    ],
    "size": 30,
    "total": 22.4,
    "min": 0.7,
    "q1": 0.75,
    "median": 0.75,
    "q3": 0.75,
    "max": 0.75,
    "mean": 0.7466666666666666,
    "sd": 0.012472191289246485
  },
  "all_precision": {
    "name": "all_precision",
    "population": [
      0.75,
      0.75,
      0.7894736842105263,
      0.75,
      0.75,
      0.75,
      0.75,
      0.75,
      0.4838709677419355,
      0.625,
      0.4838709677419355,
      0.4838709677419355,
      0.4838709677419355,
      0.4838709677419355,
      0.4666666666666667,
      0.4838709677419355,
      0.4838709677419355,
      0.625,
      0.4666666666666667,
      0.625,
      0.4838709677419355,
      0.4838709677419355,
      0.4838709677419355,
      0.625,
      0.4838709677419355,
      0.4838709677419355,
      0.4838709677419355,
      0.4838709677419355,
      0.7894736842105263,
      0.75
    ],
    "size": 30,
    "total": 17.786474250141488,
    "min": 0.4666666666666667,
    "q1": 0.4838709677419355,
    "median": 0.4838709677419355,
    "q3": 0.75,
    "max": 0.7894736842105263,
    "mean": 0.5928824750047162,
    "sd": 0.12611366098023716
  },
  "all_specificity": {
    "name": "all_specificity",
    "population": [
      0.95,
      0.95,
      0.9504950495049505,
      0.95,
      0.95,
      0.95,
      0.95,
      0.95,
      0.9438202247191011,
      0.9479166666666666,
      0.9438202247191011,
      0.9438202247191011,
      0.9438202247191011,
      0.9438202247191011,
      0.9333333333333333,
      0.9438202247191011,
      0.9438202247191011,
      0.9479166666666666,
      0.9333333333333333,
      0.9479166666666666,
      0.9438202247191011,
      0.9438202247191011,
      0.9438202247191011,
      0.9479166666666666,
      0.9438202247191011,
      0.9438202247191011,
      0.9438202247191011,
      0.9438202247191011,
      0.9504950495049505,
      0.95
    ],
    "size": 30,
    "total": 28.37280657841065,
    "min": 0.9333333333333333,
    "q1": 0.9438202247191011,
    "median": 0.9438202247191011,
    "q3": 0.95,
    "max": 0.9504950495049505,