{
  "prevalence": 0.16666666666666666,
  "all_n": {
    "name": "all_n",
    "population": [
      120,
      120,
      120,
      120,
      120,
      120,
      120,
      120,
      120,
      120,
      120,
      120,
      120,
      120,
      120,
      120,
      120,
      120,
      120,
      120,
      120,
      120,
      120,
      120,
      120,
      120,
      120,
      120,
      120,
      120
    ],
    "size": 30,
    "total": 3600,
    "min": 120,
    "q1": 120,
    "median": 120.0,
    "q3": 120,
    "max": 120,
    "mean": 120.0,
    "sd": 0.0
  },
  "all_tp": {
    "name": "all_tp",
    "population": [
      14,
      14,
      14,
      16,
      14,
      14,
      14,
      14,
      14,
      13,
      13,
      14,
      14,
      14,
      13,
      13,
      13,
      13,
      13,
      14,
      13,
      14,
      14,
      14,
      12,
      14,
      13,
      13,
      14,
      14
    ],
    "size": 30,
    "total": 410,
    "min": 12,
    "q1": 13,
    "median": 14.0,
    "q3": 14,
    "max": 16,
    "mean": 13.666666666666666,
    "sd": 0.6992058987801009
  },
  "all_tn": {
    "name": "all_tn",
    "population": [
      97,
      97,
      97,
      98,
      97,
      97,
      97,
      97,
      98,
      98,
      98,
      98,
      98,
      97,
      99,
      98,
      98,
      98,
      97,
      97,
      98,
      98,
      97,
      97,
      97,
      97,
      99,
      97,
      97,
      97
    ],
    "size": 30,
    "total": 2925,
    "min": 97,
    "q1": 97,
    "median": 97.0,
    "q3": 98,
    "max": 99,
    "mean": 97.5,
    "sd": 0.6191391873668903
  },
  "all_fp": {
    "name": "all_fp",
    "population": [
      3,
      3,
      3,
      2,
      3,
      3,
      3,
      3,
      2,
      2,
      2,
      2,
      2,
      3,
      1,
      2,
      2,
      2,
      3,
      3,
      2,
      2,
      3,
      3,
      3,
      3,
      1,
      3,
      3,
      3
    ],
    "size": 30,
    "total": 75,
    "min": 1,
    "q1": 2,
    "median": 3.0,
    "q3": 3,
    "max": 3,
    "mean": 2.5,
    "sd": 0.6191391873668903
  },
  "all_fn": {
    "name": "all_fn",
    "population": [
      6,
      6,
      6,
      4,
      6,
      6,
      6,
      6,
      6,
      7,
      7,
      6,
      6,
      6,
      7,
      7,
      7,
      7,
      7,
      6,
      7,
      6,
      6,
      6,
      8,
      6,
      7,
      7,
      6,
      6
    ],
    "size": 30,
    "total": 190,
    "min": 4,
    "q1": 6,
    "median": 6.0,
    "q3": 7,
    "max": 8,
    "mean": 6.333333333333333,
    "sd": 0.699205898780101
  },
  "all_accuracy": {
    "name": "all_accuracy",
    "population": [
      0.925,
      0.925,
      0.925,
      0.95,
      0.925,
      0.925,
      0.925,
      0.925,
      0.9333333333333333,
      0.925,
      0.925,
      0.9333333333333333,
      0.9333333333333333,
      0.925,
      0.9333333333333333,
      0.925,
      0.925,
      0.925,
      0.9166666666666666,
      0.925,
      0.925,
      0.9333333333333333,
      0.925,
      0.925,
      0.9083333333333333,
      0.925,
      0.9333333333333333,
      0.9166666666666666,
      0.925,
      0.925
    ],
    "size": 30,
    "total": 27.79166666666668,
    "min": 0.9083333333333333,
    "q1": 0.925,
    "median": 0.925,
    "q3": 0.925,
    "max": 0.95,
    "mean": 0.9263888888888893,
    "sd": 0.006832429931249355
  },
  "all_balanced_accuracy": {
    "name": "all_balanced_accuracy",
    "population": [
      0.8826384922901199,
      0.8826384922901199,
      0.8826384922901199,
      0.9248366013071896,
      0.8826384922901199,
      0.8826384922901199,
      0.8826384922901199,
      0.8826384922901199,
      0.9086538461538461,
      0.9,
      0.9,
      0.9086538461538461,
      0.9086538461538461,
      0.8826384922901199,
      0.931266846361186,
      0.9,
      0.9,
      0.9,
      0.8725961538461539,
      0.8826384922901199,
      0.9,
      0.9086538461538461,
      0.8826384922901199,
      0.8826384922901199,
      0.861904761904762,
      0.8826384922901199,
      0.931266846361186,
      0.8725961538461539,
      0.8826384922901199,
      0.8826384922901199
    ],
    "size": 30,
    "total": 26.786021640303694,
    "min": 0.861904761904762,
    "q1": 0.8826384922901199,
    "median": 0.8826384922901199,
    "q3": 0.9,
    "max": 0.931266846361186,
    "mean": 0.8928673880101231,
    "sd": 0.016850831591089088
  },
  "all_f1": {
    "name": "all_f1",
    "population": [
      0.7567567567567567,
      0.7567567567567567,
      0.7567567567567567,
      0.8421052631578948,
      0.7567567567567567,
      0.7567567567567567,
      0.7567567567567567,
      0.7567567567567567,
      0.7777777777777777,
      0.7428571428571429,
      0.7428571428571429,
      0.7777777777777777,
      0.7777777777777777,
      0.7567567567567567,
      0.7647058823529412,
      0.7428571428571429,
      0.7428571428571429,
      0.7428571428571429,
      0.7222222222222223,
      0.7567567567567567,
      0.7428571428571429,
      0.7777777777777777,
      0.7567567567567567,
      0.7567567567567567,
      0.6857142857142857,
      0.7567567567567567,
      0.7647058823529412,
      0.7222222222222223,
      0.7567567567567567,
      0.7567567567567567
    ],
    "size": 30,
    "total": 22.664524320871077,
    "min": 0.6857142857142857,
    "q1": 0.7428571428571429,
    "median": 0.7567567567567567,
    "q3": 0.7567567567567567,
    "max": 0.8421052631578948,
    "mean": 0.755484144029036,
    "sd": 0.024304449652288833
  },
  "all_recall": {
    "name": "all_recall",
    "population": [
      0.7,
      0.7,
      0.7,
      0.8,
      0.7,
      0.7,
      0.7,
      0.7,
      0.7,
      0.65,
      0.65,
      0.7,
      0.7,
      0.7,
      0.65,
      0.65,
      0.65,
      0.65,
      0.65,
      0.7,
      0.65,
      0.7,
      0.7,
      0.7,
      0.6,
      0.7,
      0.65,
      0.65,
      0.7,
      0.7
    ],
    "size": 30,
    "total": 20.499999999999996,
    "min": 0.6,
    "q1": 0.65,
    "median": 0.7,
    "q3": 0.7,
    "max": 0.8,
    "mean": 0.6833333333333332,
    "sd": 0.03496029493900504
  },
  "all_precision": {
    "name": "all_precision",
    "population": [
      0.8235294117647058,
      0.8235294117647058,
      0.8235294117647058,
      0.8888888888888888,
      0.8235294117647058,
      0.8235294117647058,
      0.8235294117647058,
      0.8235294117647058,
      0.875,
      0.8666666666666667,
      0.8666666666666667,
      0.875,
      0.875,
      0.8235294117647058,
      0.9285714285714286,
      0.8666666666666667,
      0.8666666666666667,
      0.8666666666666667,
      0.8125,
      0.8235294117647058,
      0.8666666666666667,
      0.875,
      0.8235294117647058,
      0.8235294117647058,
      0.8,
      0.8235294117647058,
      0.9285714285714286,
      0.8125,
      0.8235294117647058,
      0.8235294117647058
    ],
    "size": 30,
    "total": 25.400443510737635,
    "min": 0.8,
    "q1": 0.8235294117647058,
    "median": 0.8235294117647058,
    "q3": 0.8666666666666667,
    "max": 0.9285714285714286,
    "mean": 0.8466814503579212,
    "sd": 0.03307454033477303
  },
  "all_specificity": {
    "name": "all_specificity",