{
  "prevalence": 0.16666666666666666,
  "all_n": {
    "name": "all_n",
    "population": [
      120,
      120,
      120,
      120,
      120,
      120,
      120,
      120,
      120,
      120,
      120,
      120,
      120,
      120,
      120,
      120,
      120,
      120,
      120,
      120,
      120,
      120,
      120,
      120,
      120,
      120,
      120,
      120,
      120,
      120
    ],
    "size": 30,
    "total": 3600,
    "min": 120,
    "q1": 120,
    "median": 120.0,
    "q3": 120,
    "max": 120,
    "mean": 120.0,
    "sd": 0.0
  },
  "all_tp": {
    "name": "all_tp",
    "population": [
      16,
      17,
      17,
      17,
      17,
      16,
      16,
      16,
      16,
      16,
      17,
      16,
      17,
      16,
      16,
      16,
      16,
      17,
      17,
      17,
      17,
      17,
      16,
      16,
      16,
      16,
      15,
      16,
      15,
      16
    ],
    "size": 30,
    "total": 489,
    "min": 15,
    "q1": 16,
    "median": 16.0,
    "q3": 17,
    "max": 17,
    "mean": 16.3,
    "sd": 0.5859465277082315
  },
  "all_tn": {
    "name": "all_tn",
    "population": [
      67,
      66,
      66,
      66,
      66,
      67,
      67,
      67,
      67,
      67,
      66,
      67,
      66,
      67,
      67,
      67,
      67,
      66,
      66,
      66,
      66,
      66,
      67,
      67,
      67,
      62,
      61,
      62,
      61,
      62
    ],
    "size": 30,
    "total": 1972,
    "min": 61,
    "q1": 66,
    "median": 66.0,
    "q3": 67,
    "max": 67,
    "mean": 65.73333333333333,
    "sd": 1.9136933459209766
  },
  "all_fp": {
    "name": "all_fp",
    "population": [
      33,
      34,
      34,
      34,
      34,
      33,
      33,
      33,
      33,
      33,
      34,
      33,
      34,
      33,
      33,
      33,
      33,
      34,
      34,
      34,
      34,
      34,
      33,
      33,
      33,
      38,
      39,
      38,
      39,
      38
    ],
    "size": 30,
    "total": 1028,
    "min": 33,
    "q1": 33,
    "median": 34.0,
    "q3": 34,
    "max": 39,
    "mean": 34.266666666666666,
    "sd": 1.9136933459209766
  },
  "all_fn": {
    "name": "all_fn",
    "population": [
      4,
      3,
      3,
      3,
      3,
      4,
      4,
      4,
      4,
      4,
      3,
      4,
      3,
      4,
      4,
      4,
      4,
      3,
      3,
      3,
      3,
      3,
      4,
      4,
      4,
      4,
      5,
      4,
      5,
      4
    ],
    "size": 30,
    "total": 111,
    "min": 3,
    "q1": 3,
    "median": 4.0,
    "q3": 4,
    "max": 5,
    "mean": 3.7,
    "sd": 0.5859465277082315
  },
  "all_accuracy": {
    "name": "all_accuracy",
    "population": [
      0.6916666666666667,
      0.6916666666666667,
      0.6916666666666667,
      0.6916666666666667,
      0.6916666666666667,
      0.6916666666666667,
      0.6916666666666667,
      0.6916666666666667,
      0.6916666666666667,
      0.6916666666666667,
      0.6916666666666667,
      0.6916666666666667,
      0.6916666666666667,
      0.6916666666666667,
      0.6916666666666667,
      0.6916666666666667,
      0.6916666666666667,
      0.6916666666666667,
      0.6916666666666667,
      0.6916666666666667,
      0.6916666666666667,
      0.6916666666666667,
      0.6916666666666667,
      0.6916666666666667,
      0.6916666666666667,
      0.65,
      0.6333333333333333,
      0.65,
      0.6333333333333333,
      0.65
    ],
    "size": 30,
    "total": 20.508333333333326,
    "min": 0.6333333333333333,
    "q1": 0.6916666666666667,
    "median": 0.6916666666666667,
    "q3": 0.6916666666666667,
    "max": 0.6916666666666667,
    "mean": 0.6836111111111108,
    "sd": 0.01831859677088616
  },
  "all_balanced_accuracy": {
    "name": "all_balanced_accuracy",
    "population": [
      0.6350962920379419,
      0.644927536231884,
      0.644927536231884,
      0.644927536231884,
      0.644927536231884,
      0.6350962920379419,
      0.6350962920379419,
      0.6350962920379419,
      0.6350962920379419,
      0.6350962920379419,
      0.644927536231884,
      0.6350962920379419,
      0.644927536231884,
      0.6350962920379419,
      0.6350962920379419,
      0.6350962920379419,
      0.6350962920379419,
      0.644927536231884,
      0.644927536231884,
      0.644927536231884,
      0.644927536231884,
      0.644927536231884,
      0.6350962920379419,
      0.6350962920379419,
      0.6350962920379419,
      0.6178451178451179,
      0.601010101010101,
      0.6178451178451179,
      0.601010101010101,
      0.6178451178451179
    ],
    "size": 30,
    "total": 19.041106542637465,
    "min": 0.601010101010101,
    "q1": 0.6350962920379419,
    "median": 0.6350962920379419,
    "q3": 0.644927536231884,
    "max": 0.644927536231884,
    "mean": 0.6347035514212488,
    "sd": 0.011937483684200391
  },
  "all_f1": {
    "name": "all_f1",
    "population": [
      0.46376811594202894,
      0.4788732394366197,
      0.4788732394366197,
      0.4788732394366197,
      0.4788732394366197,
      0.46376811594202894,
      0.46376811594202894,
      0.46376811594202894,
      0.46376811594202894,
      0.46376811594202894,
      0.4788732394366197,
      0.46376811594202894,
      0.4788732394366197,
      0.46376811594202894,
      0.46376811594202894,
      0.46376811594202894,
      0.46376811594202894,
      0.4788732394366197,
      0.4788732394366197,
      0.4788732394366197,
      0.4788732394366197,
      0.4788732394366197,
      0.46376811594202894,
      0.46376811594202894,
      0.46376811594202894,
      0.43243243243243246,
      0.4054054054054055,
      0.43243243243243246,
      0.4054054054054055,
      0.43243243243243246
    ],
    "size": 30,
    "total": 13.868467365099335,
    "min": 0.4054054054054055,
    "q1": 0.46376811594202894,
    "median": 0.46376811594202894,
    "q3": 0.4788732394366197,
    "max": 0.4788732394366197,
    "mean": 0.46228224550331115,
    "sd": 0.0201674367320521
  },
  "all_recall": {
    "name": "all_recall",
    "population": [
      0.8,
      0.85,
      0.85,
      0.85,
      0.85,
      0.8,
      0.8,
      0.8,
      0.8,
      0.8,
      0.85,
      0.8,
      0.85,
      0.8,
      0.8,
      0.8,
      0.8,
      0.85,
      0.85,
      0.85,
      0.85,
      0.85,
      0.8,
      0.8,
      0.8,
      0.8,
      0.75,
      0.8,
      0.75,
      0.8
    ],
    "size": 30,
    "total": 24.45000000000001,
    "min": 0.75,
    "q1": 0.8,
    "median": 0.8,
    "q3": 0.85,
    "max": 0.85,
    "mean": 0.8150000000000003,
    "sd": 0.029297326385411552
  },
  "all_precision": {
    "name": "all_precision",
    "population": [
      0.32653061224489793,
      0.3333333333333333,
      0.3333333333333333,
      0.3333333333333333,
      0.3333333333333333,
      0.32653061224489793,
      0.32653061224489793,
      0.32653061224489793,
      0.32653061224489793,
      0.32653061224489793,
      0.3333333333333333,
      0.32653061224489793,
      0.3333333333333333,
      0.32653061224489793,
      0.32653061224489793,
      0.32653061224489793,
      0.32653061224489793,
      0.3333333333333333,
      0.3333333333333333,
      0.3333333333333333,
      0.3333333333333333,
      0.3333333333333333,
      0.32653061224489793,
      0.32653061224489793,
      0.32653061224489793,
      0.2962962962962963,
      0.2777777777777778,
      0.2962962962962963,
      0.2777777777777778,
      0.2962962962962963
    ],
    "size": 30,
    "total": 9.682539682539684,
    "min": 0.2777777777777778,
    "q1": 0.32653061224489793,
    "median": 0.32653061224489793,
    "q3": 0.3333333333333333,
    "max": 0.3333333333333333,
    "mean": 0.3227513227513228,
    "sd": 0.01589190108596879
  },
  "all_specificity": {
    "name": "all_specificity",