{
  "prevalence": 0.16666666666666666,
  "all_n": {
    "name": "all_n",
    "population": [
      120,
      120,
      120,
      120,
      120,
      120,
      120,
      120,
      120,
      120,
      120,
      120,
      120,
      120,
      120,
      120,
      120,
      120,
      120,
      120,
      120,
      120,
      120,
      120,
      120,
      120,
      120,
      120,
      120,
      120
    ],
    "size": 30,
    "total": 3600,
    "min": 120,
    "q1": 120,
    "median": 120.0,
    "q3": 120,
    "max": 120,
    "mean": 120.0,
    "sd": 0.0
  },
  "all_tp": {
    "name": "all_tp",
    "population": [
      17,
      17,
      17,
      17,
      17,
      17,
      17,
      17,
      17,
      17,
      17,
      17,
      17,
      17,
      17,
      17,
      17,
      17,
      17,
      17,
      17,
      17,
      17,
      17,
      17,
      15,
      15,
      16,
      16,
      16
    ],
    "size": 30,
    "total": 503,
    "min": 15,
    "q1": 17,
    "median": 17.0,
    "q3": 17,
    "max": 17,
    "mean": 16.766666666666666,
    "sd": 0.5587684871413403
  },
  "all_tn": {
    "name": "all_tn",
    "population": [
      77,
      73,
      77,
      73,
      73,
      77,
      77,
      73,
      77,
      73,
      73,
      76,
      73,
      73,
      73,
      75,
      73,
      77,
      77,
      77,
      73,
      73,
      73,
      75,
      77,
      65,
      65,
      67,
      68,
      68
    ],
    "size": 30,
    "total": 2201,
    "min": 65,
    "q1": 73,
    "median": 73.0,
    "q3": 77,
    "max": 77,
    "mean": 73.36666666666666,
    "sd": 3.516469188768125
  },
  "all_fp": {
    "name": "all_fp",
    "population": [
      23,
      27,
      23,
      27,
      27,
      23,
      23,
      27,
      23,
      27,
      27,
      24,
      27,
      27,
      27,
      25,
      27,
      23,
      23,
      23,
      27,
      27,
      27,
      25,
      23,
      35,
      35,
      33,
      32,
      32
    ],
    "size": 30,
    "total": 799,
    "min": 23,
    "q1": 23,
    "median": 27.0,
    "q3": 27,
    "max": 35,
    "mean": 26.633333333333333,
    "sd": 3.516469188768125
  },
  "all_fn": {
    "name": "all_fn",
    "population": [
      3,
      3,
      3,
      3,
      3,
      3,
      3,
      3,
      3,
      3,
      3,
      3,
      3,
      3,
      3,
      3,
      3,
      3,
      3,
      3,
      3,
      3,
      3,
      3,
      3,
      5,
      5,
      4,
      4,
      4
    ],
    "size": 30,
    "total": 97,
    "min": 3,
    "q1": 3,
    "median": 3.0,
    "q3": 3,
    "max": 5,
    "mean": 3.2333333333333334,
    "sd": 0.5587684871413403
  },
  "all_accuracy": {
    "name": "all_accuracy",
    "population": [
      0.7833333333333333,
      0.75,
      0.7833333333333333,
      0.75,
      0.75,
      0.7833333333333333,
      0.7833333333333333,
      0.75,
      0.7833333333333333,
      0.75,
      0.75,
      0.775,
      0.75,
      0.75,
      0.75,
      0.7666666666666667,
      0.75,
      0.7833333333333333,
      0.7833333333333333,
      0.7833333333333333,
      0.75,
      0.75,
      0.75,
      0.7666666666666667,
      0.7833333333333333,
      0.6666666666666666,
      0.6666666666666666,
      0.6916666666666667,
      0.7,
      0.7
    ],
    "size": 30,
    "total": 22.533333333333335,
    "min": 0.6666666666666666,
    "q1": 0.75,
    "median": 0.75,
    "q3": 0.7833333333333333,
    "max": 0.7833333333333333,
    "mean": 0.7511111111111112,
    "sd": 0.03338422041683027
  },
  "all_balanced_accuracy": {
    "name": "all_balanced_accuracy",
    "population": [
      0.69375,
      0.6734449760765551,
      0.69375,
      0.6734449760765551,
      0.6734449760765551,
      0.69375,
      0.69375,
      0.6734449760765551,
      0.69375,
      0.6734449760765551,
      0.6734449760765551,
      0.6883297313985798,
      0.6734449760765551,
      0.6734449760765551,
      0.6734449760765551,
      0.6831501831501832,
      0.6734449760765551,
      0.69375,
      0.69375,
      0.69375,
      0.6734449760765551,
      0.6734449760765551,
      0.6734449760765551,
      0.6831501831501832,
      0.69375,
      0.6142857142857143,
      0.6142857142857143,
      0.6350962920379419,
      0.6388888888888888,
      0.6388888888888888
    ],
    "size": 30,
    "total": 20.194610285081307,
    "min": 0.6142857142857143,
    "q1": 0.6734449760765551,
    "median": 0.6734449760765551,
    "q3": 0.69375,
    "max": 0.69375,
    "mean": 0.6731536761693769,
    "sd": 0.022343188918623455
  },
  "all_f1": {
    "name": "all_f1",
    "population": [
      0.5666666666666667,
      0.53125,
      0.5666666666666667,
      0.53125,
      0.53125,
      0.5666666666666667,
      0.5666666666666667,
      0.53125,
      0.5666666666666667,
      0.53125,
      0.53125,
      0.5573770491803278,
      0.53125,
      0.53125,
      0.53125,
      0.5483870967741935,
      0.53125,
      0.5666666666666667,
      0.5666666666666667,
      0.5666666666666667,
      0.53125,
      0.53125,
      0.53125,
      0.5483870967741935,
      0.5666666666666667,
      0.4285714285714285,
      0.4285714285714285,
      0.46376811594202894,
      0.47058823529411764,
      0.47058823529411764
    ],
    "size": 30,
    "total": 15.922488686401836,
    "min": 0.4285714285714285,
    "q1": 0.53125,
    "median": 0.53125,
    "q3": 0.5666666666666667,
    "max": 0.5666666666666667,
    "mean": 0.5307496228800612,
    "sd": 0.038966146069121896
  },
  "all_recall": {
    "name": "all_recall",
    "population": [
      0.85,
      0.85,
      0.85,
      0.85,
      0.85,
      0.85,
      0.85,
      0.85,
      0.85,
      0.85,
      0.85,
      0.85,
      0.85,
      0.85,
      0.85,
      0.85,
      0.85,
      0.85,
      0.85,
      0.85,
      0.85,
      0.85,
      0.85,
      0.85,
      0.85,
      0.75,
      0.75,
      0.8,
      0.8,
      0.8
    ],
    "size": 30,
    "total": 25.150000000000006,
    "min": 0.75,
    "q1": 0.85,
    "median": 0.85,
    "q3": 0.85,
    "max": 0.85,
    "mean": 0.8383333333333335,
    "sd": 0.027938424357067004
  },
  "all_precision": {
    "name": "all_precision",
    "population": [
      0.425,
      0.38636363636363635,
      0.425,
      0.38636363636363635,
      0.38636363636363635,
      0.425,
      0.425,
      0.38636363636363635,
      0.425,
      0.38636363636363635,
      0.38636363636363635,
      0.4146341463414634,
      0.38636363636363635,
      0.38636363636363635,
      0.38636363636363635,
      0.40476190476190477,
      0.38636363636363635,
      0.425,
      0.425,
      0.425,
      0.38636363636363635,
      0.38636363636363635,
      0.38636363636363635,
      0.40476190476190477,
      0.425,
      0.3,
      0.3,
      0.32653061224489793,
      0.3333333333333333,
      0.3333333333333333
    ],
    "size": 30,
    "total": 11.665082507504117,
    "min": 0.3,
    "q1": 0.38636363636363635,
    "median": 0.38636363636363635,
    "q3": 0.425,
    "max": 0.425,
    "mean": 0.38883608358347055,
    "sd": 0.03598588335181251
  },
  "all_specificity": {
    "name": "all_specificity",
    "population": [
      0.9625,
      0.9605263157894737,
      0.9625,
      0.9605263157894737,
      0.9605263157894737,
      0.9625,
      0.9625,
      0.9605263157894737,
      0.9625,
      0.9605263157894737,
      0.9605263157894737,
      0.9620253164556962,
      0.9605263157894737,
      0.9605263157894737,
      0.9605263157894737,
      0.9615384615384616,
      0.9605263157894737,
      0.9625,
      0.9625,
      0.9625,
      0.9605263157894737,
      0.9605263157894737,
      0.9605263157894737,
      0.9615384615384616,
      0.9625,
      0.9285714285714286,
      0.9285714285714286,
      0.9436619718309859,
      0.9444444444444444,
      0.9444444444444444
    ],
    "size": 30,
    "total": 28.724138062658493,
    "min": 0.9285714285714286,