{
  "prevalence": 0.16666666666666666,
  "all_n": {
    "name": "all_n",
    "population": [
      120,
      120,
      120,
      120,
      120,
      120,
      120,
      120,
      120,
      120,
      120,
      120,
      120,
      120,
      120,
      120,
      120,
      120,
      120,
      120,
      120,
      120,
      120,
      120,
      120,
      120,
      120,
      120,
      120,
      120
    ],
    "size": 30,
    "total": 3600,
    "min": 120,
    "q1": 120,
    "median": 120.0,
    "q3": 120,
    "max": 120,
    "mean": 120.0,
    "sd": 0.0
  },
  "all_tp": {
    "name": "all_tp",
    "population": [
      16,
      16,
      16,
      16,
      16,
      16,
      16,
      16,
      16,
      16,
      16,
      16,
      16,
      16,
      16,
      16,
      16,
      16,
      16,
      16,
      16,
      16,
      16,
      16,
      16,
      16,
      14,
      14,
      16,
      16
    ],
    "size": 30,
    "total": 476,
    "min": 14,
    "q1": 16,
    "median": 16.0,
    "q3": 16,
    "max": 16,
    "mean": 15.866666666666667,
    "sd": 0.49888765156985887
  },
  "all_tn": {
    "name": "all_tn",
    "population": [
      92,
      92,
      93,
      92,
      92,
      92,
      92,
      92,
      92,
      91,
      92,
      92,
      92,
      92,
      92,
      91,
      93,
      92,
      92,
      92,
      91,
      92,
      91,
      92,
      92,
      91,
      91,
      90,
      90,
      91
    ],
    "size": 30,
    "total": 2751,
    "min": 90,
    "q1": 91,
    "median": 92.0,
    "q3": 92,
    "max": 93,
    "mean": 91.7,
    "sd": 0.6904105059069325
  },
  "all_fp": {
    "name": "all_fp",
    "population": [
      8,
      8,
      7,
      8,
      8,
      8,
      8,
      8,
      8,
      9,
      8,
      8,
      8,
      8,
      8,
      9,
      7,
      8,
      8,
      8,
      9,
      8,
      9,
      8,
      8,
      9,
      9,
      10,
      10,
      9
    ],
    "size": 30,
    "total": 249,
    "min": 7,
    "q1": 8,
    "median": 8.0,
    "q3": 9,
    "max": 10,
    "mean": 8.3,
    "sd": 0.6904105059069326
  },
  "all_fn": {
    "name": "all_fn",
    "population": [
      4,
      4,
      4,
      4,
      4,
      4,
      4,
      4,
      4,
      4,
      4,
      4,
      4,
      4,
      4,
      4,
      4,
      4,
      4,
      4,
      4,
      4,
      4,
      4,
      4,
      4,
      6,
      6,
      4,
      4
    ],
    "size": 30,
    "total": 124,
    "min": 4,
    "q1": 4,
    "median": 4.0,
    "q3": 4,
    "max": 6,
    "mean": 4.133333333333334,
    "sd": 0.49888765156985887
  },
  "all_accuracy": {
    "name": "all_accuracy",
    "population": [
      0.9,
      0.9,
      0.9083333333333333,
      0.9,
      0.9,
      0.9,
      0.9,
      0.9,
      0.9,
      0.8916666666666667,
      0.9,
      0.9,
      0.9,
      0.9,
      0.9,
      0.8916666666666667,
      0.9083333333333333,
      0.9,
      0.9,
      0.9,
      0.8916666666666667,
      0.9,
      0.8916666666666667,
      0.9,
      0.9,
      0.8916666666666667,
      0.875,
      0.8666666666666667,
      0.8833333333333333,
      0.8916666666666667
    ],
    "size": 30,
    "total": 26.89166666666666,
    "min": 0.8666666666666667,
    "q1": 0.8916666666666667,
    "median": 0.9,
    "q3": 0.9,
    "max": 0.9083333333333333,
    "mean": 0.8963888888888886,
    "sd": 0.008521034250098869
  },
  "all_balanced_accuracy": {
    "name": "all_balanced_accuracy",
    "population": [
      0.8125,
      0.8125,
      0.8272075302554909,
      0.8125,
      0.8125,
      0.8125,
      0.8125,
      0.8125,
      0.8125,
      0.7989473684210526,
      0.8125,
      0.8125,
      0.8125,
      0.8125,
      0.8125,
      0.7989473684210526,
      0.8272075302554909,
      0.8125,
      0.8125,
      0.8125,
      0.7989473684210526,
      0.8125,
      0.7989473684210526,
      0.8125,
      0.8125,
      0.7989473684210526,
      0.7734199910354101,
      0.7604166666666667,
      0.7864157119476269,
      0.7989473684210526
    ],
    "size": 30,
    "total": 24.205851640687005,
    "min": 0.7604166666666667,
    "q1": 0.7989473684210526,
    "median": 0.8125,
    "q3": 0.8125,
    "max": 0.8272075302554909,
    "mean": 0.8068617213562335,
    "sd": 0.013541628461600059
  },
  "all_f1": {
    "name": "all_f1",
    "population": [
      0.7272727272727272,
      0.7272727272727272,
      0.7441860465116279,
      0.7272727272727272,
      0.7272727272727272,
      0.7272727272727272,
      0.7272727272727272,
      0.7272727272727272,
      0.7272727272727272,
      0.7111111111111111,
      0.7272727272727272,
      0.7272727272727272,
      0.7272727272727272,
      0.7272727272727272,
      0.7272727272727272,
      0.7111111111111111,
      0.7441860465116279,
      0.7272727272727272,
      0.7272727272727272,
      0.7272727272727272,
      0.7111111111111111,
      0.7272727272727272,
      0.7111111111111111,
      0.7272727272727272,
      0.7272727272727272,
      0.7111111111111111,
      0.6511627906976744,
      0.6363636363636365,
      0.6956521739130435,
      0.7111111111111111
    ],
    "size": 30,
    "total": 21.55639917884609,
    "min": 0.6363636363636365,
    "q1": 0.7111111111111111,
    "median": 0.7272727272727272,
    "q3": 0.7272727272727272,
    "max": 0.7441860465116279,
    "mean": 0.7185466392948696,
    "sd": 0.022295002478369942
  },
  "all_recall": {
    "name": "all_recall",
    "population": [
      0.8,
      0.8,
      0.8,
      0.8,
      0.8,
      0.8,
      0.8,
      0.8,
      0.8,
      0.8,
      0.8,
      0.8,
      0.8,
      0.8,
      0.8,
      0.8,
      0.8,
      0.8,
      0.8,
      0.8,
      0.8,
      0.8,
      0.8,
      0.8,
      0.8,
      0.8,
      0.7,
      0.7,
      0.8,
      0.8
    ],
    "size": 30,
    "total": 23.800000000000008,
    "min": 0.7,
    "q1": 0.8,
    "median": 0.8,
    "q3": 0.8,
    "max": 0.8,
    "mean": 0.7933333333333336,
    "sd": 0.024944382578492963
  },
  "all_precision": {
    "name": "all_precision",
    "population": [
      0.6666666666666666,
      0.6666666666666666,
      0.6956521739130435,
      0.6666666666666666,
      0.6666666666666666,
      0.6666666666666666,
      0.6666666666666666,
      0.6666666666666666,
      0.6666666666666666,
      0.64,
      0.6666666666666666,
      0.6666666666666666,
      0.6666666666666666,
      0.6666666666666666,
      0.6666666666666666,
      0.64,
      0.6956521739130435,
      0.6666666666666666,
      0.6666666666666666,
      0.6666666666666666,
      0.64,
      0.6666666666666666,
      0.64,
      0.6666666666666666,
      0.6666666666666666,
      0.64,
      0.6086956521739131,
      0.5833333333333334,
      0.6153846153846154,
      0.64
    ],
    "size": 30,
    "total": 19.705384615384617,
    "min": 0.5833333333333334,
    "q1": 0.64,
    "median": 0.6666666666666666,
    "q3": 0.6666666666666666,
    "max": 0.6956521739130435,
    "mean": 0.6568461538461539,
    "sd": 0.02308581347570328
  },
  "all_specificity": {
    "name": "all_specificity",
    "population": [
      0.9583333333333334,
      0.9583333333333334,
      0.9587628865979382,
      0.9583333333333334,
      0.9583333333333334,
      0.9583333333333334,
      0.9583333333333334,
      0.9583333333333334,
      0.9583333333333334,
      0.9578947368421052,
      0.9583333333333334,
      0.9583333333333334,
      0.9583333333333334,
      0.9583333333333334,
      0.9583333333333334,
      0.9578947368421052,
      0.9587628865979382,
      0.9583333333333334,
      0.9583333333333334,
      0.9583333333333334,
      0.9578947368421052,
      0.9583333333333334,
      0.9578947368421052,
      0.9583333333333334,
      0.9583333333333334,
      0.9578947368421052,
      0.9381443298969072,
      0.9375,
      0.9574468085106383,
      0.9578947368421052
    ],
    "size": 30,
    "total": 28.70631866598939,
    "min": 0.9375,