{
  "prevalence": 0.02804878048780488,
  "all_n": {
    "name": "all_n",
    "population": [
      1640,
      1640,
      1640,
      1640,
      1640,
      1640,
      1640,
      1640,
      1640,
      1640,
      1640,
      1640,
      1640,
      1640,
      1640,
      1640,
      1640,
      1640,
      1640,
      1640,
      1640,
      1640,
      1640,
      1640,
      1640,
      1640,
      1640,
      1640,
      1640,
      1640
    ],
    "size": 30,
    "total": 49200,
    "min": 1640,
    "q1": 1640,
    "median": 1640.0,
    "q3": 1640,
    "max": 1640,
    "mean": 1640.0,
    "sd": 0.0
  },
  "all_tp": {
    "name": "all_tp",
    "population": [
      41,
      41,
      41,
      41,
      41,
      41,
      41,
      41,
      41,
      41,
      41,
      41,
      41,
      41,
      41,
      41,
      41,
      41,
      41,
      41,
      41,
      41,
      41,
      41,
      41,
      41,
      41,
      41,
      41,
      41
    ],
    "size": 30,
    "total": 1230,
    "min": 41,
    "q1": 41,
    "median": 41.0,
    "q3": 41,
    "max": 41,
    "mean": 41.0,
    "sd": 0.0
  },
  "all_tn": {
    "name": "all_tn",
    "population": [
      1594,
      1594,
      1594,
      1594,
      1594,
      1594,
      1594,
      1594,
      1594,
      1594,
      1594,
      1594,
      1594,
      1594,
      1594,
      1594,
      1594,
      1594,
      1594,
      1594,
      1594,
      1594,
      1594,
      1594,
      1594,
      1593,
      1593,
      1593,
      1593,
      1593
    ],
    "size": 30,
    "total": 47815,
    "min": 1593,
    "q1": 1594,
    "median": 1594.0,
    "q3": 1594,
    "max": 1594,
    "mean": 1593.8333333333333,
    "sd": 0.3726779962499649
  },
  "all_fp": {
    "name": "all_fp",
    "population": [
      0,
      0,
      0,
      0,
      0,
      0,
      0,
      0,
      0,
      0,
      0,
      0,
      0,
      0,
      0,
      0,
      0,
      0,
      0,
      0,
      0,
      0,
      0,
      0,
      0,
      1,
      1,
      1,
      1,
      1
    ],
    "size": 30,
    "total": 5,
    "min": 0,
    "q1": 0,
    "median": 0.0,
    "q3": 0,
    "max": 1,
    "mean": 0.16666666666666666,
    "sd": 0.372677996249965
  },
  "all_fn": {
    "name": "all_fn",
    "population": [
      5,
      5,
      5,
      5,
      5,
      5,
      5,
      5,
      5,
      5,
      5,
      5,
      5,
      5,
      5,
      5,
      5,
      5,
      5,
      5,
      5,
      5,
      5,
      5,
      5,
      5,
      5,
      5,
      5,
      5
    ],
    "size": 30,
    "total": 150,
    "min": 5,
    "q1": 5,
    "median": 5.0,
    "q3": 5,
    "max": 5,
    "mean": 5.0,
    "sd": 0.0
  },
  "all_accuracy": {
    "name": "all_accuracy",
    "population": [
      0.9969512195121951,
      0.9969512195121951,
      0.9969512195121951,
      0.9969512195121951,
      0.9969512195121951,
      0.9969512195121951,
      0.9969512195121951,
      0.9969512195121951,
      0.9969512195121951,
      0.9969512195121951,
      0.9969512195121951,
      0.9969512195121951,
      0.9969512195121951,
      0.9969512195121951,
      0.9969512195121951,
      0.9969512195121951,
      0.9969512195121951,
      0.9969512195121951,
      0.9969512195121951,
      0.9969512195121951,
      0.9969512195121951,
      0.9969512195121951,
      0.9969512195121951,
      0.9969512195121951,
      0.9969512195121951,
      0.9963414634146341,
      0.9963414634146341,
      0.9963414634146341,
      0.9963414634146341,
      0.9963414634146341
    ],
    "size": 30,
    "total": 29.905487804878035,
    "min": 0.9963414634146341,
    "q1": 0.9969512195121951,
    "median": 0.9969512195121951,
    "q3": 0.9969512195121951,
    "max": 0.9969512195121951,
    "mean": 0.9968495934959345,
    "sd": 0.00022724268064022274
  },
  "all_balanced_accuracy": {
    "name": "all_balanced_accuracy",
    "population": [
      0.9984365228267666,
      0.9984365228267666,
      0.9984365228267666,
      0.9984365228267666,
      0.9984365228267666,
      0.9984365228267666,
      0.9984365228267666,
      0.9984365228267666,
      0.9984365228267666,
      0.9984365228267666,
      0.9984365228267666,
      0.9984365228267666,
      0.9984365228267666,
      0.9984365228267666,
      0.9984365228267666,
      0.9984365228267666,
      0.9984365228267666,
      0.9984365228267666,
      0.9984365228267666,
      0.9984365228267666,
      0.9984365228267666,
      0.9984365228267666,
      0.9984365228267666,
      0.9984365228267666,
      0.9984365228267666,
      0.9865307825257763,
      0.9865307825257763,
      0.9865307825257763,
      0.9865307825257763,
      0.9865307825257763
    ],
    "size": 30,
    "total": 29.89356698329803,
    "min": 0.9865307825257763,
    "q1": 0.9984365228267666,
    "median": 0.9984365228267666,
    "q3": 0.9984365228267666,
    "max": 0.9984365228267666,
    "mean": 0.996452232776601,
    "sd": 0.004437007439245535
  },
  "all_f1": {
    "name": "all_f1",
    "population": [
      0.9425287356321839,
      0.9425287356321839,
      0.9425287356321839,
      0.9425287356321839,
      0.9425287356321839,
      0.9425287356321839,
      0.9425287356321839,
      0.9425287356321839,
      0.9425287356321839,
      0.9425287356321839,
      0.9425287356321839,
      0.9425287356321839,
      0.9425287356321839,
      0.9425287356321839,
      0.9425287356321839,
      0.9425287356321839,
      0.9425287356321839,
      0.9425287356321839,
      0.9425287356321839,
      0.9425287356321839,
      0.9425287356321839,
      0.9425287356321839,
      0.9425287356321839,
      0.9425287356321839,
      0.9425287356321839,
      0.9318181818181818,
      0.9318181818181818,
      0.9318181818181818,
      0.9318181818181818,
      0.9318181818181818
    ],
    "size": 30,
    "total": 28.222309299895514,
    "min": 0.9318181818181818,
    "q1": 0.9425287356321839,
    "median": 0.9425287356321839,
    "q3": 0.9425287356321839,
    "max": 0.9425287356321839,
    "mean": 0.9407436433298505,
    "sd": 0.003991587734129722
  },
  "all_recall": {
    "name": "all_recall",
    "population": [
      0.8913043478260869,
      0.8913043478260869,
      0.8913043478260869,
      0.8913043478260869,
      0.8913043478260869,
      0.8913043478260869,
      0.8913043478260869,
      0.8913043478260869,
      0.8913043478260869,
      0.8913043478260869,
      0.8913043478260869,
      0.8913043478260869,
      0.8913043478260869,
      0.8913043478260869,
      0.8913043478260869,
      0.8913043478260869,
      0.8913043478260869,
      0.8913043478260869,
      0.8913043478260869,
      0.8913043478260869,
      0.8913043478260869,
      0.8913043478260869,
      0.8913043478260869,
      0.8913043478260869,
      0.8913043478260869,
      0.8913043478260869,
      0.8913043478260869,
      0.8913043478260869,
      0.8913043478260869,
      0.8913043478260869
    ],
    "size": 30,
    "total": 26.739130434782588,
    "min": 0.8913043478260869,
    "q1": 0.8913043478260869,
    "median": 0.8913043478260869,
    "q3": 0.8913043478260869,
    "max": 0.8913043478260869,
    "mean": 0.8913043478260863,
    "sd": 6.661338147750939e-16
  },
  "all_precision": {
    "name": "all_precision",
    "population": [
      1.0,
      1.0,
      1.0,
      1.0,
      1.0,
      1.0,
      1.0,
      1.0,
      1.0,
      1.0,
      1.0,
      1.0,
      1.0,
      1.0,
      1.0,
      1.0,
      1.0,
      1.0,
      1.0,
      1.0,
      1.0,
      1.0,
      1.0,
      1.0,
      1.0,
      0.9761904761904762,
      0.9761904761904762,
      0.9761904761904762,
      0.9761904761904762,
      0.9761904761904762
    ],
    "size": 30,
    "total": 29.880952380952372,
    "min": 0.9761904761904762,
    "q1": 1.0,
    "median": 1.0,
    "q3": 1.0,
    "max": 1.0,
    "mean": 0.9960317460317457,
    "sd": 0.008873285624999176
  },
  "all_specificity": {
    "name": "all_specificity",