{
  "prevalence": 0.02804878048780488,
  "all_n": {
    "name": "all_n",
    "population": [
      1640,
      1640,
      1640,
      1640,
      1640,
      1640,
      1640,
      1640,
      1640,
      1640,
      1640,
      1640,
      1640,
      1640,
      1640,
      1640,
      1640,
      1640,
      1640,
      1640,
      1640,
      1640,
      1640,
      1640,
      1640,
      1640,
      1640,
      1640,
      1640,
      1640
    ],
    "size": 30,
    "total": 49200,
    "min": 1640,
    "q1": 1640,
    "median": 1640.0,
    "q3": 1640,
    "max": 1640,
    "mean": 1640.0,
    "sd": 0.0
  },
  "all_tp": {
    "name": "all_tp",
    "population": [
      45,
      45,
      45,
      45,
      45,
      45,
      45,
      45,
      45,
      45,
      45,
      45,
      45,
      45,
      45,
      45,
      45,
      45,
      45,
      45,
      45,
      45,
      45,
      45,
      45,
      45,
      44,
      45,
      45,
      45
    ],
    "size": 30,
    "total": 1349,
    "min": 44,
    "q1": 45,
    "median": 45.0,
    "q3": 45,
    "max": 45,
    "mean": 44.96666666666667,
    "sd": 0.17950549357115014
  },
  "all_tn": {
    "name": "all_tn",
    "population": [
      1593,
      1592,
      1592,
      1592,
      1592,
      1592,
      1592,
      1593,
      1593,
      1593,
      1593,
      1593,
      1593,
      1593,
      1594,
      1593,
      1593,
      1593,
      1593,
      1593,
      1594,
      1592,
      1593,
      1593,
      1593,
      1593,
      1593,
      1593,
      1592,
      1592
    ],
    "size": 30,
    "total": 47783,
    "min": 1592,
    "q1": 1592,
    "median": 1593.0,
    "q3": 1593,
    "max": 1594,
    "mean": 1592.7666666666667,
    "sd": 0.5587684871413402
  },
  "all_fp": {
    "name": "all_fp",
    "population": [
      1,
      2,
      2,
      2,
      2,
      2,
      2,
      1,
      1,
      1,
      1,
      1,
      1,
      1,
      0,
      1,
      1,
      1,
      1,
      1,
      0,
      2,
      1,
      1,
      1,
      1,
      1,
      1,
      2,
      2
    ],
    "size": 30,
    "total": 37,
    "min": 0,
    "q1": 1,
    "median": 1.0,
    "q3": 2,
    "max": 2,
    "mean": 1.2333333333333334,
    "sd": 0.5587684871413402
  },
  "all_fn": {
    "name": "all_fn",
    "population": [
      1,
      1,
      1,
      1,
      1,
      1,
      1,
      1,
      1,
      1,
      1,
      1,
      1,
      1,
      1,
      1,
      1,
      1,
      1,
      1,
      1,
      1,
      1,
      1,
      1,
      1,
      2,
      1,
      1,
      1
    ],
    "size": 30,
    "total": 31,
    "min": 1,
    "q1": 1,
    "median": 1.0,
    "q3": 1,
    "max": 2,
    "mean": 1.0333333333333334,
    "sd": 0.17950549357115012
  },
  "all_accuracy": {
    "name": "all_accuracy",
    "population": [
      0.998780487804878,
      0.9981707317073171,
      0.9981707317073171,
      0.9981707317073171,
      0.9981707317073171,
      0.9981707317073171,
      0.9981707317073171,
      0.998780487804878,
      0.998780487804878,
      0.998780487804878,
      0.998780487804878,
      0.998780487804878,
      0.998780487804878,
      0.998780487804878,
      0.999390243902439,
      0.998780487804878,
      0.998780487804878,
      0.998780487804878,
      0.998780487804878,
      0.998780487804878,
      0.999390243902439,
      0.9981707317073171,
      0.998780487804878,
      0.998780487804878,
      0.998780487804878,
      0.998780487804878,
      0.9981707317073171,
      0.998780487804878,
      0.9981707317073171,
      0.9981707317073171
    ],
    "size": 30,
    "total": 29.958536585365867,
    "min": 0.9981707317073171,
    "q1": 0.9981707317073171,
    "median": 0.998780487804878,
    "q3": 0.998780487804878,
    "max": 0.999390243902439,
    "mean": 0.9986178861788623,
    "sd": 0.00034968801898547293
  },
  "all_balanced_accuracy": {
    "name": "all_balanced_accuracy",
    "population": [
      0.9888167584965359,
      0.97840953106009,
      0.97840953106009,
      0.97840953106009,
      0.97840953106009,
      0.97840953106009,
      0.97840953106009,
      0.9888167584965359,
      0.9888167584965359,
      0.9888167584965359,
      0.9888167584965359,
      0.9888167584965359,
      0.9888167584965359,
      0.9888167584965359,
      0.9996865203761756,
      0.9888167584965359,
      0.9888167584965359,
      0.9888167584965359,
      0.9888167584965359,
      0.9888167584965359,
      0.9996865203761756,
      0.97840953106009,
      0.9888167584965359,
      0.9888167584965359,
      0.9888167584965359,
      0.9888167584965359,
      0.98826192964124,
      0.9888167584965359,
      0.97840953106009,
      0.97840953106009
    ],
    "size": 30,
    "total": 29.592022402872065,
    "min": 0.97840953106009,
    "q1": 0.97840953106009,
    "median": 0.9888167584965359,
    "q3": 0.9888167584965359,
    "max": 0.9996865203761756,
    "mean": 0.9864007467624022,
    "sd": 0.0058773331450575955
  },
  "all_f1": {
    "name": "all_f1",
    "population": [
      0.9782608695652174,
      0.967741935483871,
      0.967741935483871,
      0.967741935483871,
      0.967741935483871,
      0.967741935483871,
      0.967741935483871,
      0.9782608695652174,
      0.9782608695652174,
      0.9782608695652174,
      0.9782608695652174,
      0.9782608695652174,
      0.9782608695652174,
      0.9782608695652174,
      0.989010989010989,
      0.9782608695652174,
      0.9782608695652174,
      0.9782608695652174,
      0.9782608695652174,
      0.9782608695652174,
      0.989010989010989,
      0.967741935483871,
      0.9782608695652174,
      0.9782608695652174,
      0.9782608695652174,
      0.9782608695652174,
      0.967032967032967,
      0.9782608695652174,
      0.967741935483871,
      0.967741935483871
    ],
    "size": 30,
    "total": 29.263428016583706,
    "min": 0.967032967032967,
    "q1": 0.967741935483871,
    "median": 0.9782608695652174,
    "q3": 0.9782608695652174,
    "max": 0.989010989010989,
    "mean": 0.9754476005527902,
    "sd": 0.006098068610227575
  },
  "all_recall": {
    "name": "all_recall",
    "population": [
      0.9782608695652174,
      0.9782608695652174,
      0.9782608695652174,
      0.9782608695652174,
      0.9782608695652174,
      0.9782608695652174,
      0.9782608695652174,
      0.9782608695652174,
      0.9782608695652174,
      0.9782608695652174,
      0.9782608695652174,
      0.9782608695652174,
      0.9782608695652174,
      0.9782608695652174,
      0.9782608695652174,
      0.9782608695652174,
      0.9782608695652174,
      0.9782608695652174,
      0.9782608695652174,
      0.9782608695652174,
      0.9782608695652174,
      0.9782608695652174,
      0.9782608695652174,
      0.9782608695652174,
      0.9782608695652174,
      0.9782608695652174,
      0.9565217391304348,
      0.9782608695652174,
      0.9782608695652174,
      0.9782608695652174
    ],
    "size": 30,
    "total": 29.32608695652175,
    "min": 0.9565217391304348,
    "q1": 0.9782608695652174,
    "median": 0.9782608695652174,
    "q3": 0.9782608695652174,
    "max": 0.9782608695652174,
    "mean": 0.9775362318840582,
    "sd": 0.003902293338503261
  },
  "all_precision": {
    "name": "all_precision",