{
  "prevalence": 0.02804878048780488,
  "all_n": {
    "name": "all_n",
    "population": [
      1640,
      1640,
      1640,
      1640,
      1640,
      1640,
      1640,
      1640,
      1640,
      1640,
      1640,
      1640,
      1640,
      1640,
      1640,
      1640,
      1640,
      1640,
      1640,
      1640,
      1640,
      1640,
      1640,
      1640,
      1640,
      1640,
      1640,
      1640,
      1640,
      1640
    ],
    "size": 30,
    "total": 49200,
    "min": 1640,
    "q1": 1640,
    "median": 1640.0,
    "q3": 1640,
    "max": 1640,
    "mean": 1640.0,
    "sd": 0.0
  },
  "all_tp": {
    "name": "all_tp",
    "population": [
      46,
      46,
      46,
      46,
      46,
      46,
      46,
      45,
      46,
      45,
      45,
      46,
      46,
      46,
      46,
      46,
      46,
      46,
      45,
      45,
      46,
      46,
      46,
      46,
      46,
      46,
      46,
      46,
      46,
      46
    ],
    "size": 30,
    "total": 1375,
    "min": 45,
    "q1": 46,
    "median": 46.0,
    "q3": 46,
    "max": 46,
    "mean": 45.833333333333336,
    "sd": 0.3726779962499648
  },
  "all_tn": {
    "name": "all_tn",
    "population": [
      1577,
      1577,
      1576,
      1577,
      1577,
      1577,
      1576,
      1577,
      1576,
      1577,
      1576,
      1577,
      1576,
      1576,
      1577,
      1576,
      1577,
      1577,
      1576,
      1577,
      1577,
      1576,
      1577,
      1576,
      1576,
      1580,
      1580,
      1579,
      1580,
      1579
    ],
    "size": 30,
    "total": 47312,
    "min": 1576,
    "q1": 1576,
    "median": 1577.0,
    "q3": 1577,
    "max": 1580,
    "mean": 1577.0666666666666,
    "sd": 1.2364824660660938
  },
  "all_fp": {
    "name": "all_fp",
    "population": [
      17,
      17,
      18,
      17,
      17,
      17,
      18,
      17,
      18,
      17,
      18,
      17,
      18,
      18,
      17,
      18,
      17,
      17,
      18,
      17,
      17,
      18,
      17,
      18,
      18,
      14,
      14,
      15,
      14,
      15
    ],
    "size": 30,
    "total": 508,
    "min": 14,
    "q1": 17,
    "median": 17.0,
    "q3": 18,
    "max": 18,
    "mean": 16.933333333333334,
    "sd": 1.236482466066094
  },
  "all_fn": {
    "name": "all_fn",
    "population": [
      0,
      0,
      0,
      0,
      0,
      0,
      0,
      1,
      0,
      1,
      1,
      0,
      0,
      0,
      0,
      0,
      0,
      0,
      1,
      1,
      0,
      0,
      0,
      0,
      0,
      0,
      0,
      0,
      0,
      0
    ],
    "size": 30,
    "total": 5,
    "min": 0,
    "q1": 0,
    "median": 0.0,
    "q3": 0,
    "max": 1,
    "mean": 0.16666666666666666,
    "sd": 0.3726779962499649
  },
  "all_accuracy": {
    "name": "all_accuracy",
    "population": [
      0.9896341463414634,
      0.9896341463414634,
      0.9890243902439024,
      0.9896341463414634,
      0.9896341463414634,
      0.9896341463414634,
      0.9890243902439024,
      0.9890243902439024,
      0.9890243902439024,
      0.9890243902439024,
      0.9884146341463415,
      0.9896341463414634,
      0.9890243902439024,
      0.9890243902439024,
      0.9896341463414634,
      0.9890243902439024,
      0.9896341463414634,
      0.9896341463414634,
      0.9884146341463415,
      0.9890243902439024,
      0.9896341463414634,
      0.9890243902439024,
      0.9896341463414634,
      0.9890243902439024,
      0.9890243902439024,
      0.9914634146341463,
      0.9914634146341463,
      0.9908536585365854,
      0.9914634146341463,
      0.9908536585365854
    ],
    "size": 30,
    "total": 29.687195121951216,
    "min": 0.9884146341463415,
    "q1": 0.9890243902439024,
    "median": 0.9896341463414634,
    "q3": 0.9896341463414634,
    "max": 0.9914634146341463,
    "mean": 0.9895731707317073,
    "sd": 0.0008233589065255736
  },
  "all_balanced_accuracy": {
    "name": "all_balanced_accuracy",
    "population": [
      0.8650793650793651,
      0.8650793650793651,
      0.859375,
      0.8650793650793651,
      0.8650793650793651,
      0.8650793650793651,
      0.859375,
      0.8625863690257165,
      0.859375,
      0.8625863690257165,
      0.8568257994383549,
      0.8650793650793651,
      0.859375,
      0.859375,
      0.8650793650793651,
      0.859375,
      0.8650793650793651,
      0.8650793650793651,
      0.8568257994383549,
      0.8625863690257165,
      0.8650793650793651,
      0.859375,
      0.8650793650793651,
      0.859375,
      0.859375,
      0.8833333333333333,
      0.8833333333333333,
      0.8770491803278688,
      0.8833333333333333,
      0.8770491803278688
    ],
    "size": 30,
    "total": 25.955757082482613,
    "min": 0.8568257994383549,
    "q1": 0.859375,
    "median": 0.8650793650793651,
    "q3": 0.8650793650793651,
    "max": 0.8833333333333333,
    "mean": 0.8651919027494205,
    "sd": 0.007601624588602508
  },
  "all_f1": {
    "name": "all_f1",
    "population": [
      0.8440366972477064,
      0.8440366972477064,
      0.8363636363636363,
      0.8440366972477064,
      0.8440366972477064,
      0.8440366972477064,
      0.8363636363636363,
      0.8333333333333333,
      0.8363636363636363,
      0.8333333333333333,
      0.8256880733944955,
      0.8440366972477064,
      0.8363636363636363,
      0.8363636363636363,
      0.8440366972477064,
      0.8363636363636363,
      0.8440366972477064,
      0.8440366972477064,
      0.8256880733944955,
      0.8333333333333333,
      0.8440366972477064,
      0.8363636363636363,
      0.8440366972477064,
      0.8363636363636363,
      0.8363636363636363,
      0.8679245283018869,
      0.8679245283018869,
      0.8598130841121495,
      0.8679245283018869,
      0.8598130841121495
    ],
    "size": 30,
    "total": 25.286452296916448,
    "min": 0.8256880733944955,
    "q1": 0.8363636363636363,
    "median": 0.8440366972477064,
    "q3": 0.8440366972477064,
    "max": 0.8679245283018869,
    "mean": 0.8428817432305482,
    "sd": 0.01113039289632887
  },
  "all_recall": {
    "name": "all_recall",
    "population": [
      1.0,
      1.0,
      1.0,
      1.0,
      1.0,
      1.0,
      1.0,
      0.9782608695652174,
      1.0,
      0.9782608695652174,
      0.9782608695652174,
      1.0,
      1.0,
      1.0,
      1.0,
      1.0,
      1.0,
      1.0,
      0.9782608695652174,
      0.9782608695652174,
      1.0,
      1.0,
      1.0,
      1.0,
      1.0,
      1.0,
      1.0,
      1.0,
      1.0,
      1.0
    ],
    "size": 30,
    "total": 29.89130434782609,
    "min": 0.9782608695652174,
    "q1": 1.0,
    "median": 1.0,
    "q3": 1.0,
    "max": 1.0,
    "mean": 0.996376811594203,
    "sd": 0.008101695570651404
  },
  "all_precision": {
    "name": "all_precision",
    "population": [
      0.7301587301587301,
      0.7301587301587301,
      0.71875,
      0.7301587301587301,
      0.7301587301587301,
      0.7301587301587301,
      0.71875,
      0.7258064516129032,
      0.71875,
      0.7258064516129032,
      0.7142857142857143,
      0.7301587301587301,
      0.71875,
      0.71875,
      0.7301587301587301,
      0.71875,
      0.7301587301587301,
      0.7301587301587301,
      0.7142857142857143,
      0.7258064516129032,
      0.7301587301587301,
      0.71875,
      0.7301587301587301,
      0.71875,
      0.71875,
      0.7666666666666667,
      0.7666666666666667,
      0.7540983606557377,
      0.7666666666666667,
      0.7540983606557377
    ],
    "size": 30,
    "total": 21.914683536467642,
    "min": 0.7142857142857143,
    "q1": 0.71875,
    "median": 0.7301587301587301,
    "q3": 0.7301587301587301,
    "max": 0.7666666666666667,
    "mean": 0.7304894512155881,
    "sd": 0.01513669181634426
  },
  "all_specificity": {
    "name": "all_specificity",