{
  "prevalence": 0.02804878048780488,
  "all_n": {
    "name": "all_n",
    "population": [
      1640,
      1640,
      1640,
      1640,
      1640,
      1640,
      1640,
      1640,
      1640,
      1640,
      1640,
      1640,
      1640,
      1640,
      1640,
      1640,
      1640,
      1640,
      1640,
      1640,
      1640,
      1640,
      1640,
      1640,
      1640,
      1640,
      1640,
      1640,
      1640,
      1640
    ],
    "size": 30,
    "total": 49200,
    "min": 1640,
    "q1": 1640,
    "median": 1640.0,
    "q3": 1640,
    "max": 1640,
    "mean": 1640.0,
    "sd": 0.0
  },
  "all_tp": {
    "name": "all_tp",
    "population": [
      42,
      43,
      43,
      43,
      43,
      43,
      43,
      42,
      42,
      43,
      42,
      43,
      43,
      43,
      43,
      42,
      43,
      43,
      43,
      43,
      43,
      43,
      43,
      43,
      43,
      37,
      36,
      36,
      35,
      36
    ],
    "size": 30,
    "total": 1250,
    "min": 35,
    "q1": 42,
    "median": 43.0,
    "q3": 43,
    "max": 43,
    "mean": 41.666666666666664,
    "sd": 2.573367875415838
  },
  "all_tn": {
    "name": "all_tn",
    "population": [
      1572,
      1562,
      1569,
      1570,
      1573,
      1570,
      1571,
      1571,
      1573,
      1572,
      1572,
      1573,
      1572,
      1570,
      1573,
      1549,
      1562,
      1560,
      1573,
      1558,
      1570,
      1557,
      1568,
      1568,
      1564,
      1535,
      1536,
      1524,
      1534,
      1531
    ],
    "size": 30,
    "total": 46852,
    "min": 1524,
    "q1": 1558,
    "median": 1569.5,
    "q3": 1572,
    "max": 1573,
    "mean": 1561.7333333333333,
    "sd": 14.553197434088345
  },
  "all_fp": {
    "name": "all_fp",
    "population": [
      22,
      32,
      25,
      24,
      21,
      24,
      23,
      23,
      21,
      22,
      22,
      21,
      22,
      24,
      21,
      45,
      32,
      34,
      21,
      36,
      24,
      37,
      26,
      26,
      30,
      59,
      58,
      70,
      60,
      63
    ],
    "size": 30,
    "total": 968,
    "min": 21,
    "q1": 22,
    "median": 24.5,
    "q3": 36,
    "max": 70,
    "mean": 32.266666666666666,
    "sd": 14.553197434088343
  },
  "all_fn": {
    "name": "all_fn",
    "population": [
      4,
      3,
      3,
      3,
      3,
      3,
      3,
      4,
      4,
      3,
      4,
      3,
      3,
      3,
      3,
      4,
      3,
      3,
      3,
      3,
      3,
      3,
      3,
      3,
      3,
      9,
      10,
      10,
      11,
      10
    ],
    "size": 30,
    "total": 130,
    "min": 3,
    "q1": 3,
    "median": 3.0,
    "q3": 4,
    "max": 11,
    "mean": 4.333333333333333,
    "sd": 2.573367875415838
  },
  "all_accuracy": {
    "name": "all_accuracy",
    "population": [
      0.9841463414634146,
      0.9786585365853658,
      0.9829268292682927,
      0.9835365853658536,
      0.9853658536585366,
      0.9835365853658536,
      0.9841463414634146,
      0.9835365853658536,
      0.9847560975609756,
      0.9847560975609756,
      0.9841463414634146,
      0.9853658536585366,
      0.9847560975609756,
      0.9835365853658536,
      0.9853658536585366,
      0.9701219512195122,
      0.9786585365853658,
      0.9774390243902439,
      0.9853658536585366,
      0.9762195121951219,
      0.9835365853658536,
      0.975609756097561,
      0.9823170731707317,
      0.9823170731707317,
      0.9798780487804878,
      0.9585365853658536,
      0.9585365853658536,
      0.9512195121951219,
      0.9567073170731707,
      0.9554878048780487
    ],
    "size": 30,
    "total": 29.330487804878047,
    "min": 0.9512195121951219,
    "q1": 0.9762195121951219,
    "median": 0.9832317073170731,
    "q3": 0.9841463414634146,
    "max": 0.9853658536585366,
    "mean": 0.9776829268292683,
    "sd": 0.0103114305429152
  },
  "all_balanced_accuracy": {
    "name": "all_balanced_accuracy",
    "population": [
      0.826855964467005,
      0.7857082002129925,
      0.8152222721149529,
      0.8199419305253769,
      0.8349857233502538,
      0.8199419305253769,
      0.824804589734704,
      0.8218070818070818,
      0.8320651025153245,
      0.8298168498168499,
      0.826855964467005,
      0.8349857233502538,
      0.8298168498168499,
      0.8199419305253769,
      0.8349857233502538,
      0.7400914803383885,
      0.7857082002129925,
      0.7782610863225066,
      0.8349857233502538,
      0.7711909762485911,
      0.8199419305253769,
      0.7677884615384616,
      0.8106393970424082,
      0.8106393970424082,
      0.793563304805448,
      0.6897938255613126,
      0.6882552090501225,
      0.6665518683427222,
      0.6806506557656277,
      0.6785735354846322
    ],
    "size": 30,
    "total": 23.674370888210916,
    "min": 0.6665518683427222,
    "q1": 0.7711909762485911,
    "median": 0.817582101320165,
    "q3": 0.826855964467005,
    "max": 0.8349857233502538,
    "mean": 0.7891456962736972,
    "sd": 0.05371479409151624
  },
  "all_f1": {
    "name": "all_f1",
    "population": [
      0.7636363636363634,
      0.7107438016528925,
      0.7543859649122806,
      0.7610619469026548,
      0.7818181818181819,
      0.7610619469026548,
      0.7678571428571428,
      0.7567567567567568,
      0.7706422018348623,
      0.7747747747747747,
      0.7636363636363634,
      0.7818181818181819,
      0.7747747747747747,
      0.7610619469026548,
      0.7818181818181819,
      0.631578947368421,
      0.7107438016528925,
      0.6991869918699187,
      0.7818181818181819,
      0.6880000000000001,
      0.7610619469026548,
      0.6825396825396824,
      0.7478260869565218,
      0.7478260869565218,
      0.7226890756302522,
      0.5211267605633803,
      0.5142857142857143,
      0.47368421052631576,
      0.4964539007092198,
      0.496551724137931
    ],
    "size": 30,
    "total": 21.14122164291633,
    "min": 0.47368421052631576,
    "q1": 0.6880000000000001,
    "median": 0.7555713608345187,
    "q3": 0.7678571428571428,
    "max": 0.7818181818181819,
    "mean": 0.704707388097211,
    "sd": 0.09781954000286114
  },
  "all_recall": {
    "name": "all_recall",
    "population": [
      0.9130434782608695,
      0.9347826086956522,
      0.9347826086956522,
      0.9347826086956522,
      0.9347826086956522,
      0.9347826086956522,
      0.9347826086956522,
      0.9130434782608695,
      0.9130434782608695,
      0.9347826086956522,
      0.9130434782608695,
      0.9347826086956522,
      0.9347826086956522,
      0.9347826086956522,
      0.9347826086956522,
      0.9130434782608695,
      0.9347826086956522,
      0.9347826086956522,
      0.9347826086956522,
      0.9347826086956522,
      0.9347826086956522,
      0.9347826086956522,
      0.9347826086956522,
      0.9347826086956522,
      0.9347826086956522,
      0.8043478260869565,
      0.782608695652174,
      0.782608695652174,
      0.7608695652173914,
      0.782608695652174
    ],
    "size": 30,
    "total": 27.173913043478265,
    "min": 0.7608695652173914,
    "q1": 0.9130434782608695,
    "median": 0.9347826086956522,
    "q3": 0.9347826086956522,
    "max": 0.9347826086956522,
    "mean": 0.9057971014492755,
    "sd": 0.05594277990034429
  },
  "all_precision": {
    "name": "all_precision",