{
  "prevalence": 0.02804878048780488,
  "all_n": {
    "name": "all_n",
    "population": [
      1640,
      1640,
      1640,
      1640,
      1640,
      1640,
      1640,
      1640,
      1640,
      1640,
      1640,
      1640,
      1640,
      1640,
      1640,
      1640,
      1640,
      1640,
      1640,
      1640,
      1640,
      1640,
      1640,
      1640,
      1640,
      1640,
      1640,
      1640,
      1640,
      1640
    ],
    "size": 30,
    "total": 49200,
    "min": 1640,
    "q1": 1640,
    "median": 1640.0,
    "q3": 1640,
    "max": 1640,
    "mean": 1640.0,
    "sd": 0.0
  },
  "all_tp": {
    "name": "all_tp",
    "population": [
      43,
      44,
      43,
      44,
      44,
      43,
      44,
      43,
      44,
      43,
      44,
      44,
      44,
      44,
      44,
      44,
      44,
      44,
      44,
      43,
      44,
      44,
      44,
      44,
      44,
      44,
      43,
      44,
      44,
      43
    ],
    "size": 30,
    "total": 1312,
    "min": 43,
    "q1": 43,
    "median": 44.0,
    "q3": 44,
    "max": 44,
    "mean": 43.733333333333334,
    "sd": 0.44221663871405337
  },
  "all_tn": {
    "name": "all_tn",
    "population": [
      1589,
      1551,
      1589,
      1551,
      1550,
      1589,
      1587,
      1588,
      1588,
      1588,
      1588,
      1585,
      1590,
      1588,
      1587,
      1589,
      1585,
      1587,
      1587,
      1589,
      1588,
      1590,
      1585,
      1588,
      1588,
      1588,
      1590,
      1587,
      1551,
      1589
    ],
    "size": 30,
    "total": 47489,
    "min": 1550,
    "q1": 1587,
    "median": 1588.0,
    "q3": 1589,
    "max": 1590,
    "mean": 1582.9666666666667,
    "sd": 12.702974279890343
  },
  "all_fp": {
    "name": "all_fp",
    "population": [
      5,
      43,
      5,
      43,
      44,
      5,
      7,
      6,
      6,
      6,
      6,
      9,
      4,
      6,
      7,
      5,
      9,
      7,
      7,
      5,
      6,
      4,
      9,
      6,
      6,
      6,
      4,
      7,
      43,
      5
    ],
    "size": 30,
    "total": 331,
    "min": 4,
    "q1": 5,
    "median": 6.0,
    "q3": 7,
    "max": 44,
    "mean": 11.033333333333333,
    "sd": 12.702974279890343
  },
  "all_fn": {
    "name": "all_fn",
    "population": [
      3,
      2,
      3,
      2,
      2,
      3,
      2,
      3,
      2,
      3,
      2,
      2,
      2,
      2,
      2,
      2,
      2,
      2,
      2,
      3,
      2,
      2,
      2,
      2,
      2,
      2,
      3,
      2,
      2,
      3
    ],
    "size": 30,
    "total": 68,
    "min": 2,
    "q1": 2,
    "median": 2.0,
    "q3": 3,
    "max": 3,
    "mean": 2.2666666666666666,
    "sd": 0.44221663871405326
  },
  "all_accuracy": {
    "name": "all_accuracy",
    "population": [
      0.9951219512195122,
      0.9725609756097561,
      0.9951219512195122,
      0.9725609756097561,
      0.9719512195121951,
      0.9951219512195122,
      0.9945121951219512,
      0.9945121951219512,
      0.9951219512195122,
      0.9945121951219512,
      0.9951219512195122,
      0.9932926829268293,
      0.9963414634146341,
      0.9951219512195122,
      0.9945121951219512,
      0.9957317073170732,
      0.9932926829268293,
      0.9945121951219512,
      0.9945121951219512,
      0.9951219512195122,
      0.9951219512195122,
      0.9963414634146341,
      0.9932926829268293,
      0.9951219512195122,
      0.9951219512195122,
      0.9951219512195122,
      0.9957317073170732,
      0.9945121951219512,
      0.9725609756097561,
      0.9951219512195122
    ],
    "size": 30,
    "total": 29.75670731707318,
    "min": 0.9719512195121951,
    "q1": 0.9945121951219512,
    "median": 0.9951219512195122,
    "q3": 0.9951219512195122,
    "max": 0.9963414634146341,
    "mean": 0.9918902439024393,
    "sd": 0.007674453321860209
  },
  "all_balanced_accuracy": {
    "name": "all_balanced_accuracy",
    "population": [
      0.9469744556113904,
      0.7522296482151712,
      0.9469744556113904,
      0.7522296482151712,
      0.7493556701030928,
      0.9469744556113904,
      0.9307432223990918,
      0.937832706935697,
      0.93937106918239,
      0.937832706935697,
      0.93937106918239,
      0.9144642198998942,
      0.9577051926298157,
      0.93937106918239,
      0.9307432223990918,
      0.9483510563244782,
      0.9144642198998942,
      0.9307432223990918,
      0.9307432223990918,
      0.9469744556113904,
      0.93937106918239,
      0.9577051926298157,
      0.9144642198998942,
      0.93937106918239,
      0.93937106918239,
      0.93937106918239,
      0.956505188924951,
      0.9307432223990918,
      0.7522296482151712,
      0.9469744556113904
    ],
    "size": 30,
    "total": 27.40955519315788,
    "min": 0.7493556701030928,
    "q1": 0.9307432223990918,
    "median": 0.93937106918239,
    "q3": 0.9469744556113904,
    "max": 0.9577051926298157,
    "mean": 0.9136518397719293,
    "sd": 0.06452409483507777
  },
  "all_f1": {
    "name": "all_f1",
    "population": [
      0.9148936170212766,
      0.6616541353383459,
      0.9148936170212766,
      0.6616541353383459,
      0.6567164179104478,
      0.9148936170212766,
      0.9072164948453608,
      0.9052631578947369,
      0.9166666666666666,
      0.9052631578947369,
      0.9166666666666666,
      0.888888888888889,
      0.9361702127659574,
      0.9166666666666666,
      0.9072164948453608,
      0.9263157894736843,
      0.888888888888889,
      0.9072164948453608,
      0.9072164948453608,
      0.9148936170212766,
      0.9166666666666666,
      0.9361702127659574,
      0.888888888888889,
      0.9166666666666666,
      0.9166666666666666,
      0.9166666666666666,
      0.924731182795699,
      0.9072164948453608,
      0.6616541353383459,
      0.9148936170212766
    ],
    "size": 30,
    "total": 26.369476430182786,
    "min": 0.6567164179104478,
    "q1": 0.9052631578947369,
    "median": 0.9148936170212766,
    "q3": 0.9166666666666666,
    "max": 0.9361702127659574,
    "mean": 0.8789825476727595,
    "sd": 0.08641403844584565
  },
  "all_recall": {
    "name": "all_recall",
    "population": [
      0.9347826086956522,
      0.9565217391304348,
      0.9347826086956522,
      0.9565217391304348,
      0.9565217391304348,
      0.9347826086956522,
      0.9565217391304348,
      0.9347826086956522,
      0.9565217391304348,
      0.9347826086956522,
      0.9565217391304348,
      0.9565217391304348,
      0.9565217391304348,
      0.9565217391304348,
      0.9565217391304348,
      0.9565217391304348,
      0.9565217391304348,
      0.9565217391304348,
      0.9565217391304348,
      0.9347826086956522,
      0.9565217391304348,
      0.9565217391304348,
      0.9565217391304348,
      0.9565217391304348,
      0.9565217391304348,
      0.9565217391304348,
      0.9347826086956522,
      0.9565217391304348,
      0.9565217391304348,
      0.9347826086956522
    ],
    "size": 30,
    "total": 28.521739130434778,
    "min": 0.9347826086956522,
    "q1": 0.9347826086956522,
    "median": 0.9565217391304348,
    "q3": 0.9565217391304348,
    "max": 0.9565217391304348,
    "mean": 0.9507246376811592,
    "sd": 0.009613405189435936
  },
  "all_precision": {
    "name": "all_precision",