{
  "prevalence": 0.16666666666666666,
  "all_n": {
    "name": "all_n",
    "population": [
      120,
      120,
      120,
      120,
      120,
      120,
      120,
      120,
      120,
      120,
      120,
      120,
      120,
      120,
      120,
      120,
      120,
      120,
      120,
      120,
      120,
      120,
      120,
      120,
      120,
      120,
      120,
      120,
      120,
      120
    ],
    "size": 30,
    "total": 3600,
    "min": 120,
    "q1": 120,
    "median": 120.0,
    "q3": 120,
    "max": 120,
    "mean": 120.0,
    "sd": 0.0
  },
  "all_tp": {
    "name": "all_tp",
    "population": [
      14,
      14,
      10,
      12,
      12,
      12,
      14,
      10,
      14,
      12,
      12,
      10,
      14,
      10,
      12,
      13,
      10,
      11,
      14,
      12,
      13,
      13,
      13,
      13,
      13,
      12,
      13,
      13,
      13,
      15
    ],
    "size": 30,
    "total": 373,
    "min": 10,
    "q1": 12,
    "median": 13.0,
    "q3": 13,
    "max": 15,
    "mean": 12.433333333333334,
    "sd": 1.3828312341794355
  },
  "all_tn": {
    "name": "all_tn",
    "population": [
      98,
      98,
      98,
      98,
      98,
      98,
      98,
      98,
      98,
      98,
      98,
      98,
      98,
      98,
      98,
      98,
      98,
      98,
      98,
      98,
      98,
      97,
      98,
      98,
      98,
      97,
      98,
      97,
      97,
      97
    ],
    "size": 30,
    "total": 2935,
    "min": 97,
    "q1": 98,
    "median": 98.0,
    "q3": 98,
    "max": 98,
    "mean": 97.83333333333333,
    "sd": 0.37267799624996495
  },
  "all_fp": {
    "name": "all_fp",
    "population": [
      2,
      2,
      2,
      2,
      2,
      2,
      2,
      2,
      2,
      2,
      2,
      2,
      2,
      2,
      2,
      2,
      2,
      2,
      2,
      2,
      2,
      3,
      2,
      2,
      2,
      3,
      2,
      3,
      3,
      3
    ],
    "size": 30,
    "total": 65,
    "min": 2,
    "q1": 2,
    "median": 2.0,
    "q3": 2,
    "max": 3,
    "mean": 2.1666666666666665,
    "sd": 0.3726779962499649
  },
  "all_fn": {
    "name": "all_fn",
    "population": [
      6,
      6,
      10,
      8,
      8,
      8,
      6,
      10,
      6,
      8,
      8,
      10,
      6,
      10,
      8,
      7,
      10,
      9,
      6,
      8,
      7,
      7,
      7,
      7,
      7,
      8,
      7,
      7,
      7,
      5
    ],
    "size": 30,
    "total": 227,
    "min": 5,
    "q1": 7,
    "median": 7.0,
    "q3": 8,
    "max": 10,
    "mean": 7.566666666666666,
    "sd": 1.3828312341794355
  },
  "all_accuracy": {
    "name": "all_accuracy",
    "population": [
      0.9333333333333333,
      0.9333333333333333,
      0.9,
      0.9166666666666666,
      0.9166666666666666,
      0.9166666666666666,
      0.9333333333333333,
      0.9,
      0.9333333333333333,
      0.9166666666666666,
      0.9166666666666666,
      0.9,
      0.9333333333333333,
      0.9,
      0.9166666666666666,
      0.925,
      0.9,
      0.9083333333333333,
      0.9333333333333333,
      0.9166666666666666,
      0.925,
      0.9166666666666666,
      0.925,
      0.925,
      0.925,
      0.9083333333333333,
      0.925,
      0.9166666666666666,
      0.9166666666666666,
      0.9333333333333333
    ],
    "size": 30,
    "total": 27.566666666666677,
    "min": 0.9,
    "q1": 0.9166666666666666,
    "median": 0.9166666666666666,
    "q3": 0.925,
    "max": 0.9333333333333333,
    "mean": 0.9188888888888892,
    "sd": 0.011166528467912105
  },
  "all_balanced_accuracy": {
    "name": "all_balanced_accuracy",
    "population": [
      0.9086538461538461,
      0.9086538461538461,
      0.8703703703703705,
      0.8908355795148248,
      0.8908355795148248,
      0.8908355795148248,
      0.9086538461538461,
      0.8703703703703705,
      0.9086538461538461,
      0.8908355795148248,
      0.8908355795148248,
      0.8703703703703705,
      0.9086538461538461,
      0.8703703703703705,
      0.8908355795148248,
      0.9,
      0.8703703703703705,
      0.8810208483105679,
      0.9086538461538461,
      0.8908355795148248,
      0.9,
      0.8725961538461539,
      0.9,
      0.9,
      0.9,
      0.861904761904762,
      0.9,
      0.8725961538461539,
      0.8725961538461539,
      0.892156862745098
    ],
    "size": 30,
    "total": 26.69249491987758,
    "min": 0.861904761904762,
    "q1": 0.8725961538461539,
    "median": 0.8908355795148248,
    "q3": 0.9,
    "max": 0.9086538461538461,
    "mean": 0.889749830662586,
    "sd": 0.014606754914946483
  },
  "all_f1": {
    "name": "all_f1",
    "population": [
      0.7777777777777777,
      0.7777777777777777,
      0.625,
      0.7058823529411764,
      0.7058823529411764,
      0.7058823529411764,
      0.7777777777777777,
      0.625,
      0.7777777777777777,
      0.7058823529411764,
      0.7058823529411764,
      0.625,
      0.7777777777777777,
      0.625,
      0.7058823529411764,
      0.7428571428571429,
      0.625,
      0.6666666666666667,
      0.7777777777777777,
      0.7058823529411764,
      0.7428571428571429,
      0.7222222222222223,
      0.7428571428571429,
      0.7428571428571429,
      0.7428571428571429,
      0.6857142857142857,
      0.7428571428571429,
      0.7222222222222223,
      0.7222222222222223,
      0.7894736842105262
    ],
    "size": 30,
    "total": 21.498507297655905,
    "min": 0.625,
    "q1": 0.7058823529411764,
    "median": 0.7222222222222223,
    "q3": 0.7428571428571429,
    "max": 0.7894736842105262,
    "mean": 0.7166169099218636,
    "sd": 0.05105633572285435
  },
  "all_recall": {
    "name": "all_recall",
    "population": [
      0.7,
      0.7,
      0.5,
      0.6,
      0.6,
      0.6,
      0.7,
      0.5,
      0.7,
      0.6,
      0.6,
      0.5,
      0.7,
      0.5,
      0.6,
      0.65,
      0.5,
      0.55,
      0.7,
      0.6,
      0.65,
      0.65,
      0.65,
      0.65,
      0.65,
      0.6,
      0.65,
      0.65,
      0.65,
      0.75
    ],
    "size": 30,
    "total": 18.65,
    "min": 0.5,
    "q1": 0.6,
    "median": 0.65,
    "q3": 0.65,
    "max": 0.75,
    "mean": 0.6216666666666666,
    "sd": 0.06914156170897179
  },
  "all_precision": {
    "name": "all_precision",
    "population": [
      0.875,
      0.875,
      0.8333333333333334,
      0.8571428571428571,
      0.8571428571428571,
      0.8571428571428571,
      0.875,
      0.8333333333333334,
      0.875,
      0.8571428571428571,
      0.8571428571428571,
      0.8333333333333334,
      0.875,
      0.8333333333333334,
      0.8571428571428571,
      0.8666666666666667,
      0.8333333333333334,
      0.8461538461538461,
      0.875,
      0.8571428571428571,
      0.8666666666666667,
      0.8125,
      0.8666666666666667,
      0.8666666666666667,
      0.8666666666666667,
      0.8,
      0.8666666666666667,
      0.8125,
      0.8125,
      0.8333333333333334
    ],
    "size": 30,
    "total": 25.53365384615385,
    "min": 0.8,
    "q1": 0.8333333333333334,
    "median": 0.8571428571428571,
    "q3": 0.8666666666666667,
    "max": 0.875,
    "mean": 0.851121794871795,
    "sd": 0.021707346204954753
  },
  "all_specificity": {
    "name": "all_specificity",