{
  "prevalence": 0.16666666666666666,
  "all_n": {
    "name": "all_n",
    "population": [
      120,
      120,
      120,
      120,
      120,
      120,
      120,
      120,
      120,
      120,
      120,
      120,
      120,
      120,
      120,
      120,
      120,
      120,
      120,
      120,
      120,
      120,
      120,
      120,
      120,
      120,
      120,
      120,
      120,
      120
    ],
    "size": 30,
    "total": 3600,
    "min": 120,
    "q1": 120,
    "median": 120.0,
    "q3": 120,
    "max": 120,
    "mean": 120.0,
    "sd": 0.0
  },
  "all_tp": {
    "name": "all_tp",
    "population": [
      14,
      15,
      16,
      14,
      17,
      16,
      18,
      16,
      14,
      17,
      16,
      16,
      16,
      16,
      16,
      16,
      17,
      17,
      14,
      16,
      16,
      16,
      16,
      16,
      16,
      16,
      16,
      16,
      16,
      16
    ],
    "size": 30,
    "total": 477,
    "min": 14,
    "q1": 16,
    "median": 16.0,
    "q3": 16,
    "max": 18,
    "mean": 15.9,
    "sd": 0.9073771725877471
  },
  "all_tn": {
    "name": "all_tn",
    "population": [
      96,
      75,
      75,
      87,
      84,
      84,
      75,
      82,
      96,
      84,
      84,
      75,
      75,
      84,
      75,
      75,
      75,
      84,
      84,
      75,
      96,
      96,
      87,
      96,
      87,
      96,
      96,
      96,
      96,
      96
    ],
    "size": 30,
    "total": 2566,
    "min": 75,
    "q1": 75,
    "median": 84.0,
    "q3": 96,
    "max": 96,
    "mean": 85.53333333333333,
    "sd": 8.42509479010309
  },
  "all_fp": {
    "name": "all_fp",
    "population": [
      4,
      25,
      25,
      13,
      16,
      16,
      25,
      18,
      4,
      16,
      16,
      25,
      25,
      16,
      25,
      25,
      25,
      16,
      16,
      25,
      4,
      4,
      13,
      4,
      13,
      4,
      4,
      4,
      4,
      4
    ],
    "size": 30,
    "total": 434,
    "min": 4,
    "q1": 4,
    "median": 16.0,
    "q3": 25,
    "max": 25,
    "mean": 14.466666666666667,
    "sd": 8.425094790103088
  },
  "all_fn": {
    "name": "all_fn",
    "population": [
      6,
      5,
      4,
      6,
      3,
      4,
      2,
      4,
      6,
      3,
      4,
      4,
      4,
      4,
      4,
      4,
      3,
      3,
      6,
      4,
      4,
      4,
      4,
      4,
      4,
      4,
      4,
      4,
      4,
      4
    ],
    "size": 30,
    "total": 123,
    "min": 2,
    "q1": 4,
    "median": 4.0,
    "q3": 4,
    "max": 6,
    "mean": 4.1,
    "sd": 0.9073771725877471
  },
  "all_accuracy": {
    "name": "all_accuracy",
    "population": [
      0.9166666666666666,
      0.75,
      0.7583333333333333,
      0.8416666666666667,
      0.8416666666666667,
      0.8333333333333334,
      0.775,
      0.8166666666666667,
      0.9166666666666666,
      0.8416666666666667,
      0.8333333333333334,
      0.7583333333333333,
      0.7583333333333333,
      0.8333333333333334,
      0.7583333333333333,
      0.7583333333333333,
      0.7666666666666667,
      0.8416666666666667,
      0.8166666666666667,
      0.7583333333333333,
      0.9333333333333333,
      0.9333333333333333,
      0.8583333333333333,
      0.9333333333333333,
      0.8583333333333333,
      0.9333333333333333,
      0.9333333333333333,
      0.9333333333333333,
      0.9333333333333333,
      0.9333333333333333
    ],
    "size": 30,
    "total": 25.358333333333338,
    "min": 0.75,
    "q1": 0.7666666666666667,
    "median": 0.8416666666666667,
    "q3": 0.9333333333333333,
    "max": 0.9333333333333333,
    "mean": 0.8452777777777779,
    "sd": 0.06837002176790066
  },
  "all_balanced_accuracy": {
    "name": "all_balanced_accuracy",
    "population": [
      0.8594771241830066,
      0.65625,
      0.6698054955233097,
      0.7270011947431302,
      0.7403343782654128,
      0.7272727272727273,
      0.6963153125943824,
      0.7120383036935705,
      0.8594771241830066,
      0.7403343782654128,
      0.7272727272727273,
      0.6698054955233097,
      0.6698054955233097,
      0.7272727272727273,
      0.6698054955233097,
      0.6698054955233097,
      0.6831501831501832,
      0.7403343782654128,
      0.7,
      0.6698054955233097,
      0.88,
      0.88,
      0.7538840469874952,
      0.88,
      0.7538840469874952,
      0.88,
      0.88,
      0.88,
      0.88,
      0.88
    ],
    "size": 30,
    "total": 22.863131626276537,
    "min": 0.65625,
    "q1": 0.6831501831501832,
    "median": 0.73380355276907,
    "q3": 0.88,
    "max": 0.88,
    "mean": 0.7621043875425513,
    "sd": 0.08481981284832255
  },
  "all_f1": {
    "name": "all_f1",
    "population": [
      0.7368421052631577,
      0.5,
      0.5245901639344263,
      0.5957446808510639,
      0.6415094339622641,
      0.6153846153846154,
      0.5714285714285715,
      0.5925925925925927,
      0.7368421052631577,
      0.6415094339622641,
      0.6153846153846154,
      0.5245901639344263,
      0.5245901639344263,
      0.6153846153846154,
      0.5245901639344263,
      0.5245901639344263,
      0.5483870967741935,
      0.6415094339622641,
      0.56,
      0.5245901639344263,
      0.8000000000000002,
      0.8000000000000002,
      0.6530612244897959,
      0.8000000000000002,
      0.6530612244897959,
      0.8000000000000002,
      0.8000000000000002,
      0.8000000000000002,
      0.8000000000000002,
      0.8000000000000002
    ],
    "size": 30,
    "total": 19.46618273279953,
    "min": 0.5,
    "q1": 0.5483870967741935,
    "median": 0.6284470246734397,
    "q3": 0.8000000000000002,
    "max": 0.8000000000000002,
    "mean": 0.6488727577599843,
    "sd": 0.1074830733318546
  },
  "all_recall": {
    "name": "all_recall",
    "population": [
      0.7,
      0.75,
      0.8,
      0.7,
      0.85,
      0.8,
      0.9,
      0.8,
      0.7,
      0.85,
      0.8,
      0.8,
      0.8,
      0.8,
      0.8,
      0.8,
      0.85,
      0.85,
      0.7,
      0.8,
      0.8,
      0.8,
      0.8,
      0.8,
      0.8,
      0.8,
      0.8,
      0.8,
      0.8,
      0.8
    ],
    "size": 30,
    "total": 23.85000000000001,
    "min": 0.7,
    "q1": 0.8,
    "median": 0.8,
    "q3": 0.8,
    "max": 0.9,
    "mean": 0.7950000000000003,
    "sd": 0.045368858629387346
  },
  "all_precision": {
    "name": "all_precision",
    "population": [
      0.7777777777777778,
      0.375,
      0.3902439024390244,
      0.5185185185185185,
      0.5151515151515151,
      0.5,
      0.4186046511627907,
      0.47058823529411764,
      0.7777777777777778,
      0.5151515151515151,
      0.5,
      0.3902439024390244,
      0.3902439024390244,
      0.5,
      0.3902439024390244,
      0.3902439024390244,
      0.40476190476190477,
      0.5151515151515151,
      0.4666666666666667,
      0.3902439024390244,
      0.8,
      0.8,
      0.5517241379310345,
      0.8,
      0.5517241379310345,
      0.8,
      0.8,
      0.8,
      0.8,
      0.8
    ],
    "size": 30,
    "total": 17.100061767910322,
    "min": 0.375,
    "q1": 0.40476190476190477,
    "median": 0.5151515151515151,
    "q3": 0.8,
    "max": 0.8,
    "mean": 0.5700020589303441,
    "sd": 0.16725926182560835
  },
  "all_specificity": {
    "name": "all_specificity",