{
  "prevalence": 0.16666666666666666,
  "all_n": {
    "name": "all_n",
    "population": [
      120,
      120,
      120,
      120,
      120,
      120,
      120,
      120,
      120,
      120,
      120,
      120,
      120,
      120,
      120,
      120,
      120,
      120,
      120,
      120,
      120,
      120,
      120,
      120,
      120,
      120,
      120,
      120,
      120,
      120
    ],
    "size": 30,
    "total": 3600,
    "min": 120,
    "q1": 120,
    "median": 120.0,
    "q3": 120,
    "max": 120,
    "mean": 120.0,
    "sd": 0.0
  },
  "all_tp": {
    "name": "all_tp",
    "population": [
      16,
      16,
      16,
      17,
      17,
      17,
      16,
      16,
      17,
      17,
      16,
      17,
      16,
      17,
      17,
      17,
      17,
      17,
      17,
      17,
      17,
      17,
      17,
      17,
      17,
      17,
      17,
      17,
      17,
      17
    ],
    "size": 30,
    "total": 503,
    "min": 16,
    "q1": 17,
    "median": 17.0,
    "q3": 17,
    "max": 17,
    "mean": 16.766666666666666,
    "sd": 0.42295258468165076
  },
  "all_tn": {
    "name": "all_tn",
    "population": [
      93,
      93,
      93,
      93,
      93,
      93,
      94,
      93,
      93,
      93,
      93,
      94,
      93,
      93,
      93,
      93,
      93,
      93,
      93,
      93,
      93,
      93,
      93,
      93,
      93,
      93,
      93,
      93,
      93,
      93
    ],
    "size": 30,
    "total": 2792,
    "min": 93,
    "q1": 93,
    "median": 93.0,
    "q3": 93,
    "max": 94,
    "mean": 93.06666666666666,
    "sd": 0.24944382578492952
  },
  "all_fp": {
    "name": "all_fp",
    "population": [
      7,
      7,
      7,
      7,
      7,
      7,
      6,
      7,
      7,
      7,
      7,
      6,
      7,
      7,
      7,
      7,
      7,
      7,
      7,
      7,
      7,
      7,
      7,
      7,
      7,
      7,
      7,
      7,
      7,
      7
    ],
    "size": 30,
    "total": 208,
    "min": 6,
    "q1": 7,
    "median": 7.0,
    "q3": 7,
    "max": 7,
    "mean": 6.933333333333334,
    "sd": 0.2494438257849295
  },
  "all_fn": {
    "name": "all_fn",
    "population": [
      4,
      4,
      4,
      3,
      3,
      3,
      4,
      4,
      3,
      3,
      4,
      3,
      4,
      3,
      3,
      3,
      3,
      3,
      3,
      3,
      3,
      3,
      3,
      3,
      3,
      3,
      3,
      3,
      3,
      3
    ],
    "size": 30,
    "total": 97,
    "min": 3,
    "q1": 3,
    "median": 3.0,
    "q3": 3,
    "max": 4,
    "mean": 3.2333333333333334,
    "sd": 0.4229525846816504
  },
  "all_accuracy": {
    "name": "all_accuracy",
    "population": [
      0.9083333333333333,
      0.9083333333333333,
      0.9083333333333333,
      0.9166666666666666,
      0.9166666666666666,
      0.9166666666666666,
      0.9166666666666666,
      0.9083333333333333,
      0.9166666666666666,
      0.9166666666666666,
      0.9083333333333333,
      0.925,
      0.9083333333333333,
      0.9166666666666666,
      0.9166666666666666,
      0.9166666666666666,
      0.9166666666666666,
      0.9166666666666666,
      0.9166666666666666,
      0.9166666666666666,
      0.9166666666666666,
      0.9166666666666666,
      0.9166666666666666,
      0.9166666666666666,
      0.9166666666666666,
      0.9166666666666666,
      0.9166666666666666,
      0.9166666666666666,
      0.9166666666666666,
      0.9166666666666666
    ],
    "size": 30,
    "total": 27.458333333333346,
    "min": 0.9083333333333333,
    "q1": 0.9166666666666666,
    "median": 0.9166666666666666,
    "q3": 0.9166666666666666,
    "max": 0.925,
    "mean": 0.9152777777777782,
    "sd": 0.0037781862524265087
  },
  "all_balanced_accuracy": {
    "name": "all_balanced_accuracy",
    "population": [
      0.8272075302554909,
      0.8272075302554909,
      0.8272075302554909,
      0.8385416666666667,
      0.8385416666666667,
      0.8385416666666667,
      0.8432282003710575,
      0.8272075302554909,
      0.8385416666666667,
      0.8385416666666667,
      0.8272075302554909,
      0.8541012998655311,
      0.8272075302554909,
      0.8385416666666667,
      0.8385416666666667,
      0.8385416666666667,
      0.8385416666666667,
      0.8385416666666667,
      0.8385416666666667,
      0.8385416666666667,
      0.8385416666666667,
      0.8385416666666667,
      0.8385416666666667,
      0.8385416666666667,
      0.8385416666666667,
      0.8385416666666667,
      0.8385416666666667,
      0.8385416666666667,
      0.8385416666666667,
      0.8385416666666667
    ],
    "size": 30,
    "total": 25.10849134843621,
    "min": 0.8272075302554909,
    "q1": 0.8385416666666667,
    "median": 0.8385416666666667,
    "q3": 0.8385416666666667,
    "max": 0.8541012998655311,
    "mean": 0.8369497116145403,
    "sd": 0.00565335312278975
  },
  "all_f1": {
    "name": "all_f1",
    "population": [
      0.7441860465116279,
      0.7441860465116279,
      0.7441860465116279,
      0.7727272727272727,
      0.7727272727272727,
      0.7727272727272727,
      0.761904761904762,
      0.7441860465116279,
      0.7727272727272727,
      0.7727272727272727,
      0.7441860465116279,
      0.7906976744186046,
      0.7441860465116279,
      0.7727272727272727,
      0.7727272727272727,
      0.7727272727272727,
      0.7727272727272727,
      0.7727272727272727,
      0.7727272727272727,
      0.7727272727272727,
      0.7727272727272727,
      0.7727272727272727,
      0.7727272727272727,
      0.7727272727272727,
      0.7727272727272727,
      0.7727272727272727,
      0.7727272727272727,
      0.7727272727272727,
      0.7727272727272727,
      0.7727272727272727
    ],
    "size": 30,
    "total": 23.01771871539314,
    "min": 0.7441860465116279,
    "q1": 0.7727272727272727,
    "median": 0.7727272727272727,
    "q3": 0.7727272727272727,
    "max": 0.7906976744186046,
    "mean": 0.7672572905131047,
    "sd": 0.012151886654764535
  },
  "all_recall": {
    "name": "all_recall",
    "population": [
      0.8,
      0.8,
      0.8,
      0.85,
      0.85,
      0.85,
      0.8,
      0.8,
      0.85,
      0.85,
      0.8,
      0.85,
      0.8,
      0.85,
      0.85,
      0.85,
      0.85,
      0.85,
      0.85,
      0.85,
      0.85,
      0.85,
      0.85,
      0.85,
      0.85,
      0.85,
      0.85,
      0.85,
      0.85,
      0.85
    ],
    "size": 30,
    "total": 25.150000000000013,
    "min": 0.8,
    "q1": 0.85,
    "median": 0.85,
    "q3": 0.85,
    "max": 0.85,
    "mean": 0.8383333333333337,
    "sd": 0.021147629234082515
  },
  "all_precision": {
    "name": "all_precision",
    "population": [
      0.6956521739130435,
      0.6956521739130435,
      0.6956521739130435,
      0.7083333333333334,
      0.7083333333333334,
      0.7083333333333334,
      0.7272727272727273,
      0.6956521739130435,
      0.7083333333333334,
      0.7083333333333334,
      0.6956521739130435,
      0.7391304347826086,
      0.6956521739130435,
      0.7083333333333334,
      0.7083333333333334,
      0.7083333333333334,
      0.7083333333333334,
      0.7083333333333334,
      0.7083333333333334,
      0.7083333333333334,
      0.7083333333333334,
      0.7083333333333334,
      0.7083333333333334,
      0.7083333333333334,
      0.7083333333333334,
      0.7083333333333334,
      0.7083333333333334,
      0.7083333333333334,
      0.7083333333333334,
      0.7083333333333334
    ],
    "size": 30,
    "total": 21.223649538866926,
    "min": 0.6956521739130435,
    "q1": 0.7083333333333334,
    "median": 0.7083333333333334,
    "q3": 0.7083333333333334,
    "max": 0.7391304347826086,
    "mean": 0.7074549846288976,
    "sd": 0.008658113790982103
  },
  "all_specificity": {
    "name": "all_specificity",