{
  "prevalence": 0.16666666666666666,
  "all_n": {
    "name": "all_n",
    "population": [
      120,
      120,
      120,
      120,
      120,
      120,
      120,
      120,
      120,
      120,
      120,
      120,
      120,
      120,
      120,
      120,
      120,
      120,
      120,
      120,
      120,
      120,
      120,
      120,
      120,
      120,
      120,
      120,
      120,
      120
    ],
    "size": 30,
    "total": 3600,
    "min": 120,
    "q1": 120,
    "median": 120.0,
    "q3": 120,
    "max": 120,
    "mean": 120.0,
    "sd": 0.0
  },
  "all_tp": {
    "name": "all_tp",
    "population": [
      17,
      17,
      17,
      17,
      17,
      17,
      17,
      17,
      17,
      17,
      17,
      17,
      17,
      17,
      17,
      13,
      12,
      14,
      14,
      13,
      14,
      12,
      14,
      11,
      11,
      14,
      12,
      14,
      12,
      11
    ],
    "size": 30,
    "total": 446,
    "min": 11,
    "q1": 13,
    "median": 15.5,
    "q3": 17,
    "max": 17,
    "mean": 14.866666666666667,
    "sd": 2.291045370325278
  },
  "all_tn": {
    "name": "all_tn",
    "population": [
      95,
      95,
      95,
      95,
      95,
      95,
      95,
      95,
      95,
      95,
      95,
      95,
      95,
      95,
      95,
      95,
      96,
      95,
      96,
      95,
      94,
      96,
      94,
      95,
      94,
      96,
      96,
      94,
      97,
      95
    ],
    "size": 30,
    "total": 2853,
    "min": 94,
    "q1": 95,
    "median": 95.0,
    "q3": 95,
    "max": 97,
    "mean": 95.1,
    "sd": 0.6506407098647712
  },
  "all_fp": {
    "name": "all_fp",
    "population": [
      5,
      5,
      5,
      5,
      5,
      5,
      5,
      5,
      5,
      5,
      5,
      5,
      5,
      5,
      5,
      5,
      4,
      5,
      4,
      5,
      6,
      4,
      6,
      5,
      6,
      4,
      4,
      6,
      3,
      5
    ],
    "size": 30,
    "total": 147,
    "min": 3,
    "q1": 5,
    "median": 5.0,
    "q3": 5,
    "max": 6,
    "mean": 4.9,
    "sd": 0.6506407098647712
  },
  "all_fn": {
    "name": "all_fn",
    "population": [
      3,
      3,
      3,
      3,
      3,
      3,
      3,
      3,
      3,
      3,
      3,
      3,
      3,
      3,
      3,
      7,
      8,
      6,
      6,
      7,
      6,
      8,
      6,
      9,
      9,
      6,
      8,
      6,
      8,
      9
    ],
    "size": 30,
    "total": 154,
    "min": 3,
    "q1": 3,
    "median": 4.5,
    "q3": 7,
    "max": 9,
    "mean": 5.133333333333334,
    "sd": 2.2910453703252776
  },
  "all_accuracy": {
    "name": "all_accuracy",
    "population": [
      0.9333333333333333,
      0.9333333333333333,
      0.9333333333333333,
      0.9333333333333333,
      0.9333333333333333,
      0.9333333333333333,
      0.9333333333333333,
      0.9333333333333333,
      0.9333333333333333,
      0.9333333333333333,
      0.9333333333333333,
      0.9333333333333333,
      0.9333333333333333,
      0.9333333333333333,
      0.9333333333333333,
      0.9,
      0.9,
      0.9083333333333333,
      0.9166666666666666,
      0.9,
      0.9,
      0.9,
      0.9,
      0.8833333333333333,
      0.875,
      0.9166666666666666,
      0.9,
      0.9,
      0.9083333333333333,
      0.8833333333333333
    ],
    "size": 30,
    "total": 27.491666666666664,
    "min": 0.875,
    "q1": 0.9,
    "median": 0.925,
    "q3": 0.9333333333333333,
    "max": 0.9333333333333333,
    "mean": 0.9163888888888888,
    "sd": 0.018693845953768048
  },
  "all_balanced_accuracy": {
    "name": "all_balanced_accuracy",
    "population": [
      0.8710575139146568,
      0.8710575139146568,
      0.8710575139146568,
      0.8710575139146568,
      0.8710575139146568,
      0.8710575139146568,
      0.8710575139146568,
      0.8710575139146568,
      0.8710575139146568,
      0.8710575139146568,
      0.8710575139146568,
      0.8710575139146568,
      0.8710575139146568,
      0.8710575139146568,
      0.8710575139146568,
      0.826797385620915,
      0.8365384615384616,
      0.8387180823345493,
      0.8594771241830066,
      0.826797385620915,
      0.82,
      0.8365384615384616,
      0.82,
      0.8004807692307692,
      0.7798400913763563,
      0.8594771241830066,
      0.8365384615384616,
      0.82,
      0.861904761904762,
      0.8004807692307692
    ],
    "size": 30,
    "total": 25.489451587020284,
    "min": 0.7798400913763563,
    "q1": 0.826797385620915,
    "median": 0.8664811379097094,
    "q3": 0.8710575139146568,
    "max": 0.8710575139146568,
    "mean": 0.8496483862340095,
    "sd": 0.026610332639715965
  },
  "all_f1": {
    "name": "all_f1",
    "population": [
      0.8095238095238095,
      0.8095238095238095,
      0.8095238095238095,
      0.8095238095238095,
      0.8095238095238095,
      0.8095238095238095,
      0.8095238095238095,
      0.8095238095238095,
      0.8095238095238095,
      0.8095238095238095,
      0.8095238095238095,
      0.8095238095238095,
      0.8095238095238095,
      0.8095238095238095,
      0.8095238095238095,
      0.6842105263157895,
      0.6666666666666665,
      0.717948717948718,
      0.7368421052631577,
      0.6842105263157895,
      0.7,
      0.6666666666666665,
      0.7,
      0.6111111111111112,
      0.5945945945945946,
      0.7368421052631577,
      0.6666666666666665,
      0.7,
      0.6857142857142857,
      0.6111111111111112
    ],
    "size": 30,
    "total": 22.305442226494858,
    "min": 0.5945945945945946,
    "q1": 0.6842105263157895,
    "median": 0.7731829573934836,
    "q3": 0.8095238095238095,
    "max": 0.8095238095238095,
    "mean": 0.7435147408831619,
    "sd": 0.0723674947819842
  },
  "all_recall": {
    "name": "all_recall",
    "population": [
      0.85,
      0.85,
      0.85,
      0.85,
      0.85,
      0.85,
      0.85,
      0.85,
      0.85,
      0.85,
      0.85,
      0.85,
      0.85,
      0.85,
      0.85,
      0.65,
      0.6,
      0.7,
      0.7,
      0.65,
      0.7,
      0.6,
      0.7,
      0.55,
      0.55,
      0.7,
      0.6,
      0.7,
      0.6,
      0.55
    ],
    "size": 30,
    "total": 22.299999999999997,
    "min": 0.55,
    "q1": 0.65,
    "median": 0.7749999999999999,
    "q3": 0.85,
    "max": 0.85,
    "mean": 0.7433333333333333,
    "sd": 0.11455226851626386
  },
  "all_precision": {
    "name": "all_precision",
    "population": [
      0.7727272727272727,
      0.7727272727272727,
      0.7727272727272727,
      0.7727272727272727,
      0.7727272727272727,
      0.7727272727272727,
      0.7727272727272727,
      0.7727272727272727,
      0.7727272727272727,
      0.7727272727272727,
      0.7727272727272727,
      0.7727272727272727,
      0.7727272727272727,
      0.7727272727272727,
      0.7727272727272727,
      0.7222222222222222,
      0.75,
      0.7368421052631579,
      0.7777777777777778,
      0.7222222222222222,
      0.7,
      0.75,
      0.7,
      0.6875,
      0.6470588235294118,
      0.7777777777777778,
      0.75,
      0.7,
      0.8,
      0.6875
    ],
    "size": 30,
    "total": 22.49981001970166,
    "min": 0.6470588235294118,
    "q1": 0.7222222222222222,
    "median": 0.7727272727272727,
    "q3": 0.7727272727272727,
    "max": 0.8,
    "mean": 0.7499936673233887,
    "sd": 0.036247698060867604
  },
  "all_specificity": {
    "name": "all_specificity",