{
  "prevalence": 0.16666666666666666,
  "all_n": {
    "name": "all_n",
    "population": [
      120,
      120,
      120,
      120,
      120,
      120,
      120,
      120,
      120,
      120,
      120,
      120,
      120,
      120,
      120,
      120,
      120,
      120,
      120,
      120,
      120,
      120,
      120,
      120,
      120,
      120,
      120,
      120,
      120,
      120
    ],
    "size": 30,
    "total": 3600,
    "min": 120,
    "q1": 120,
    "median": 120.0,
    "q3": 120,
    "max": 120,
    "mean": 120.0,
    "sd": 0.0
  },
  "all_tp": {
    "name": "all_tp",
    "population": [
      19,
      15,
      19,
      17,
      19,
      19,
      17,
      17,
      19,
      19,
      15,
      17,
      17,
      19,
      17,
      14,
      11,
      16,
      15,
      15,
      15,
      15,
      16,
      12,
      10,
      15,
      11,
      15,
      14,
      14
    ],
    "size": 30,
    "total": 473,
    "min": 10,
    "q1": 15,
    "median": 15.5,
    "q3": 17,
    "max": 19,
    "mean": 15.766666666666667,
    "sd": 2.512413624828169
  },
  "all_tn": {
    "name": "all_tn",
    "population": [
      83,
      89,
      83,
      83,
      82,
      85,
      82,
      87,
      83,
      82,
      88,
      82,
      83,
      83,
      82,
      86,
      85,
      85,
      82,
      83,
      82,
      84,
      86,
      86,
      87,
      84,
      88,
      82,
      86,
      85
    ],
    "size": 30,
    "total": 2528,
    "min": 82,
    "q1": 82,
    "median": 83.5,
    "q3": 86,
    "max": 89,
    "mean": 84.26666666666667,
    "sd": 2.0965580258021848
  },
  "all_fp": {
    "name": "all_fp",
    "population": [
      17,
      11,
      17,
      17,
      18,
      15,
      18,
      13,
      17,
      18,
      12,
      18,
      17,
      17,
      18,
      14,
      15,
      15,
      18,
      17,
      18,
      16,
      14,
      14,
      13,
      16,
      12,
      18,
      14,
      15
    ],
    "size": 30,
    "total": 472,
    "min": 11,
    "q1": 14,
    "median": 16.5,
    "q3": 18,
    "max": 18,
    "mean": 15.733333333333333,
    "sd": 2.096558025802185
  },
  "all_fn": {
    "name": "all_fn",
    "population": [
      1,
      5,
      1,
      3,
      1,
      1,
      3,
      3,
      1,
      1,
      5,
      3,
      3,
      1,
      3,
      6,
      9,
      4,
      5,
      5,
      5,
      5,
      4,
      8,
      10,
      5,
      9,
      5,
      6,
      6
    ],
    "size": 30,
    "total": 127,
    "min": 1,
    "q1": 3,
    "median": 4.5,
    "q3": 5,
    "max": 10,
    "mean": 4.233333333333333,
    "sd": 2.512413624828169
  },
  "all_accuracy": {
    "name": "all_accuracy",
    "population": [
      0.85,
      0.8666666666666667,
      0.85,
      0.8333333333333334,
      0.8416666666666667,
      0.8666666666666667,
      0.825,
      0.8666666666666667,
      0.85,
      0.8416666666666667,
      0.8583333333333333,
      0.825,
      0.8333333333333334,
      0.85,
      0.825,
      0.8333333333333334,
      0.8,
      0.8416666666666667,
      0.8083333333333333,
      0.8166666666666667,
      0.8083333333333333,
      0.825,
      0.85,
      0.8166666666666667,
      0.8083333333333333,
      0.825,
      0.825,
      0.8083333333333333,
      0.8333333333333334,
      0.825
    ],
    "size": 30,
    "total": 25.008333333333333,
    "min": 0.8,
    "q1": 0.825,
    "median": 0.8333333333333334,
    "q3": 0.85,
    "max": 0.8666666666666667,
    "mean": 0.8336111111111111,
    "sd": 0.018444528112260033
  },
  "all_balanced_accuracy": {
    "name": "all_balanced_accuracy",
    "population": [
      0.7579365079365079,
      0.7618657937806874,
      0.7579365079365079,
      0.7325581395348837,
      0.7507326603712146,
      0.7735978112175103,
      0.7252100840336134,
      0.7666666666666666,
      0.7579365079365079,
      0.7507326603712146,
      0.7508960573476703,
      0.7252100840336134,
      0.7325581395348837,
      0.7579365079365079,
      0.7252100840336134,
      0.7173913043478262,
      0.6636661211129297,
      0.7355926060166726,
      0.6985370950888192,
      0.7059659090909092,
      0.6985370950888192,
      0.7138455962305184,
      0.7444444444444445,
      0.6882160392798691,
      0.6658449125952488,
      0.7138455962305184,
      0.6927386822052891,
      0.6985370950888192,
      0.7173913043478262,
      0.7084122773777947
    ],
    "size": 30,
    "total": 21.789950291217906,
    "min": 0.6636661211129297,
    "q1": 0.7059659090909092,
    "median": 0.7252100840336134,
    "q3": 0.7508960573476703,
    "max": 0.7735978112175103,
    "mean": 0.7263316763739301,
    "sd": 0.028925519027004257
  },
  "all_f1": {
    "name": "all_f1",
    "population": [
      0.6785714285714285,
      0.6521739130434783,
      0.6785714285714285,
      0.6296296296296295,
      0.6666666666666667,
      0.7037037037037037,
      0.6181818181818183,
      0.68,
      0.6785714285714285,
      0.6666666666666667,
      0.6382978723404256,
      0.6181818181818183,
      0.6296296296296295,
      0.6785714285714285,
      0.6181818181818183,
      0.5833333333333334,
      0.47826086956521735,
      0.6274509803921569,
      0.5660377358490566,
      0.5769230769230769,
      0.5660377358490566,
      0.5882352941176471,
      0.64,
      0.5217391304347826,
      0.46511627906976744,
      0.5882352941176471,
      0.5116279069767442,
      0.5660377358490566,
      0.5833333333333334,
      0.5714285714285714
    ],
    "size": 30,
    "total": 18.26939652775082,
    "min": 0.46511627906976744,
    "q1": 0.5714285714285714,
    "median": 0.6181818181818183,
    "q3": 0.6666666666666667,
    "max": 0.7037037037037037,
    "mean": 0.6089798842583607,
    "sd": 0.06060748434826449
  },
  "all_recall": {
    "name": "all_recall",
    "population": [
      0.95,
      0.75,
      0.95,
      0.85,
      0.95,
      0.95,
      0.85,
      0.85,
      0.95,
      0.95,
      0.75,
      0.85,
      0.85,
      0.95,
      0.85,
      0.7,
      0.55,
      0.8,
      0.75,
      0.75,
      0.75,
      0.75,
      0.8,
      0.6,
      0.5,
      0.75,
      0.55,
      0.75,
      0.7,
      0.7
    ],
    "size": 30,
    "total": 23.65,
    "min": 0.5,
    "q1": 0.75,
    "median": 0.775,
    "q3": 0.85,
    "max": 0.95,
    "mean": 0.7883333333333333,
    "sd": 0.12562068124140846
  },
  "all_precision": {
    "name": "all_precision",
    "population": [
      0.5277777777777778,
      0.5769230769230769,
      0.5277777777777778,
      0.5,
      0.5135135135135135,
      0.5588235294117647,
      0.4857142857142857,
      0.5666666666666667,
      0.5277777777777778,
      0.5135135135135135,
      0.5555555555555556,
      0.4857142857142857,
      0.5,
      0.5277777777777778,
      0.4857142857142857,
      0.5,
      0.4230769230769231,
      0.5161290322580645,
      0.45454545454545453,
      0.46875,
      0.45454545454545453,
      0.4838709677419355,
      0.5333333333333333,
      0.46153846153846156,
      0.43478260869565216,
      0.4838709677419355,
      0.4782608695652174,
      0.45454545454545453,
      0.5,
      0.4827586206896552
    ],
    "size": 30,
    "total": 14.983257972115602,
    "min": 0.4230769230769231,
    "q1": 0.4782608695652174,
    "median": 0.5,
    "q3": 0.5277777777777778,
    "max": 0.5769230769230769,
    "mean": 0.49944193240385343,
    "sd": 0.037615977848344744
  },
  "all_specificity": {
    "name": "all_specificity",