{
  "prevalence": 0.02804878048780488,
  "all_n": {
    "name": "all_n",
    "population": [
      1640,
      1640,
      1640,
      1640,
      1640,
      1640,
      1640,
      1640,
      1640,
      1640,
      1640,
      1640,
      1640,
      1640,
      1640,
      1640,
      1640,
      1640,
      1640,
      1640,
      1640,
      1640,
      1640,
      1640,
      1640,
      1640,
      1640,
      1640,
      1640,
      1640
    ],
    "size": 30,
    "total": 49200,
    "min": 1640,
    "q1": 1640,
    "median": 1640.0,
    "q3": 1640,
    "max": 1640,
    "mean": 1640.0,
    "sd": 0.0
  },
  "all_tp": {
    "name": "all_tp",
    "population": [
      44,
      44,
      44,
      45,
      45,
      44,
      44,
      45,
      45,
      45,
      44,
      45,
      44,
      45,
      44,
      41,
      40,
      40,
      40,
      41,
      41,
      40,
      39,
      39,
      41,
      39,
      40,
      41,
      40,
      41
    ],
    "size": 30,
    "total": 1270,
    "min": 39,
    "q1": 40,
    "median": 42.5,
    "q3": 44,
    "max": 45,
    "mean": 42.333333333333336,
    "sd": 2.2261077142751997
  },
  "all_tn": {
    "name": "all_tn",
    "population": [
      1593,
      1593,
      1593,
      1593,
      1593,
      1593,
      1593,
      1593,
      1593,
      1593,
      1593,
      1593,
      1593,
      1593,
      1593,
      1592,
      1592,
      1592,
      1592,
      1591,
      1592,
      1591,
      1590,
      1592,
      1592,
      1590,
      1590,
      1591,
      1591,
      1590
    ],
    "size": 30,
    "total": 47763,
    "min": 1590,
    "q1": 1591,
    "median": 1592.5,
    "q3": 1593,
    "max": 1593,
    "mean": 1592.1,
    "sd": 1.0754843869934452
  },
  "all_fp": {
    "name": "all_fp",
    "population": [
      1,
      1,
      1,
      1,
      1,
      1,
      1,
      1,
      1,
      1,
      1,
      1,
      1,
      1,
      1,
      2,
      2,
      2,
      2,
      3,
      2,
      3,
      4,
      2,
      2,
      4,
      4,
      3,
      3,
      4
    ],
    "size": 30,
    "total": 57,
    "min": 1,
    "q1": 1,
    "median": 1.5,
    "q3": 3,
    "max": 4,
    "mean": 1.9,
    "sd": 1.0754843869934452
  },
  "all_fn": {
    "name": "all_fn",
    "population": [
      2,
      2,
      2,
      1,
      1,
      2,
      2,
      1,
      1,
      1,
      2,
      1,
      2,
      1,
      2,
      5,
      6,
      6,
      6,
      5,
      5,
      6,
      7,
      7,
      5,
      7,
      6,
      5,
      6,
      5
    ],
    "size": 30,
    "total": 110,
    "min": 1,
    "q1": 2,
    "median": 3.5,
    "q3": 6,
    "max": 7,
    "mean": 3.6666666666666665,
    "sd": 2.2261077142751997
  },
  "all_accuracy": {
    "name": "all_accuracy",
    "population": [
      0.9981707317073171,
      0.9981707317073171,
      0.9981707317073171,
      0.998780487804878,
      0.998780487804878,
      0.9981707317073171,
      0.9981707317073171,
      0.998780487804878,
      0.998780487804878,
      0.998780487804878,
      0.9981707317073171,
      0.998780487804878,
      0.9981707317073171,
      0.998780487804878,
      0.9981707317073171,
      0.9957317073170732,
      0.9951219512195122,
      0.9951219512195122,
      0.9951219512195122,
      0.9951219512195122,
      0.9957317073170732,
      0.9945121951219512,
      0.9932926829268293,
      0.9945121951219512,
      0.9957317073170732,
      0.9932926829268293,
      0.9939024390243902,
      0.9951219512195122,
      0.9945121951219512,
      0.9945121951219512
    ],
    "size": 30,
    "total": 29.89817073170732,
    "min": 0.9932926829268293,
    "q1": 0.9951219512195122,
    "median": 0.9969512195121951,
    "q3": 0.9981707317073171,
    "max": 0.998780487804878,
    "mean": 0.9966056910569107,
    "sd": 0.0019390073459733942
  },
  "all_balanced_accuracy": {
    "name": "all_balanced_accuracy",
    "population": [
      0.98826192964124,
      0.98826192964124,
      0.98826192964124,
      0.9888167584965359,
      0.9888167584965359,
      0.98826192964124,
      0.98826192964124,
      0.9888167584965359,
      0.9888167584965359,
      0.9888167584965359,
      0.98826192964124,
      0.9888167584965359,
      0.98826192964124,
      0.9888167584965359,
      0.98826192964124,
      0.9751787508555285,
      0.9743131295071219,
      0.9743131295071219,
      0.9743131295071219,
      0.9643426748689906,
      0.9751787508555285,
      0.9632377568405877,
      0.9512967628256469,
      0.9734208880550344,
      0.9751787508555285,
      0.9512967628256469,
      0.9526657552973342,
      0.9643426748689906,
      0.9632377568405877,
      0.9539881574364333
    ],
    "size": 30,
    "total": 29.314117577552885,
    "min": 0.9512967628256469,
    "q1": 0.9643426748689906,
    "median": 0.9817203402483843,
    "q3": 0.98826192964124,
    "max": 0.9888167584965359,
    "mean": 0.9771372525850962,
    "sd": 0.01313796039541132
  },
  "all_f1": {
    "name": "all_f1",
    "population": [
      0.967032967032967,
      0.967032967032967,
      0.967032967032967,
      0.9782608695652174,
      0.9782608695652174,
      0.967032967032967,
      0.967032967032967,
      0.9782608695652174,
      0.9782608695652174,
      0.9782608695652174,
      0.967032967032967,
      0.9782608695652174,
      0.967032967032967,
      0.9782608695652174,
      0.967032967032967,
      0.9213483146067417,
      0.909090909090909,
      0.909090909090909,
      0.909090909090909,
      0.9111111111111111,
      0.9213483146067417,
      0.898876404494382,
      0.8764044943820224,
      0.8965517241379309,
      0.9213483146067417,
      0.8764044943820224,
      0.888888888888889,
      0.9111111111111111,
      0.898876404494382,
      0.9010989010989011
    ],
    "size": 30,
    "total": 28.134731028413967,
    "min": 0.8764044943820224,
    "q1": 0.909090909090909,
    "median": 0.9441906408198544,
    "q3": 0.967032967032967,
    "max": 0.9782608695652174,
    "mean": 0.9378243676137988,
    "sd": 0.03606239337914809
  },
  "all_recall": {
    "name": "all_recall",
    "population": [
      0.9565217391304348,
      0.9565217391304348,
      0.9565217391304348,
      0.9782608695652174,
      0.9782608695652174,
      0.9565217391304348,
      0.9565217391304348,
      0.9782608695652174,
      0.9782608695652174,
      0.9782608695652174,
      0.9565217391304348,
      0.9782608695652174,
      0.9565217391304348,
      0.9782608695652174,
      0.9565217391304348,
      0.8913043478260869,
      0.8695652173913043,
      0.8695652173913043,
      0.8695652173913043,
      0.8913043478260869,
      0.8913043478260869,
      0.8695652173913043,
      0.8478260869565217,
      0.8478260869565217,
      0.8913043478260869,
      0.8478260869565217,
      0.8695652173913043,
      0.8913043478260869,
      0.8695652173913043,
      0.8913043478260869
    ],
    "size": 30,
    "total": 27.608695652173914,
    "min": 0.8478260869565217,
    "q1": 0.8695652173913043,
    "median": 0.9239130434782609,
    "q3": 0.9565217391304348,
    "max": 0.9782608695652174,
    "mean": 0.9202898550724637,
    "sd": 0.048393645962504374
  },
  "all_precision": {
    "name": "all_precision",