{
  "prevalence": 0.02804878048780488,
  "all_n": {
    "name": "all_n",
    "population": [
      1640,
      1640,
      1640,
      1640,
      1640,
      1640,
      1640,
      1640,
      1640,
      1640,
      1640,
      1640,
      1640,
      1640,
      1640,
      1640,
      1640,
      1640,
      1640,
      1640,
      1640,
      1640,
      1640,
      1640,
      1640,
      1640,
      1640,
      1640,
      1640,
      1640
    ],
    "size": 30,
    "total": 49200,
    "min": 1640,
    "q1": 1640,
    "median": 1640.0,
    "q3": 1640,
    "max": 1640,
    "mean": 1640.0,
    "sd": 0.0
  },
  "all_tp": {
    "name": "all_tp",
    "population": [
      44,
      45,
      44,
      44,
      44,
      45,
      45,
      45,
      45,
      44,
      45,
      44,
      45,
      44,
      45,
      45,
      44,
      45,
      44,
      45,
      45,
      44,
      45,
      45,
      45,
      45,
      44,
      45,
      45,
      45
    ],
    "size": 30,
    "total": 1339,
    "min": 44,
    "q1": 44,
    "median": 45.0,
    "q3": 45,
    "max": 45,
    "mean": 44.63333333333333,
    "sd": 0.48189440982669873
  },
  "all_tn": {
    "name": "all_tn",
    "population": [
      1594,
      1593,
      1594,
      1593,
      1593,
      1593,
      1593,
      1593,
      1593,
      1594,
      1593,
      1594,
      1594,
      1593,
      1593,
      1593,
      1593,
      1593,
      1593,
      1594,
      1594,
      1593,
      1594,
      1593,
      1594,
      1593,
      1593,
      1593,
      1593,
      1594
    ],
    "size": 30,
    "total": 47800,
    "min": 1593,
    "q1": 1593,
    "median": 1593.0,
    "q3": 1594,
    "max": 1594,
    "mean": 1593.3333333333333,
    "sd": 0.47140452079103184
  },
  "all_fp": {
    "name": "all_fp",
    "population": [
      0,
      1,
      0,
      1,
      1,
      1,
      1,
      1,
      1,
      0,
      1,
      0,
      0,
      1,
      1,
      1,
      1,
      1,
      1,
      0,
      0,
      1,
      0,
      1,
      0,
      1,
      1,
      1,
      1,
      0
    ],
    "size": 30,
    "total": 20,
    "min": 0,
    "q1": 0,
    "median": 1.0,
    "q3": 1,
    "max": 1,
    "mean": 0.6666666666666666,
    "sd": 0.4714045207910317
  },
  "all_fn": {
    "name": "all_fn",
    "population": [
      2,
      1,
      2,
      2,
      2,
      1,
      1,
      1,
      1,
      2,
      1,
      2,
      1,
      2,
      1,
      1,
      2,
      1,
      2,
      1,
      1,
      2,
      1,
      1,
      1,
      1,
      2,
      1,
      1,
      1
    ],
    "size": 30,
    "total": 41,
    "min": 1,
    "q1": 1,
    "median": 1.0,
    "q3": 2,
    "max": 2,
    "mean": 1.3666666666666667,
    "sd": 0.48189440982669857
  },
  "all_accuracy": {
    "name": "all_accuracy",
    "population": [
      0.998780487804878,
      0.998780487804878,
      0.998780487804878,
      0.9981707317073171,
      0.9981707317073171,
      0.998780487804878,
      0.998780487804878,
      0.998780487804878,
      0.998780487804878,
      0.998780487804878,
      0.998780487804878,
      0.998780487804878,
      0.999390243902439,
      0.9981707317073171,
      0.998780487804878,
      0.998780487804878,
      0.9981707317073171,
      0.998780487804878,
      0.9981707317073171,
      0.999390243902439,
      0.999390243902439,
      0.9981707317073171,
      0.999390243902439,
      0.998780487804878,
      0.999390243902439,
      0.998780487804878,
      0.9981707317073171,
      0.998780487804878,
      0.998780487804878,
      0.999390243902439
    ],
    "size": 30,
    "total": 29.962804878048793,
    "min": 0.9981707317073171,
    "q1": 0.998780487804878,
    "median": 0.998780487804878,
    "q3": 0.998780487804878,
    "max": 0.999390243902439,
    "mean": 0.9987601626016265,
    "sd": 0.0004008756691730902
  },
  "all_balanced_accuracy": {
    "name": "all_balanced_accuracy",
    "population": [
      0.9993734335839599,
      0.9888167584965359,
      0.9993734335839599,
      0.98826192964124,
      0.98826192964124,
      0.9888167584965359,
      0.9888167584965359,
      0.9888167584965359,
      0.9888167584965359,
      0.9993734335839599,
      0.9888167584965359,
      0.9993734335839599,
      0.9996865203761756,
      0.98826192964124,
      0.9888167584965359,
      0.9888167584965359,
      0.98826192964124,
      0.9888167584965359,
      0.98826192964124,
      0.9996865203761756,
      0.9996865203761756,
      0.98826192964124,
      0.9996865203761756,
      0.9888167584965359,
      0.9996865203761756,
      0.9888167584965359,
      0.98826192964124,
      0.9888167584965359,
      0.9888167584965359,
      0.9996865203761756
    ],
    "size": 30,
    "total": 29.768064224536552,
    "min": 0.98826192964124,
    "q1": 0.9888167584965359,
    "median": 0.9888167584965359,
    "q3": 0.9993734335839599,
    "max": 0.9996865203761756,
    "mean": 0.9922688074845517,
    "sd": 0.005161845517729383
  },
  "all_f1": {
    "name": "all_f1",
    "population": [
      0.9777777777777777,
      0.9782608695652174,
      0.9777777777777777,
      0.967032967032967,
      0.967032967032967,
      0.9782608695652174,
      0.9782608695652174,
      0.9782608695652174,
      0.9782608695652174,
      0.9777777777777777,
      0.9782608695652174,
      0.9777777777777777,
      0.989010989010989,
      0.967032967032967,
      0.9782608695652174,
      0.9782608695652174,
      0.967032967032967,
      0.9782608695652174,
      0.967032967032967,
      0.989010989010989,
      0.989010989010989,
      0.967032967032967,
      0.989010989010989,
      0.9782608695652174,
      0.989010989010989,
      0.9782608695652174,
      0.967032967032967,
      0.9782608695652174,
      0.9782608695652174,
      0.989010989010989
    ],
    "size": 30,
    "total": 29.331799118755647,
    "min": 0.967032967032967,
    "q1": 0.9777777777777777,
    "median": 0.9782608695652174,
    "q3": 0.9782608695652174,
    "max": 0.989010989010989,
    "mean": 0.9777266372918549,
    "sd": 0.007230081517635061
  },
  "all_recall": {
    "name": "all_recall",
    "population": [
      0.9565217391304348,
      0.9782608695652174,
      0.9565217391304348,
      0.9565217391304348,
      0.9565217391304348,
      0.9782608695652174,
      0.9782608695652174,
      0.9782608695652174,
      0.9782608695652174,
      0.9565217391304348,
      0.9782608695652174,
      0.9565217391304348,
      0.9782608695652174,
      0.9565217391304348,
      0.9782608695652174,
      0.9782608695652174,
      0.9565217391304348,
      0.9782608695652174,
      0.9565217391304348,
      0.9782608695652174,
      0.9782608695652174,
      0.9565217391304348,
      0.9782608695652174,
      0.9782608695652174,
      0.9782608695652174,
      0.9782608695652174,
      0.9565217391304348,
      0.9782608695652174,
      0.9782608695652174,
      0.9782608695652174
    ],
    "size": 30,
    "total": 29.10869565217392,
    "min": 0.9565217391304348,
    "q1": 0.9565217391304348,
    "median": 0.9782608695652174,
    "q3": 0.9782608695652174,
    "max": 0.9782608695652174,
    "mean": 0.970289855072464,
    "sd": 0.010475965431015182
  },
  "all_precision": {
    "name": "all_precision",
    "population": [
      1.0,
      0.9782608695652174,
      1.0,
      0.9777777777777777,
      0.9777777777777777,
      0.9782608695652174,
      0.9782608695652174,
      0.9782608695652174,
      0.9782608695652174,
      1.0,
      0.9782608695652174,
      1.0,
      1.0,
      0.9777777777777777,
      0.9782608695652174,
      0.9782608695652174,
      0.9777777777777777,
      0.9782608695652174,
      0.9777777777777777,
      1.0,
      1.0,
      0.9777777777777777,
      1.0,
      0.9782608695652174,
      1.0,
      0.9782608695652174,
      0.9777777777777777,
      0.9782608695652174,
      0.9782608695652174,
      1.0
    ],
    "size": 30,
    "total": 29.561835748792276,