{
  "prevalence": 0.02804878048780488,
  "all_n": {
    "name": "all_n",
    "population": [
      1640,
      1640,
      1640,
      1640,
      1640,
      1640,
      1640,
      1640,
      1640,
      1640,
      1640,
      1640,
      1640,
      1640,
      1640,
      1640,
      1640,
      1640,
      1640,
      1640,
      1640,
      1640,
      1640,
      1640,
      1640,
      1640,
      1640,
      1640,
      1640,
      1640
    ],
    "size": 30,
    "total": 49200,
    "min": 1640,
    "q1": 1640,
    "median": 1640.0,
    "q3": 1640,
    "max": 1640,
    "mean": 1640.0,
    "sd": 0.0
  },
  "all_tp": {
    "name": "all_tp",
    "population": [
      29,
      29,
      28,
      27,
      27,
      26,
      27,
      27,
      27,
      27,
      27,
      29,
      28,
      31,
      28,
      19,
      17,
      18,
      19,
      19,
      19,
      17,
      19,
      17,
      19,
      19,
      19,
      19,
      19,
      19
    ],
    "size": 30,
    "total": 695,
    "min": 17,
    "q1": 19,
    "median": 22.5,
    "q3": 27,
    "max": 31,
    "mean": 23.166666666666668,
    "sd": 4.747513969320036
  },
  "all_tn": {
    "name": "all_tn",
    "population": [
      1576,
      1576,
      1576,
      1576,
      1576,
      1571,
      1578,
      1576,
      1576,
      1576,
      1576,
      1576,
      1576,
      1576,
      1576,
      1546,
      1544,
      1545,
      1543,
      1546,
      1546,
      1546,
      1543,
      1556,
      1552,
      1546,
      1544,
      1543,
      1544,
      1545
    ],
    "size": 30,
    "total": 46826,
    "min": 1543,
    "q1": 1545,
    "median": 1563.5,
    "q3": 1576,
    "max": 1578,
    "mean": 1560.8666666666666,
    "sd": 15.160768083738
  },
  "all_fp": {
    "name": "all_fp",
    "population": [
      18,
      18,
      18,
      18,
      18,
      23,
      16,
      18,
      18,
      18,
      18,
      18,
      18,
      18,
      18,
      48,
      50,
      49,
      51,
      48,
      48,
      48,
      51,
      38,
      42,
      48,
      50,
      51,
      50,
      49
    ],
    "size": 30,
    "total": 994,
    "min": 16,
    "q1": 18,
    "median": 30.5,
    "q3": 49,
    "max": 51,
    "mean": 33.13333333333333,
    "sd": 15.160768083738002
  },
  "all_fn": {
    "name": "all_fn",
    "population": [
      17,
      17,
      18,
      19,
      19,
      20,
      19,
      19,
      19,
      19,
      19,
      17,
      18,
      15,
      18,
      27,
      29,
      28,
      27,
      27,
      27,
      29,
      27,
      29,
      27,
      27,
      27,
      27,
      27,
      27
    ],
    "size": 30,
    "total": 685,
    "min": 15,
    "q1": 19,
    "median": 23.5,
    "q3": 27,
    "max": 29,
    "mean": 22.833333333333332,
    "sd": 4.747513969320036
  },
  "all_accuracy": {
    "name": "all_accuracy",
    "population": [
      0.9786585365853658,
      0.9786585365853658,
      0.9780487804878049,
      0.9774390243902439,
      0.9774390243902439,
      0.973780487804878,
      0.9786585365853658,
      0.9774390243902439,
      0.9774390243902439,
      0.9774390243902439,
      0.9774390243902439,
      0.9786585365853658,
      0.9780487804878049,
      0.9798780487804878,
      0.9780487804878049,
      0.9542682926829268,
      0.9518292682926829,
      0.9530487804878048,
      0.9524390243902439,
      0.9542682926829268,
      0.9542682926829268,
      0.9530487804878048,
      0.9524390243902439,
      0.9591463414634146,
      0.9579268292682926,
      0.9542682926829268,
      0.9530487804878048,
      0.9524390243902439,
      0.9530487804878048,
      0.9536585365853658
    ],
    "size": 30,
    "total": 28.976219512195122,
    "min": 0.9518292682926829,
    "q1": 0.9530487804878048,
    "median": 0.9664634146341463,
    "q3": 0.9780487804878049,
    "max": 0.9798780487804878,
    "mean": 0.9658739837398375,
    "sd": 0.01204530262062439
  },
  "all_balanced_accuracy": {
    "name": "all_balanced_accuracy",
    "population": [
      0.8031747939789772,
      0.8031747939789772,
      0.7987016529376466,
      0.7940438871473354,
      0.7940438871473354,
      0.7590207673264151,
      0.8080048346463573,
      0.7940438871473354,
      0.7940438871473354,
      0.7940438871473354,
      0.7940438871473354,
      0.8031747939789772,
      0.7987016529376466,
      0.8116125142703217,
      0.7987016529376466,
      0.6332087180119744,
      0.6176476169691909,
      0.6254281674905826,
      0.627115559599636,
      0.6332087180119744,
      0.6332087180119744,
      0.6215628815628815,
      0.627115559599636,
      0.6453971895612274,
      0.6471879899085331,
      0.6332087180119744,
      0.6290879067150066,
      0.627115559599636,
      0.6290879067150066,
      0.6311180960933992
    ],
    "size": 30,
    "total": 21.409230085739615,
    "min": 0.6176476169691909,
    "q1": 0.6290879067150066,
    "median": 0.7031043786174741,
    "q3": 0.7987016529376466,
    "max": 0.8116125142703217,
    "mean": 0.7136410028579872,
    "sd": 0.08348623486950864
  },
  "all_f1": {
    "name": "all_f1",
    "population": [
      0.6236559139784946,
      0.6236559139784946,
      0.6086956521739131,
      0.5934065934065934,
      0.5934065934065934,
      0.5473684210526316,
      0.6067415730337078,
      0.5934065934065934,
      0.5934065934065934,
      0.5934065934065934,
      0.5934065934065934,
      0.6236559139784946,
      0.6086956521739131,
      0.6526315789473685,
      0.6086956521739131,
      0.336283185840708,
      0.3008849557522124,
      0.3185840707964602,
      0.3275862068965517,
      0.336283185840708,
      0.336283185840708,
      0.3063063063063063,
      0.3275862068965517,
      0.33663366336633666,
      0.3551401869158879,
      0.336283185840708,
      0.3304347826086957,
      0.3275862068965517,
      0.3304347826086957,
      0.33333333333333337
    ],
    "size": 30,
    "total": 14.003879277670904,
    "min": 0.3008849557522124,
    "q1": 0.3304347826086957,
    "median": 0.45125430398425975,
    "q3": 0.6067415730337078,
    "max": 0.6526315789473685,
    "mean": 0.4667959759223635,
    "sd": 0.13867799612543527
  },
  "all_recall": {
    "name": "all_recall",
    "population": [
      0.6304347826086957,
      0.6304347826086957,
      0.6086956521739131,
      0.5869565217391305,
      0.5869565217391305,
      0.5652173913043478,
      0.5869565217391305,
      0.5869565217391305,
      0.5869565217391305,
      0.5869565217391305,
      0.5869565217391305,
      0.6304347826086957,
      0.6086956521739131,
      0.6739130434782609,
      0.6086956521739131,
      0.41304347826086957,
      0.3695652173913043,
      0.391304347826087,
      0.41304347826086957,
      0.41304347826086957,
      0.41304347826086957,
      0.3695652173913043,
      0.41304347826086957,
      0.3695652173913043,
      0.41304347826086957,
      0.41304347826086957,
      0.41304347826086957,
      0.41304347826086957,
      0.41304347826086957,
      0.41304347826086957
    ],
    "size": 30,
    "total": 15.108695652173914,
    "min": 0.3695652173913043,
    "q1": 0.41304347826086957,
    "median": 0.48913043478260865,
    "q3": 0.5869565217391305,
    "max": 0.6739130434782609,
    "mean": 0.5036231884057971,
    "sd": 0.10320682542000081
  },
  "all_precision": {
    "name": "all_precision",