{
  "prevalence": 0.02804878048780488,
  "all_n": {
    "name": "all_n",
    "population": [
      1640,
      1640,
      1640,
      1640,
      1640,
      1640,
      1640,
      1640,
      1640,
      1640,
      1640,
      1640,
      1640,
      1640,
      1640,
      1640,
      1640,
      1640,
      1640,
      1640,
      1640,
      1640,
      1640,
      1640,
      1640,
      1640,
      1640,
      1640,
      1640,
      1640
    ],
    "size": 30,
    "total": 49200,
    "min": 1640,
    "q1": 1640,
    "median": 1640.0,
    "q3": 1640,
    "max": 1640,
    "mean": 1640.0,
    "sd": 0.0
  },
  "all_tp": {
    "name": "all_tp",
    "population": [
      44,
      44,
      44,
      44,
      44,
      44,
      44,
      44,
      44,
      44,
      44,
      44,
      44,
      44,
      44,
      44,
      44,
      44,
      44,
      44,
      43,
      43,
      43,
      43,
      44,
      43,
      43,
      43,
      43,
      43
    ],
    "size": 30,
    "total": 1311,
    "min": 43,
    "q1": 43,
    "median": 44.0,
    "q3": 44,
    "max": 44,
    "mean": 43.7,
    "sd": 0.45825756949558394
  },
  "all_tn": {
    "name": "all_tn",
    "population": [
      1594,
      1594,
      1594,
      1594,
      1594,
      1594,
      1594,
      1594,
      1594,
      1594,
      1594,
      1594,
      1594,
      1594,
      1594,
      1594,
      1594,
      1594,
      1594,
      1594,
      1593,
      1593,
      1593,
      1593,
      1593,
      1593,
      1593,
      1593,
      1593,
      1593
    ],
    "size": 30,
    "total": 47810,
    "min": 1593,
    "q1": 1593,
    "median": 1594.0,
    "q3": 1594,
    "max": 1594,
    "mean": 1593.6666666666667,
    "sd": 0.47140452079103173
  },
  "all_fp": {
    "name": "all_fp",
    "population": [
      0,
      0,
      0,
      0,
      0,
      0,
      0,
      0,
      0,
      0,
      0,
      0,
      0,
      0,
      0,
      0,
      0,
      0,
      0,
      0,
      1,
      1,
      1,
      1,
      1,
      1,
      1,
      1,
      1,
      1
    ],
    "size": 30,
    "total": 10,
    "min": 0,
    "q1": 0,
    "median": 0.0,
    "q3": 1,
    "max": 1,
    "mean": 0.3333333333333333,
    "sd": 0.47140452079103173
  },
  "all_fn": {
    "name": "all_fn",
    "population": [
      2,
      2,
      2,
      2,
      2,
      2,
      2,
      2,
      2,
      2,
      2,
      2,
      2,
      2,
      2,
      2,
      2,
      2,
      2,
      2,
      3,
      3,
      3,
      3,
      2,
      3,
      3,
      3,
      3,
      3
    ],
    "size": 30,
    "total": 69,
    "min": 2,
    "q1": 2,
    "median": 2.0,
    "q3": 3,
    "max": 3,
    "mean": 2.3,
    "sd": 0.458257569495584
  },
  "all_accuracy": {
    "name": "all_accuracy",
    "population": [
      0.998780487804878,
      0.998780487804878,
      0.998780487804878,
      0.998780487804878,
      0.998780487804878,
      0.998780487804878,
      0.998780487804878,
      0.998780487804878,
      0.998780487804878,
      0.998780487804878,
      0.998780487804878,
      0.998780487804878,
      0.998780487804878,
      0.998780487804878,
      0.998780487804878,
      0.998780487804878,
      0.998780487804878,
      0.998780487804878,
      0.998780487804878,
      0.998780487804878,
      0.9975609756097561,
      0.9975609756097561,
      0.9975609756097561,
      0.9975609756097561,
      0.9981707317073171,
      0.9975609756097561,
      0.9975609756097561,
      0.9975609756097561,
      0.9975609756097561,
      0.9975609756097561
    ],
    "size": 30,
    "total": 29.951829268292673,
    "min": 0.9975609756097561,
    "q1": 0.9975609756097561,
    "median": 0.998780487804878,
    "q3": 0.998780487804878,
    "max": 0.998780487804878,
    "mean": 0.9983943089430891,
    "sd": 0.0005562574058294318
  },
  "all_balanced_accuracy": {
    "name": "all_balanced_accuracy",
    "population": [
      0.9993734335839599,
      0.9993734335839599,
      0.9993734335839599,
      0.9993734335839599,
      0.9993734335839599,
      0.9993734335839599,
      0.9993734335839599,
      0.9993734335839599,
      0.9993734335839599,
      0.9993734335839599,
      0.9993734335839599,
      0.9993734335839599,
      0.9993734335839599,
      0.9993734335839599,
      0.9993734335839599,
      0.9993734335839599,
      0.9993734335839599,
      0.9993734335839599,
      0.9993734335839599,
      0.9993734335839599,
      0.9876965140123035,
      0.9876965140123035,
      0.9876965140123035,
      0.9876965140123035,
      0.98826192964124,
      0.9876965140123035,
      0.9876965140123035,
      0.9876965140123035,
      0.9876965140123035,
      0.9876965140123035
    ],
    "size": 30,
    "total": 29.86499922743116,
    "min": 0.9876965140123035,
    "q1": 0.9876965140123035,
    "median": 0.9993734335839599,
    "q3": 0.9993734335839599,
    "max": 0.9993734335839599,
    "mean": 0.9954999742477053,
    "sd": 0.005478774069464242
  },
  "all_f1": {
    "name": "all_f1",
    "population": [
      0.9777777777777777,
      0.9777777777777777,
      0.9777777777777777,
      0.9777777777777777,
      0.9777777777777777,
      0.9777777777777777,
      0.9777777777777777,
      0.9777777777777777,
      0.9777777777777777,
      0.9777777777777777,
      0.9777777777777777,
      0.9777777777777777,
      0.9777777777777777,
      0.9777777777777777,
      0.9777777777777777,
      0.9777777777777777,
      0.9777777777777777,
      0.9777777777777777,
      0.9777777777777777,
      0.9777777777777777,
      0.9555555555555557,
      0.9555555555555557,
      0.9555555555555557,
      0.9555555555555557,
      0.967032967032967,
      0.9555555555555557,
      0.9555555555555557,
      0.9555555555555557,
      0.9555555555555557,
      0.9555555555555557
    ],
    "size": 30,
    "total": 29.122588522588522,
    "min": 0.9555555555555557,
    "q1": 0.9555555555555557,
    "median": 0.9777777777777777,
    "q3": 0.9777777777777777,
    "max": 0.9777777777777777,
    "mean": 0.9707529507529508,
    "sd": 0.010131550655459065
  },
  "all_recall": {
    "name": "all_recall",
    "population": [
      0.9565217391304348,
      0.9565217391304348,
      0.9565217391304348,
      0.9565217391304348,
      0.9565217391304348,
      0.9565217391304348,
      0.9565217391304348,
      0.9565217391304348,
      0.9565217391304348,
      0.9565217391304348,
      0.9565217391304348,
      0.9565217391304348,
      0.9565217391304348,
      0.9565217391304348,
      0.9565217391304348,
      0.9565217391304348,
      0.9565217391304348,
      0.9565217391304348,
      0.9565217391304348,
      0.9565217391304348,
      0.9347826086956522,
      0.9347826086956522,
      0.9347826086956522,
      0.9347826086956522,
      0.9565217391304348,
      0.9347826086956522,
      0.9347826086956522,
      0.9347826086956522,
      0.9347826086956522,
      0.9347826086956522
    ],
    "size": 30,
    "total": 28.5,
    "min": 0.9347826086956522,
    "q1": 0.9347826086956522,
    "median": 0.9565217391304348,
    "q3": 0.9565217391304348,
    "max": 0.9565217391304348,
    "mean": 0.95,
    "sd": 0.009962121075990949
  },
  "all_precision": {
    "name": "all_precision",
    "population": [
      1.0,
      1.0,
      1.0,
      1.0,
      1.0,
      1.0,
      1.0,
      1.0,
      1.0,
      1.0,
      1.0,
      1.0,
      1.0,
      1.0,
      1.0,
      1.0,
      1.0,
      1.0,
      1.0,
      1.0,
      0.9772727272727273,
      0.9772727272727273,
      0.9772727272727273,
      0.9772727272727273,
      0.9777777777777777,
      0.9772727272727273,
      0.9772727272727273,
      0.9772727272727273,
      0.9772727272727273,
      0.9772727272727273
    ],
    "size": 30,
    "total": 29.773232323232317,
    "min": 0.9772727272727273,
    "q1": 0.9772727272727273,
    "median": 1.0,
    "q3": 1.0,
    "max": 1.0,
    "mean": 0.9924410774410772,
    "sd": 0.010690288713779255
  },