{
  "prevalence": 0.16666666666666666,
  "n": 120,
  "tp": 16,
  "tn": 75,
  "fp": 25,
  "fn": 4,
  "accuracy": 0.7583333333333333,
  "balanced_accuracy": 0.6698054955233097,
  "f1": 0.5245901639344263,
  "recall": 0.8,
  "precision": 0.3902439024390244,
  "specificity": 0.9493670886075949,
  "err": 0
}