{
  "prevalence": 0.16666666666666666,
  "n": 120,
  "tp": 1,
  "tn": 99,
  "fp": 1,
  "fn": 19,
  "accuracy": 0.8333333333333334,
  "balanced_accuracy": 0.6694915254237288,
  "f1": 0.09090909090909091,
  "recall": 0.05,
  "precision": 0.5,
  "specificity": 0.8389830508474576,
  "err": 0
}