{
  "prevalence": 0.02804878048780488,
  "n": 1640,
  "tp": 42,
  "tn": 1594,
  "fp": 0,
  "fn": 4,
  "accuracy": 0.9975609756097561,
  "balanced_accuracy": 0.9987484355444305,
  "f1": 0.9545454545454545,
  "recall": 0.9130434782608695,
  "precision": 1.0,
  "specificity": 0.9974968710888611,
  "err": 0
}