{
  "prevalence": 0.02804878048780488,
  "n": 1640,
  "tp": 37,
  "tn": 1535,
  "fp": 59,
  "fn": 9,
  "accuracy": 0.9585365853658536,
  "balanced_accuracy": 0.6897938255613126,
  "f1": 0.5211267605633803,
  "recall": 0.8043478260869565,
  "precision": 0.3854166666666667,
  "specificity": 0.9941709844559585,
  "err": 4
}