{
  "prevalence": 0.02804878048780488,
  "n": 1640,
  "tp": 43,
  "tn": 1557,
  "fp": 37,
  "fn": 3,
  "accuracy": 0.975609756097561,
  "balanced_accuracy": 0.7677884615384616,
  "f1": 0.6825396825396824,
  "recall": 0.9347826086956522,
  "precision": 0.5375,
  "specificity": 0.9980769230769231,
  "err": 2
}