{
  "prevalence": 0.16666666666666666,
  "n": 120,
  "tp": 15,
  "tn": 91,
  "fp": 9,
  "fn": 5,
  "accuracy": 0.8833333333333333,
  "balanced_accuracy": 0.7864583333333333,
  "f1": 0.6818181818181818,
  "recall": 0.75,
  "precision": 0.625,
  "specificity": 0.9479166666666666,
  "err": 0
}