{
  "prevalence": 0.16666666666666666,
  "n": 120,
  "tp": 17,
  "tn": 84,
  "fp": 16,
  "fn": 3,
  "accuracy": 0.8416666666666667,
  "balanced_accuracy": 0.7403343782654128,
  "f1": 0.6415094339622641,
  "recall": 0.85,
  "precision": 0.5151515151515151,
  "specificity": 0.9655172413793104,
  "err": 0
}