{
  "prevalence": 0.02804878048780488,
  "n": 1640,
  "tp": 40,
  "tn": 1592,
  "fp": 2,
  "fn": 6,
  "accuracy": 0.9951219512195122,
  "balanced_accuracy": 0.9743131295071219,
  "f1": 0.909090909090909,
  "recall": 0.8695652173913043,
  "precision": 0.9523809523809523,
  "specificity": 0.9962453066332916,
  "err": 1
}