{
  "prevalence": 0.16666666666666666,
  "n": 120,
  "tp": 17,
  "tn": 94,
  "fp": 6,
  "fn": 3,
  "accuracy": 0.925,
  "balanced_accuracy": 0.8541012998655311,
  "f1": 0.7906976744186046,
  "recall": 0.85,
  "precision": 0.7391304347826086,
  "specificity": 0.9690721649484536,
  "err": 0
}