{
  "prevalence": 0.02804878048780488,
  "n": 1640,
  "tp": 12,
  "tn": 1594,
  "fp": 0,
  "fn": 34,
  "accuracy": 0.9792682926829268,
  "balanced_accuracy": 0.9895577395577395,
  "f1": 0.41379310344827586,
  "recall": 0.2608695652173913,
  "precision": 1.0,
  "specificity": 0.9791154791154791,
  "err": 1
}