{
  "prevalence": 0.16666666666666666,
  "n": 120,
  "tp": 16,
  "tn": 86,
  "fp": 14,
  "fn": 4,
  "accuracy": 0.85,
  "balanced_accuracy": 0.7444444444444445,
  "f1": 0.64,
  "recall": 0.8,
  "precision": 0.5333333333333333,
  "specificity": 0.9555555555555556,
  "err": 0
}