{
  "prevalence": 0.16666666666666666,
  "n": 120,
  "tp": 16,
  "tn": 91,
  "fp": 9,
  "fn": 4,
  "accuracy": 0.8916666666666667,
  "balanced_accuracy": 0.7989473684210526,
  "f1": 0.7111111111111111,
  "recall": 0.8,
  "precision": 0.64,
  "specificity": 0.9578947368421052,
  "err": 0
}