{
  "prevalence": 0.02804878048780488,
  "n": 1640,
  "tp": 17,
  "tn": 1546,
  "fp": 48,
  "fn": 29,
  "accuracy": 0.9530487804878048,
  "balanced_accuracy": 0.6215628815628815,
  "f1": 0.3063063063063063,
  "recall": 0.3695652173913043,
  "precision": 0.26153846153846155,
  "specificity": 0.9815873015873016,
  "err": 19
}