{
  "prevalence": 0.02804878048780488,
  "n": 1640,
  "tp": 41,
  "tn": 1590,
  "fp": 4,
  "fn": 5,
  "accuracy": 0.9945121951219512,
  "balanced_accuracy": 0.9539881574364333,
  "f1": 0.9010989010989011,
  "recall": 0.8913043478260869,
  "precision": 0.9111111111111111,
  "specificity": 0.9968652037617555,
  "err": 1
}