{
  "prevalence": 0.02804878048780488,
  "n": 1640,
  "tp": 37,
  "tn": 1577,
  "fp": 17,
  "fn": 9,
  "accuracy": 0.9841463414634146,
  "balanced_accuracy": 0.8397552659847742,
  "f1": 0.74,
  "recall": 0.8043478260869565,
  "precision": 0.6851851851851852,
  "specificity": 0.9943253467843631,
  "err": 0
}