{
  "prevalence": 0.16666666666666666,
  "n": 120,
  "tp": 15,
  "tn": 98,
  "fp": 2,
  "fn": 5,
  "accuracy": 0.9416666666666667,
  "balanced_accuracy": 0.9169046259280411,
  "f1": 0.8108108108108107,
  "recall": 0.75,
  "precision": 0.8823529411764706,
  "specificity": 0.9514563106796117,
  "err": 0
}