{
  "prevalence": 0.16666666666666666,
  "n": 120,
  "tp": 14,
  "tn": 92,
  "fp": 8,
  "fn": 6,
  "accuracy": 0.8833333333333333,
  "balanced_accuracy": 0.787569573283859,
  "f1": 0.6666666666666666,
  "recall": 0.7,
  "precision": 0.6363636363636364,
  "specificity": 0.9387755102040817,
  "err": 0
}