{
  "prevalence": 0.16666666666666666,
  "n": 120,
  "tp": 17,
  "tn": 90,
  "fp": 10,
  "fn": 3,
  "accuracy": 0.8916666666666667,
  "balanced_accuracy": 0.7986857825567504,
  "f1": 0.723404255319149,
  "recall": 0.85,
  "precision": 0.6296296296296297,
  "specificity": 0.967741935483871,
  "err": 0
}