{
  "prevalence": 0.16666666666666666,
  "n": 120,
  "tp": 10,
  "tn": 97,
  "fp": 3,
  "fn": 10,
  "accuracy": 0.8916666666666667,
  "balanced_accuracy": 0.8378864126527679,
  "f1": 0.6060606060606061,
  "recall": 0.5,
  "precision": 0.7692307692307693,
  "specificity": 0.9065420560747663,
  "err": 0
}