{
  "prevalence": 0.16666666666666666,
  "n": 120,
  "tp": 15,
  "tn": 82,
  "fp": 18,
  "fn": 5,
  "accuracy": 0.8083333333333333,
  "balanced_accuracy": 0.6985370950888192,
  "f1": 0.5660377358490566,
  "recall": 0.75,
  "precision": 0.45454545454545453,
  "specificity": 0.9425287356321839,
  "err": 0
}