{
  "prevalence": 0.02804878048780488,
  "n": 1640,
  "tp": 38,
  "tn": 1593,
  "fp": 1,
  "fn": 8,
  "accuracy": 0.9945121951219512,
  "balanced_accuracy": 0.9846810487035347,
  "f1": 0.8941176470588235,
  "recall": 0.8260869565217391,
  "precision": 0.9743589743589743,
  "specificity": 0.9950031230480949,
  "err": 1
}