{
  "prevalence": 0.16666666666666666,
  "n": 120,
  "tp": 10,
  "tn": 87,
  "fp": 13,
  "fn": 10,
  "accuracy": 0.8083333333333333,
  "balanced_accuracy": 0.6658449125952488,
  "f1": 0.46511627906976744,
  "recall": 0.5,
  "precision": 0.43478260869565216,
  "specificity": 0.8969072164948454,
  "err": 2
}