{
  "prevalence": 0.02804878048780488,
  "n": 1640,
  "tp": 28,
  "tn": 1576,
  "fp": 18,
  "fn": 18,
  "accuracy": 0.9780487804878049,
  "balanced_accuracy": 0.7987016529376466,
  "f1": 0.6086956521739131,
  "recall": 0.6086956521739131,
  "precision": 0.6086956521739131,
  "specificity": 0.9887076537013801,
  "err": 13
}