{
  "prevalence": 0.02804878048780488,
  "n": 1640,
  "tp": 38,
  "tn": 1585,
  "fp": 9,
  "fn": 8,
  "accuracy": 0.9896341463414634,
  "balanced_accuracy": 0.9017443335871032,
  "f1": 0.8172043010752688,
  "recall": 0.8260869565217391,
  "precision": 0.8085106382978723,
  "specificity": 0.9949780288763339,
  "err": 0
}