{
  "prevalence": 0.02804878048780488,
  "n": 1640,
  "tp": 38,
  "tn": 1583,
  "fp": 11,
  "fn": 8,
  "accuracy": 0.9884146341463415,
  "balanced_accuracy": 0.8852409599917905,
  "f1": 0.8,
  "recall": 0.8260869565217391,
  "precision": 0.7755102040816326,
  "specificity": 0.9949717159019484,
  "err": 0
}