{
  "prevalence": 0.16666666666666666,
  "n": 120,
  "tp": 15,
  "tn": 84,
  "fp": 16,
  "fn": 5,
  "accuracy": 0.825,
  "balanced_accuracy": 0.7138455962305184,
  "f1": 0.5882352941176471,
  "recall": 0.75,
  "precision": 0.4838709677419355,
  "specificity": 0.9438202247191011,
  "err": 0
}