{
  "prevalence": 0.02804878048780488,
  "n": 1640,
  "tp": 44,
  "tn": 1584,
  "fp": 10,
  "fn": 2,
  "accuracy": 0.9926829268292683,
  "balanced_accuracy": 0.9067768903834477,
  "f1": 0.8800000000000001,
  "recall": 0.9565217391304348,
  "precision": 0.8148148148148148,
  "specificity": 0.9987389659520807,
  "err": 0
}