{
  "prevalence": 0.02804878048780488,
  "n": 1640,
  "tp": 15,
  "tn": 1594,
  "fp": 0,
  "fn": 31,
  "accuracy": 0.9810975609756097,
  "balanced_accuracy": 0.9904615384615385,
  "f1": 0.4918032786885246,
  "recall": 0.32608695652173914,
  "precision": 1.0,
  "specificity": 0.9809230769230769,
  "err": 0
}