{
  "prevalence": 0.02804878048780488,
  "n": 1640,
  "tp": 39,
  "tn": 1586,
  "fp": 8,
  "fn": 7,
  "accuracy": 0.9908536585365854,
  "balanced_accuracy": 0.9126965046546727,
  "f1": 0.8387096774193549,
  "recall": 0.8478260869565217,
  "precision": 0.8297872340425532,
  "specificity": 0.9956057752667922,
  "err": 0
}