{
  "prevalence": 0.02804878048780488,
  "n": 1640,
  "tp": 16,
  "tn": 1594,
  "fp": 0,
  "fn": 30,
  "accuracy": 0.9817073170731707,
  "balanced_accuracy": 0.9907635467980296,
  "f1": 0.5161290322580645,
  "recall": 0.34782608695652173,
  "precision": 1.0,
  "specificity": 0.9815270935960592,
  "err": 2
}