{
  "prevalence": 0.16666666666666666,
  "n": 120,
  "tp": 9,
  "tn": 98,
  "fp": 2,
  "fn": 11,
  "accuracy": 0.8916666666666667,
  "balanced_accuracy": 0.8586321934945789,
  "f1": 0.5806451612903226,
  "recall": 0.45,
  "precision": 0.8181818181818182,
  "specificity": 0.8990825688073395,
  "err": 0
}