{
  "prevalence": 0.16666666666666666,
  "n": 120,
  "tp": 15,
  "tn": 96,
  "fp": 4,
  "fn": 5,
  "accuracy": 0.925,
  "balanced_accuracy": 0.8699843668577384,
  "f1": 0.7692307692307692,
  "recall": 0.75,
  "precision": 0.7894736842105263,
  "specificity": 0.9504950495049505,
  "err": 0
}