{
  "prevalence": 0.16666666666666666,
  "n": 120,
  "tp": 15,
  "tn": 95,
  "fp": 5,
  "fn": 5,
  "accuracy": 0.9166666666666666,
  "balanced_accuracy": 0.85,
  "f1": 0.75,
  "recall": 0.75,
  "precision": 0.75,
  "specificity": 0.95,
  "err": 0
}