{
  "prevalence": 0.16666666666666666,
  "n": 120,
  "tp": 16,
  "tn": 68,
  "fp": 32,
  "fn": 4,
  "accuracy": 0.7,
  "balanced_accuracy": 0.6388888888888888,
  "f1": 0.47058823529411764,
  "recall": 0.8,
  "precision": 0.3333333333333333,
  "specificity": 0.9444444444444444,
  "err": 0
}