{
  "prevalence": 0.16666666666666666,
  "n": 120,
  "tp": 11,
  "tn": 98,
  "fp": 2,
  "fn": 9,
  "accuracy": 0.9083333333333333,
  "balanced_accuracy": 0.8810208483105679,
  "f1": 0.6666666666666667,
  "recall": 0.55,
  "precision": 0.8461538461538461,
  "specificity": 0.9158878504672897,
  "err": 0
}