{
  "prevalence": 0.16666666666666666,
  "n": 120,
  "tp": 17,
  "tn": 76,
  "fp": 24,
  "fn": 3,
  "accuracy": 0.775,
  "balanced_accuracy": 0.6883297313985798,
  "f1": 0.5573770491803278,
  "recall": 0.85,
  "precision": 0.4146341463414634,
  "specificity": 0.9620253164556962,
  "err": 0
}