{
  "prevalence": 0.16666666666666666,
  "n": 120,
  "tp": 14,
  "tn": 96,
  "fp": 4,
  "fn": 6,
  "accuracy": 0.9166666666666666,
  "balanced_accuracy": 0.8594771241830066,
  "f1": 0.7368421052631577,
  "recall": 0.7,
  "precision": 0.7777777777777778,
  "specificity": 0.9411764705882353,
  "err": 0
}