{
  "prevalence": 0.02804878048780488,
  "n": 1640,
  "tp": 46,
  "tn": 1592,
  "fp": 2,
  "fn": 0,
  "accuracy": 0.998780487804878,
  "balanced_accuracy": 0.9791666666666667,
  "f1": 0.9787234042553191,
  "recall": 1.0,
  "precision": 0.9583333333333334,
  "specificity": 1.0,
  "err": 0
}