{
  "prevalence": 0.02804878048780488,
  "n": 1640,
  "tp": 27,
  "tn": 1578,
  "fp": 16,
  "fn": 19,
  "accuracy": 0.9786585365853658,
  "balanced_accuracy": 0.8080048346463573,
  "f1": 0.6067415730337078,
  "recall": 0.5869565217391305,
  "precision": 0.627906976744186,
  "specificity": 0.9881026925485284,
  "err": 14
}