{
  "prevalence": 0.16666666666666666,
  "n": 120,
  "tp": 12,
  "tn": 99,
  "fp": 1,
  "fn": 8,
  "accuracy": 0.925,
  "balanced_accuracy": 0.9241552839683681,
  "f1": 0.7272727272727274,
  "recall": 0.6,
  "precision": 0.9230769230769231,
  "specificity": 0.9252336448598131,
  "err": 0
}