{
  "prevalence": 0.16666666666666666,
  "n": 120,
  "tp": 16,
  "tn": 90,
  "fp": 10,
  "fn": 4,
  "accuracy": 0.8833333333333333,
  "balanced_accuracy": 0.7864157119476269,
  "f1": 0.6956521739130435,
  "recall": 0.8,
  "precision": 0.6153846153846154,
  "specificity": 0.9574468085106383,
  "err": 0
}