{
  "prevalence": 0.02804878048780488,
  "n": 1640,
  "tp": 43,
  "tn": 1590,
  "fp": 4,
  "fn": 3,
  "accuracy": 0.9957317073170732,
  "balanced_accuracy": 0.956505188924951,
  "f1": 0.924731182795699,
  "recall": 0.9347826086956522,
  "precision": 0.9148936170212766,
  "specificity": 0.9981167608286252,
  "err": 0
}