{
  "prevalence": 0.02804878048780488,
  "n": 1640,
  "tp": 42,
  "tn": 1593,
  "fp": 1,
  "fn": 4,
  "accuracy": 0.9969512195121951,
  "balanced_accuracy": 0.9871197448704694,
  "f1": 0.9438202247191011,
  "recall": 0.9130434782608695,
  "precision": 0.9767441860465116,
  "specificity": 0.9974953036944271,
  "err": 0
}