{
  "prevalence": 0.16666666666666666,
  "n": 120,
  "tp": 17,
  "tn": 73,
  "fp": 27,
  "fn": 3,
  "accuracy": 0.75,
  "balanced_accuracy": 0.6734449760765551,
  "f1": 0.53125,
  "recall": 0.85,
  "precision": 0.38636363636363635,
  "specificity": 0.9605263157894737,
  "err": 0
}