{
  "prevalence": 0.02804878048780488,
  "n": 1640,
  "tp": 42,
  "tn": 1571,
  "fp": 23,
  "fn": 4,
  "accuracy": 0.9835365853658536,
  "balanced_accuracy": 0.8218070818070818,
  "f1": 0.7567567567567568,
  "recall": 0.9130434782608695,
  "precision": 0.6461538461538462,
  "specificity": 0.9974603174603175,
  "err": 3
}