{
  "prevalence": 0.02804878048780488,
  "n": 1640,
  "tp": 45,
  "tn": 1583,
  "fp": 11,
  "fn": 1,
  "accuracy": 0.9926829268292683,
  "balanced_accuracy": 0.9014700577200577,
  "f1": 0.8823529411764706,
  "recall": 0.9782608695652174,
  "precision": 0.8035714285714286,
  "specificity": 0.9993686868686869,
  "err": 0
}