{
  "prevalence": 0.02804878048780488,
  "n": 1640,
  "tp": 42,
  "tn": 1549,
  "fp": 45,
  "fn": 4,
  "accuracy": 0.9701219512195122,
  "balanced_accuracy": 0.7400914803383885,
  "f1": 0.631578947368421,
  "recall": 0.9130434782608695,
  "precision": 0.4827586206896552,
  "specificity": 0.9974243399871217,
  "err": 3
}