{
  "prevalence": 0.02804878048780488,
  "n": 1640,
  "tp": 43,
  "tn": 1571,
  "fp": 23,
  "fn": 3,
  "accuracy": 0.9841463414634146,
  "balanced_accuracy": 0.824804589734704,
  "f1": 0.7678571428571428,
  "recall": 0.9347826086956522,
  "precision": 0.6515151515151515,
  "specificity": 0.9980940279542567,
  "err": 2
}