{
  "prevalence": 0.02804878048780488,
  "n": 1640,
  "tp": 8,
  "tn": 1594,
  "fp": 0,
  "fn": 38,
  "accuracy": 0.9768292682926829,
  "balanced_accuracy": 0.9883578431372548,
  "f1": 0.29629629629629634,
  "recall": 0.17391304347826086,
  "precision": 1.0,
  "specificity": 0.9767156862745098,
  "err": 2
}