{
  "prevalence": 0.02804878048780488,
  "n": 1640,
  "tp": 27,
  "tn": 1576,
  "fp": 18,
  "fn": 19,
  "accuracy": 0.9774390243902439,
  "balanced_accuracy": 0.7940438871473354,
  "f1": 0.5934065934065934,
  "recall": 0.5869565217391305,
  "precision": 0.6,
  "specificity": 0.9880877742946709,
  "err": 14
}