{
  "prevalence": 0.02804878048780488,
  "n": 1640,
  "tp": 43,
  "tn": 1573,
  "fp": 21,
  "fn": 3,
  "accuracy": 0.9853658536585366,
  "balanced_accuracy": 0.8349857233502538,
  "f1": 0.7818181818181819,
  "recall": 0.9347826086956522,
  "precision": 0.671875,
  "specificity": 0.9980964467005076,
  "err": 2
}