{
  "prevalence": 0.16666666666666666,
  "n": 120,
  "tp": 11,
  "tn": 85,
  "fp": 15,
  "fn": 9,
  "accuracy": 0.8,
  "balanced_accuracy": 0.6636661211129297,
  "f1": 0.47826086956521735,
  "recall": 0.55,
  "precision": 0.4230769230769231,
  "specificity": 0.9042553191489362,
  "err": 2
}