{
  "prevalence": 0.16666666666666666,
  "n": 120,
  "tp": 12,
  "tn": 88,
  "fp": 12,
  "fn": 8,
  "accuracy": 0.8333333333333334,
  "balanced_accuracy": 0.7083333333333333,
  "f1": 0.5454545454545454,
  "recall": 0.6,
  "precision": 0.5,
  "specificity": 0.9166666666666666,
  "err": 0
}