{
  "prevalence": 0.02804878048780488,
  "n": 1640,
  "tp": 39,
  "tn": 1577,
  "fp": 17,
  "fn": 7,
  "accuracy": 0.9853658536585366,
  "balanced_accuracy": 0.8460046897546898,
  "f1": 0.7647058823529412,
  "recall": 0.8478260869565217,
  "precision": 0.6964285714285714,
  "specificity": 0.9955808080808081,
  "err": 0
}