{
  "prevalence": 0.16666666666666666,
  "n": 120,
  "tp": 13,
  "tn": 95,
  "fp": 5,
  "fn": 7,
  "accuracy": 0.9,
  "balanced_accuracy": 0.826797385620915,
  "f1": 0.6842105263157895,
  "recall": 0.65,
  "precision": 0.7222222222222222,
  "specificity": 0.9313725490196079,
  "err": 0
}