{
  "prevalence": 0.02804878048780488,
  "n": 1640,
  "tp": 43,
  "tn": 1569,
  "fp": 25,
  "fn": 3,
  "accuracy": 0.9829268292682927,
  "balanced_accuracy": 0.8152222721149529,
  "f1": 0.7543859649122806,
  "recall": 0.9347826086956522,
  "precision": 0.6323529411764706,
  "specificity": 0.9980916030534351,
  "err": 2
}