{
  "prevalence": 0.02804878048780488,
  "n": 1640,
  "tp": 39,
  "tn": 1584,
  "fp": 10,
  "fn": 7,
  "accuracy": 0.9896341463414634,
  "balanced_accuracy": 0.8957593093805718,
  "f1": 0.8210526315789473,
  "recall": 0.8478260869565217,
  "precision": 0.7959183673469388,
  "specificity": 0.9956002514142049,
  "err": 0
}