{
  "prevalence": 0.02804878048780488,
  "n": 1640,
  "tp": 44,
  "tn": 1593,
  "fp": 1,
  "fn": 2,
  "accuracy": 0.9981707317073171,
  "balanced_accuracy": 0.98826192964124,
  "f1": 0.967032967032967,
  "recall": 0.9565217391304348,
  "precision": 0.9777777777777777,
  "specificity": 0.9987460815047022,
  "err": 0
}