{
  "prevalence": 0.16666666666666666,
  "all_n": {
    "name": "all_n",
    "population": [
      120,
      120,
      120,
      120,
      120,
      120,
      120,
      120,
      120,
      120,
      120,
      120,
      120,
      120,
      120,
      120,
      120,
      120,
      120,
      120,
      120,
      120,
      120,
      120,
      120,
      120,
      120,
      120,
      120,
      120
    ],
    "size": 30,
    "total": 3600,
    "min": 120,
    "q1": 120,
    "median": 120.0,
    "q3": 120,
    "max": 120,
    "mean": 120.0,
    "sd": 0.0
  },
  "all_tp": {
    "name": "all_tp",
    "population": [
      7,
      7,
      7,
      7,
      7,
      7,
      7,
      8,
      7,
      7,
      8,
      8,
      8,
      7,
      7,
      7,
      8,
      7,
      7,
      7,
      7,
      8,
      7,
      7,
      8,
      7,
      7,
      8,
      7,
      7
    ],
    "size": 30,
    "total": 218,
    "min": 7,
    "q1": 7,
    "median": 7.0,
    "q3": 8,
    "max": 8,
    "mean": 7.266666666666667,
    "sd": 0.44221663871405326
  },
  "all_tn": {
    "name": "all_tn",
    "population": [
      98,
      97,
      97,
      98,
      97,
      96,
      97,
      97,
      97,
      98,
      98,
      97,
      97,
      97,
      98,
      97,
      97,
      97,
      98,
      97,
      97,
      97,
      98,
      97,
      97,
      97,
      96,
      98,
      97,
      97
    ],
    "size": 30,
    "total": 2916,
    "min": 96,
    "q1": 97,
    "median": 97.0,
    "q3": 98,
    "max": 98,
    "mean": 97.2,
    "sd": 0.5416025603090638
  },
  "all_fp": {
    "name": "all_fp",
    "population": [
      2,
      3,
      3,
      2,
      3,
      4,
      3,
      3,
      3,
      2,
      2,
      3,
      3,
      3,
      2,
      3,
      3,
      3,
      2,
      3,
      3,
      3,
      2,
      3,
      3,
      3,
      4,
      2,
      3,
      3
    ],
    "size": 30,
    "total": 84,
    "min": 2,
    "q1": 2,
    "median": 3.0,
    "q3": 3,
    "max": 4,
    "mean": 2.8,
    "sd": 0.5416025603090641
  },
  "all_fn": {
    "name": "all_fn",
    "population": [
      13,
      13,
      13,
      13,
      13,
      13,
      13,
      12,
      13,
      13,
      12,
      12,
      12,
      13,
      13,
      13,
      12,
      13,
      13,
      13,
      13,
      12,
      13,
      13,
      12,
      13,
      13,
      12,
      13,
      13
    ],
    "size": 30,
    "total": 382,
    "min": 12,
    "q1": 12,
    "median": 13.0,
    "q3": 13,
    "max": 13,
    "mean": 12.733333333333333,
    "sd": 0.4422166387140533
  },
  "all_accuracy": {
    "name": "all_accuracy",
    "population": [
      0.875,
      0.8666666666666667,
      0.8666666666666667,
      0.875,
      0.8666666666666667,
      0.8583333333333333,
      0.8666666666666667,
      0.875,
      0.8666666666666667,
      0.875,
      0.8833333333333333,
      0.875,
      0.875,
      0.8666666666666667,
      0.875,
      0.8666666666666667,
      0.875,
      0.8666666666666667,
      0.875,
      0.8666666666666667,
      0.8666666666666667,
      0.875,
      0.875,
      0.8666666666666667,
      0.875,
      0.8666666666666667,
      0.8583333333333333,
      0.8833333333333333,
      0.8666666666666667,
      0.8666666666666667
    ],
    "size": 30,
    "total": 26.11666666666667,
    "min": 0.8583333333333333,
    "q1": 0.8666666666666667,
    "median": 0.8666666666666667,
    "q3": 0.875,
    "max": 0.8833333333333333,
    "mean": 0.8705555555555556,
    "sd": 0.005983516452371665
  },
  "all_balanced_accuracy": {
    "name": "all_balanced_accuracy",
    "population": [
      0.8303303303303303,
      0.7909090909090909,
      0.7909090909090909,
      0.8303303303303303,
      0.7909090909090909,
      0.7585487906588824,
      0.7909090909090909,
      0.8085904920767306,
      0.7909090909090909,
      0.8303303303303303,
      0.8454545454545455,
      0.8085904920767306,
      0.8085904920767306,
      0.7909090909090909,
      0.8303303303303303,
      0.7909090909090909,
      0.8085904920767306,
      0.7909090909090909,
      0.8303303303303303,
      0.7909090909090909,
      0.7909090909090909,
      0.8085904920767306,
      0.8303303303303303,
      0.7909090909090909,
      0.8085904920767306,
      0.7909090909090909,
      0.7585487906588824,
      0.8454545454545455,
      0.7909090909090909,
      0.7909090909090909
    ],
    "size": 30,
    "total": 24.114258879396484,
    "min": 0.7585487906588824,
    "q1": 0.7909090909090909,
    "median": 0.7909090909090909,
    "q3": 0.8303303303303303,
    "max": 0.8454545454545455,
    "mean": 0.8038086293132162,
    "sd": 0.02179667019299709
  },
  "all_f1": {
    "name": "all_f1",
    "population": [
      0.48275862068965514,
      0.4666666666666667,
      0.4666666666666667,
      0.48275862068965514,
      0.4666666666666667,
      0.45161290322580644,
      0.4666666666666667,
      0.5161290322580645,
      0.4666666666666667,
      0.48275862068965514,
      0.5333333333333333,
      0.5161290322580645,
      0.5161290322580645,
      0.4666666666666667,
      0.48275862068965514,
      0.4666666666666667,
      0.5161290322580645,
      0.4666666666666667,
      0.48275862068965514,
      0.4666666666666667,
      0.4666666666666667,
      0.5161290322580645,
      0.48275862068965514,
      0.4666666666666667,
      0.5161290322580645,
      0.4666666666666667,
      0.45161290322580644,
      0.5333333333333333,
      0.4666666666666667,
      0.4666666666666667
    ],
    "size": 30,
    "total": 14.496551724137928,
    "min": 0.45161290322580644,
    "q1": 0.4666666666666667,
    "median": 0.4666666666666667,
    "q3": 0.5161290322580645,
    "max": 0.5333333333333333,
    "mean": 0.4832183908045976,
    "sd": 0.024052853526668458
  },
  "all_recall": {
    "name": "all_recall",
    "population": [
      0.35,
      0.35,
      0.35,
      0.35,
      0.35,
      0.35,
      0.35,
      0.4,
      0.35,
      0.35,
      0.4,
      0.4,
      0.4,
      0.35,
      0.35,
      0.35,
      0.4,
      0.35,
      0.35,
      0.35,
      0.35,
      0.4,
      0.35,
      0.35,
      0.4,
      0.35,
      0.35,
      0.4,
      0.35,
      0.35
    ],
    "size": 30,
    "total": 10.899999999999999,
    "min": 0.35,
    "q1": 0.35,
    "median": 0.35,
    "q3": 0.4,
    "max": 0.4,
    "mean": 0.3633333333333333,
    "sd": 0.022110831935702683
  },
  "all_precision": {
    "name": "all_precision",
    "population": [
      0.7777777777777778,
      0.7,
      0.7,
      0.7777777777777778,
      0.7,
      0.6363636363636364,
      0.7,
      0.7272727272727273,
      0.7,
      0.7777777777777778,
      0.8,
      0.7272727272727273,
      0.7272727272727273,
      0.7,
      0.7777777777777778,
      0.7,
      0.7272727272727273,
      0.7,
      0.7777777777777778,
      0.7,
      0.7,
      0.7272727272727273,
      0.7777777777777778,
      0.7,
      0.7272727272727273,
      0.7,
      0.6363636363636364,
      0.8,
      0.7,
      0.7
    ],
    "size": 30,
    "total": 21.703030303030296,
    "min": 0.6363636363636364,
    "q1": 0.7,
    "median": 0.7,
    "q3": 0.7777777777777778,
    "max": 0.8,
    "mean": 0.7234343434343432,
    "sd": 0.04178645163263968
  },
  "all_specificity": {
    "name": "all_specificity",