{
  "prevalence": 0.16666666666666666,
  "all_n": {
    "name": "all_n",
    "population": [
      120,
      120,
      120,
      120,
      120,
      120,
      120,
      120,
      120,
      120,
      120,
      120,
      120,
      120,
      120,
      120,
      120,
      120,
      120,
      120,
      120,
      120,
      120,
      120,
      120,
      120,
      120,
      120,
      120,
      120
    ],
    "size": 30,
    "total": 3600,
    "min": 120,
    "q1": 120,
    "median": 120.0,
    "q3": 120,
    "max": 120,
    "mean": 120.0,
    "sd": 0.0
  },
  "all_tp": {
    "name": "all_tp",
    "population": [
      2,
      2,
      2,
      2,
      2,
      3,
      2,
      2,
      3,
      3,
      2,
      2,
      2,
      2,
      2,
      3,
      2,
      2,
      2,
      2,
      3,
      2,
      2,
      2,
      3,
      2,
      2,
      2,
      3,
      2
    ],
    "size": 30,
    "total": 67,
    "min": 2,
    "q1": 2,
    "median": 2.0,
    "q3": 2,
    "max": 3,
    "mean": 2.2333333333333334,
    "sd": 0.42295258468165065
  },
  "all_tn": {
    "name": "all_tn",
    "population": [
      100,
      100,
      100,
      100,
      100,
      100,
      100,
      100,
      100,
      100,
      100,
      100,
      100,
      100,
      100,
      100,
      100,
      100,
      100,
      100,
      100,
      100,
      100,
      100,
      100,
      100,
      100,
      100,
      100,
      100
    ],
    "size": 30,
    "total": 3000,
    "min": 100,
    "q1": 100,
    "median": 100.0,
    "q3": 100,
    "max": 100,
    "mean": 100.0,
    "sd": 0.0
  },
  "all_fp": {
    "name": "all_fp",
    "population": [
      0,
      0,
      0,
      0,
      0,
      0,
      0,
      0,
      0,
      0,
      0,
      0,
      0,
      0,
      0,
      0,
      0,
      0,
      0,
      0,
      0,
      0,
      0,
      0,
      0,
      0,
      0,
      0,
      0,
      0
    ],
    "size": 30,
    "total": 0,
    "min": 0,
    "q1": 0,
    "median": 0.0,
    "q3": 0,
    "max": 0,
    "mean": 0.0,
    "sd": 0.0
  },
  "all_fn": {
    "name": "all_fn",
    "population": [
      18,
      18,
      18,
      18,
      18,
      17,
      18,
      18,
      17,
      17,
      18,
      18,
      18,
      18,
      18,
      17,
      18,
      18,
      18,
      18,
      17,
      18,
      18,
      18,
      17,
      18,
      18,
      18,
      17,
      18
    ],
    "size": 30,
    "total": 533,
    "min": 17,
    "q1": 18,
    "median": 18.0,
    "q3": 18,
    "max": 18,
    "mean": 17.766666666666666,
    "sd": 0.42295258468165076
  },
  "all_accuracy": {
    "name": "all_accuracy",
    "population": [
      0.85,
      0.85,
      0.85,
      0.85,
      0.85,
      0.8583333333333333,
      0.85,
      0.85,
      0.8583333333333333,
      0.8583333333333333,
      0.85,
      0.85,
      0.85,
      0.85,
      0.85,
      0.8583333333333333,
      0.85,
      0.85,
      0.85,
      0.85,
      0.8583333333333333,
      0.85,
      0.85,
      0.85,
      0.8583333333333333,
      0.85,
      0.85,
      0.85,
      0.8583333333333333,
      0.85
    ],
    "size": 30,
    "total": 25.558333333333344,
    "min": 0.85,
    "q1": 0.85,
    "median": 0.85,
    "q3": 0.85,
    "max": 0.8583333333333333,
    "mean": 0.8519444444444448,
    "sd": 0.0035246048723470767
  },
  "all_balanced_accuracy": {
    "name": "all_balanced_accuracy",
    "population": [
      0.923728813559322,
      0.923728813559322,
      0.923728813559322,
      0.923728813559322,
      0.923728813559322,
      0.9273504273504274,
      0.923728813559322,
      0.923728813559322,
      0.9273504273504274,
      0.9273504273504274,
      0.923728813559322,
      0.923728813559322,
      0.923728813559322,
      0.923728813559322,
      0.923728813559322,
      0.9273504273504274,
      0.923728813559322,
      0.923728813559322,
      0.923728813559322,
      0.923728813559322,
      0.9273504273504274,
      0.923728813559322,
      0.923728813559322,
      0.923728813559322,
      0.9273504273504274,
      0.923728813559322,
      0.923728813559322,
      0.923728813559322,
      0.9273504273504274,
      0.923728813559322
    ],
    "size": 30,
    "total": 27.73721570331739,
    "min": 0.923728813559322,
    "q1": 0.923728813559322,
    "median": 0.923728813559322,
    "q3": 0.923728813559322,
    "max": 0.9273504273504274,
    "mean": 0.9245738567772464,
    "sd": 0.0015317709136667284
  },
  "all_f1": {
    "name": "all_f1",
    "population": [
      0.18181818181818182,
      0.18181818181818182,
      0.18181818181818182,
      0.18181818181818182,
      0.18181818181818182,
      0.2608695652173913,
      0.18181818181818182,
      0.18181818181818182,
      0.2608695652173913,
      0.2608695652173913,
      0.18181818181818182,
      0.18181818181818182,
      0.18181818181818182,
      0.18181818181818182,
      0.18181818181818182,
      0.2608695652173913,
      0.18181818181818182,
      0.18181818181818182,
      0.18181818181818182,
      0.18181818181818182,
      0.2608695652173913,
      0.18181818181818182,
      0.18181818181818182,
      0.18181818181818182,
      0.2608695652173913,
      0.18181818181818182,
      0.18181818181818182,
      0.18181818181818182,
      0.2608695652173913,
      0.18181818181818182
    ],
    "size": 30,
    "total": 6.007905138339919,
    "min": 0.18181818181818182,
    "q1": 0.18181818181818182,
    "median": 0.18181818181818182,
    "q3": 0.18181818181818182,
    "max": 0.2608695652173913,
    "mean": 0.20026350461133063,
    "sd": 0.033434986931355784
  },
  "all_recall": {
    "name": "all_recall",
    "population": [
      0.1,
      0.1,
      0.1,
      0.1,
      0.1,
      0.15,
      0.1,
      0.1,
      0.15,
      0.15,
      0.1,
      0.1,
      0.1,
      0.1,
      0.1,
      0.15,
      0.1,
      0.1,
      0.1,
      0.1,
      0.15,
      0.1,
      0.1,
      0.1,
      0.15,
      0.1,
      0.1,
      0.1,
      0.15,
      0.1
    ],
    "size": 30,
    "total": 3.350000000000001,
    "min": 0.1,
    "q1": 0.1,
    "median": 0.1,
    "q3": 0.1,
    "max": 0.15,
    "mean": 0.1116666666666667,
    "sd": 0.021147629234082525
  },
  "all_precision": {
    "name": "all_precision",
    "population": [
      1.0,
      1.0,
      1.0,
      1.0,
      1.0,
      1.0,
      1.0,
      1.0,
      1.0,
      1.0,
      1.0,
      1.0,
      1.0,
      1.0,
      1.0,
      1.0,
      1.0,
      1.0,
      1.0,
      1.0,
      1.0,
      1.0,
      1.0,
      1.0,
      1.0,
      1.0,
      1.0,
      1.0,
      1.0,
      1.0
    ],
    "size": 30,
    "total": 30.0,
    "min": 1.0,
    "q1": 1.0,
    "median": 1.0,
    "q3": 1.0,
    "max": 1.0,
    "mean": 1.0,
    "sd": 0.0
  },
  "all_specificity": {
    "name": "all_specificity",
    "population": [
      0.847457627118644,
      0.847457627118644,
      0.847457627118644,
      0.847457627118644,
      0.847457627118644,
      0.8547008547008547,
      0.847457627118644,
      0.847457627118644,
      0.8547008547008547,
      0.8547008547008547,
      0.847457627118644,
      0.847457627118644,
      0.847457627118644,
      0.847457627118644,
      0.847457627118644,
      0.8547008547008547,
      0.847457627118644,
      0.847457627118644,
      0.847457627118644,
      0.847457627118644,
      0.8547008547008547,
      0.847457627118644,
      0.847457627118644,
      0.847457627118644,
      0.8547008547008547,
      0.847457627118644,
      0.847457627118644,
      0.847457627118644,
      0.8547008547008547,
      0.847457627118644
    ],
    "size": 30,
    "total": 25.47443140663479,
    "min": 0.847457627118644,
    "q1": 0.847457627118644,
    "median": 0.847457627118644,
    "q3": 0.847457627118644,
    "max": 0.8547008547008547,
    "mean": 0.8491477135544929,
    "sd": 0.0030635418273334105
  },
  "frequency_table": {
    "true": {
      "4.2": {},