{
  "prevalence": 0.16666666666666666,
  "all_n": {
    "name": "all_n",
    "population": [
      120,
      120,
      120,
      120,
      120,
      120,
      120,
      120,
      120,
      120,
      120,
      120,
      120,
      120,
      120,
      120,
      120,
      120,
      120,
      120,
      120,
      120,
      120,
      120,
      120,
      120,
      120,
      120,
      120,
      120
    ],
    "size": 30,
    "total": 3600,
    "min": 120,
    "q1": 120,
    "median": 120.0,
    "q3": 120,
    "max": 120,
    "mean": 120.0,
    "sd": 0.0
  },
  "all_tp": {
    "name": "all_tp",
    "population": [
      17,
      17,
      17,
      18,
      18,
      18,
      17,
      17,
      17,
      17,
      17,
      18,
      17,
      17,
      17,
      17,
      17,
      17,
      17,
      17,
      18,
      18,
      18,
      17,
      17,
      17,
      17,
      18,
      17,
      17
    ],
    "size": 30,
    "total": 518,
    "min": 17,
    "q1": 17,
    "median": 17.0,
    "q3": 18,
    "max": 18,
    "mean": 17.266666666666666,
    "sd": 0.44221663871405337
  },
  "all_tn": {
    "name": "all_tn",
    "population": [
      94,
      94,
      94,
      94,
      94,
      94,
      94,
      94,
      94,
      94,
      94,
      94,
      94,
      94,
      94,
      94,
      94,
      94,
      94,
      94,
      94,
      94,
      94,
      94,
      94,
      94,
      94,
      94,
      94,
      94
    ],
    "size": 30,
    "total": 2820,
    "min": 94,
    "q1": 94,
    "median": 94.0,
    "q3": 94,
    "max": 94,
    "mean": 94.0,
    "sd": 0.0
  },
  "all_fp": {
    "name": "all_fp",
    "population": [
      6,
      6,
      6,
      6,
      6,
      6,
      6,
      6,
      6,
      6,
      6,
      6,
      6,
      6,
      6,
      6,
      6,
      6,
      6,
      6,
      6,
      6,
      6,
      6,
      6,
      6,
      6,
      6,
      6,
      6
    ],
    "size": 30,
    "total": 180,
    "min": 6,
    "q1": 6,
    "median": 6.0,
    "q3": 6,
    "max": 6,
    "mean": 6.0,
    "sd": 0.0
  },
  "all_fn": {
    "name": "all_fn",
    "population": [
      3,
      3,
      3,
      2,
      2,
      2,
      3,
      3,
      3,
      3,
      3,
      2,
      3,
      3,
      3,
      3,
      3,
      3,
      3,
      3,
      2,
      2,
      2,
      3,
      3,
      3,
      3,
      2,
      3,
      3
    ],
    "size": 30,
    "total": 82,
    "min": 2,
    "q1": 2,
    "median": 3.0,
    "q3": 3,
    "max": 3,
    "mean": 2.7333333333333334,
    "sd": 0.44221663871405326
  },
  "all_accuracy": {
    "name": "all_accuracy",
    "population": [
      0.925,
      0.925,
      0.925,
      0.9333333333333333,
      0.9333333333333333,
      0.9333333333333333,
      0.925,
      0.925,
      0.925,
      0.925,
      0.925,
      0.9333333333333333,
      0.925,
      0.925,
      0.925,
      0.925,
      0.925,
      0.925,
      0.925,
      0.925,
      0.9333333333333333,
      0.9333333333333333,
      0.9333333333333333,
      0.925,
      0.925,
      0.925,
      0.925,
      0.9333333333333333,
      0.925,
      0.925
    ],
    "size": 30,
    "total": 27.81666666666668,
    "min": 0.925,
    "q1": 0.925,
    "median": 0.925,
    "q3": 0.9333333333333333,
    "max": 0.9333333333333333,
    "mean": 0.9272222222222227,
    "sd": 0.003685138655950432
  },
  "all_balanced_accuracy": {
    "name": "all_balanced_accuracy",
    "population": [
      0.8541012998655311,
      0.8541012998655311,
      0.8541012998655311,
      0.8645833333333333,
      0.8645833333333333,
      0.8645833333333333,
      0.8541012998655311,
      0.8541012998655311,
      0.8541012998655311,
      0.8541012998655311,
      0.8541012998655311,
      0.8645833333333333,
      0.8541012998655311,
      0.8541012998655311,
      0.8541012998655311,
      0.8541012998655311,
      0.8541012998655311,
      0.8541012998655311,
      0.8541012998655311,
      0.8541012998655311,
      0.8645833333333333,
      0.8645833333333333,
      0.8645833333333333,
      0.8541012998655311,
      0.8541012998655311,
      0.8541012998655311,
      0.8541012998655311,
      0.8645833333333333,
      0.8541012998655311,
      0.8541012998655311
    ],
    "size": 30,
    "total": 25.70689526370834,
    "min": 0.8541012998655311,
    "q1": 0.8541012998655311,
    "median": 0.8541012998655311,
    "q3": 0.8645833333333333,
    "max": 0.8645833333333333,
    "mean": 0.856896508790278,
    "sd": 0.004635329607019696
  },
  "all_f1": {
    "name": "all_f1",
    "population": [
      0.7906976744186046,
      0.7906976744186046,
      0.7906976744186046,
      0.8181818181818182,
      0.8181818181818182,
      0.8181818181818182,
      0.7906976744186046,
      0.7906976744186046,
      0.7906976744186046,
      0.7906976744186046,
      0.7906976744186046,
      0.8181818181818182,
      0.7906976744186046,
      0.7906976744186046,
      0.7906976744186046,
      0.7906976744186046,
      0.7906976744186046,
      0.7906976744186046,
      0.7906976744186046,
      0.7906976744186046,
      0.8181818181818182,
      0.8181818181818182,
      0.8181818181818182,
      0.7906976744186046,
      0.7906976744186046,
      0.7906976744186046,
      0.7906976744186046,
      0.8181818181818182,
      0.7906976744186046,
      0.7906976744186046
    ],
    "size": 30,
    "total": 23.940803382663848,
    "min": 0.7906976744186046,
    "q1": 0.7906976744186046,
    "median": 0.7906976744186046,
    "q3": 0.8181818181818182,
    "max": 0.8181818181818182,
    "mean": 0.7980267794221283,
    "sd": 0.01215394567290214
  },
  "all_recall": {
    "name": "all_recall",
    "population": [
      0.85,
      0.85,
      0.85,
      0.9,
      0.9,
      0.9,
      0.85,
      0.85,
      0.85,
      0.85,
      0.85,
      0.9,
      0.85,
      0.85,
      0.85,
      0.85,
      0.85,
      0.85,
      0.85,
      0.85,
      0.9,
      0.9,
      0.9,
      0.85,
      0.85,
      0.85,
      0.85,
      0.9,
      0.85,
      0.85
    ],
    "size": 30,
    "total": 25.900000000000002,
    "min": 0.85,
    "q1": 0.85,
    "median": 0.85,
    "q3": 0.9,
    "max": 0.9,
    "mean": 0.8633333333333334,
    "sd": 0.022110831935702686
  },
  "all_precision": {
    "name": "all_precision",
    "population": [
      0.7391304347826086,
      0.7391304347826086,
      0.7391304347826086,
      0.75,
      0.75,
      0.75,
      0.7391304347826086,
      0.7391304347826086,
      0.7391304347826086,
      0.7391304347826086,
      0.7391304347826086,
      0.75,
      0.7391304347826086,
      0.7391304347826086,
      0.7391304347826086,
      0.7391304347826086,
      0.7391304347826086,
      0.7391304347826086,
      0.7391304347826086,
      0.7391304347826086,
      0.75,
      0.75,
      0.75,
      0.7391304347826086,
      0.7391304347826086,
      0.7391304347826086,
      0.7391304347826086,
      0.75,
      0.7391304347826086,
      0.7391304347826086
    ],
    "size": 30,
    "total": 22.260869565217398,
    "min": 0.7391304347826086,
    "q1": 0.7391304347826086,
    "median": 0.7391304347826086,
    "q3": 0.75,
    "max": 0.75,
    "mean": 0.7420289855072466,
    "sd": 0.004806702594717992
  },
  "all_specificity": {
    "name": "all_specificity",