{
  "prevalence": 0.16666666666666666,
  "all_n": {
    "name": "all_n",
    "population": [
      120,
      120,
      120,
      120,
      120,
      120,
      120,
      120,
      120,
      120,
      120,
      120,
      120,
      120,
      120,
      120,
      120,
      120,
      120,
      120,
      120,
      120,
      120,
      120,
      120,
      120,
      120,
      120,
      120,
      120
    ],
    "size": 30,
    "total": 3600,
    "min": 120,
    "q1": 120,
    "median": 120.0,
    "q3": 120,
    "max": 120,
    "mean": 120.0,
    "sd": 0.0
  },
  "all_tp": {
    "name": "all_tp",
    "population": [
      10,
      12,
      12,
      11,
      9,
      11,
      12,
      11,
      11,
      11,
      11,
      11,
      10,
      9,
      11,
      10,
      11,
      11,
      12,
      12,
      12,
      12,
      12,
      12,
      12,
      12,
      12,
      12,
      12,
      12
    ],
    "size": 30,
    "total": 338,
    "min": 9,
    "q1": 11,
    "median": 11.5,
    "q3": 12,
    "max": 12,
    "mean": 11.266666666666667,
    "sd": 0.8919392106839769
  },
  "all_tn": {
    "name": "all_tn",
    "population": [
      98,
      98,
      98,
      98,
      98,
      98,
      98,
      98,
      98,
      98,
      98,
      98,
      98,
      98,
      98,
      99,
      98,
      99,
      98,
      98,
      98,
      98,
      98,
      98,
      98,
      98,
      98,
      98,
      98,
      98
    ],
    "size": 30,
    "total": 2942,
    "min": 98,
    "q1": 98,
    "median": 98.0,
    "q3": 98,
    "max": 99,
    "mean": 98.06666666666666,
    "sd": 0.2494438257849295
  },
  "all_fp": {
    "name": "all_fp",
    "population": [
      2,
      2,
      2,
      2,
      2,
      2,
      2,
      2,
      2,
      2,
      2,
      2,
      2,
      2,
      2,
      1,
      2,
      1,
      2,
      2,
      2,
      2,
      2,
      2,
      2,
      2,
      2,
      2,
      2,
      2
    ],
    "size": 30,
    "total": 58,
    "min": 1,
    "q1": 2,
    "median": 2.0,
    "q3": 2,
    "max": 2,
    "mean": 1.9333333333333333,
    "sd": 0.24944382578492946
  },
  "all_fn": {
    "name": "all_fn",
    "population": [
      10,
      8,
      8,
      9,
      11,
      9,
      8,
      9,
      9,
      9,
      9,
      9,
      10,
      11,
      9,
      10,
      9,
      9,
      8,
      8,
      8,
      8,
      8,
      8,
      8,
      8,
      8,
      8,
      8,
      8
    ],
    "size": 30,
    "total": 262,
    "min": 8,
    "q1": 8,
    "median": 8.5,
    "q3": 9,
    "max": 11,
    "mean": 8.733333333333333,
    "sd": 0.8919392106839769
  },
  "all_accuracy": {
    "name": "all_accuracy",
    "population": [
      0.9,
      0.9166666666666666,
      0.9166666666666666,
      0.9083333333333333,
      0.8916666666666667,
      0.9083333333333333,
      0.9166666666666666,
      0.9083333333333333,
      0.9083333333333333,
      0.9083333333333333,
      0.9083333333333333,
      0.9083333333333333,
      0.9,
      0.8916666666666667,
      0.9083333333333333,
      0.9083333333333333,
      0.9083333333333333,
      0.9166666666666666,
      0.9166666666666666,
      0.9166666666666666,
      0.9166666666666666,
      0.9166666666666666,
      0.9166666666666666,
      0.9166666666666666,
      0.9166666666666666,
      0.9166666666666666,
      0.9166666666666666,
      0.9166666666666666,
      0.9166666666666666,
      0.9166666666666666
    ],
    "size": 30,
    "total": 27.33333333333335,
    "min": 0.8916666666666667,
    "q1": 0.9083333333333333,
    "median": 0.9166666666666666,
    "q3": 0.9166666666666666,
    "max": 0.9166666666666666,
    "mean": 0.9111111111111116,
    "sd": 0.0072435582280029175
  },
  "all_balanced_accuracy": {
    "name": "all_balanced_accuracy",
    "population": [
      0.8703703703703705,
      0.8908355795148248,
      0.8908355795148248,
      0.8810208483105679,
      0.8586321934945789,
      0.8810208483105679,
      0.8908355795148248,
      0.8810208483105679,
      0.8810208483105679,
      0.8810208483105679,
      0.8810208483105679,
      0.8810208483105679,
      0.8703703703703705,
      0.8586321934945789,
      0.8810208483105679,
      0.908673894912427,
      0.8810208483105679,
      0.9166666666666666,
      0.8908355795148248,
      0.8908355795148248,
      0.8908355795148248,
      0.8908355795148248,
      0.8908355795148248,
      0.8908355795148248,
      0.8908355795148248,
      0.8908355795148248,
      0.8908355795148248,
      0.8908355795148248,
      0.8908355795148248,
      0.8908355795148248
    ],
    "size": 30,
    "total": 26.575067016826473,
    "min": 0.8586321934945789,
    "q1": 0.8810208483105679,
    "median": 0.8908355795148248,
    "q3": 0.8908355795148248,
    "max": 0.9166666666666666,
    "mean": 0.8858355672275491,
    "sd": 0.011567444436837888
  },
  "all_f1": {
    "name": "all_f1",
    "population": [
      0.625,
      0.7058823529411764,
      0.7058823529411764,
      0.6666666666666667,
      0.5806451612903226,
      0.6666666666666667,
      0.7058823529411764,
      0.6666666666666667,
      0.6666666666666667,
      0.6666666666666667,
      0.6666666666666667,
      0.6666666666666667,
      0.625,
      0.5806451612903226,
      0.6666666666666667,
      0.6451612903225806,
      0.6666666666666667,
      0.6874999999999999,
      0.7058823529411764,
      0.7058823529411764,
      0.7058823529411764,
      0.7058823529411764,
      0.7058823529411764,
      0.7058823529411764,
      0.7058823529411764,
      0.7058823529411764,
      0.7058823529411764,
      0.7058823529411764,
      0.7058823529411764,
      0.7058823529411764
    ],
    "size": 30,
    "total": 20.332186907020876,
    "min": 0.5806451612903226,
    "q1": 0.6666666666666667,
    "median": 0.6966911764705881,
    "q3": 0.7058823529411764,
    "max": 0.7058823529411764,
    "mean": 0.6777395635673625,
    "sd": 0.03585057385065311
  },
  "all_recall": {
    "name": "all_recall",
    "population": [
      0.5,
      0.6,
      0.6,
      0.55,
      0.45,
      0.55,
      0.6,
      0.55,
      0.55,
      0.55,
      0.55,
      0.55,
      0.5,
      0.45,
      0.55,
      0.5,
      0.55,
      0.55,
      0.6,
      0.6,
      0.6,
      0.6,
      0.6,
      0.6,
      0.6,
      0.6,
      0.6,
      0.6,
      0.6,
      0.6
    ],
    "size": 30,
    "total": 16.9,
    "min": 0.45,
    "q1": 0.55,
    "median": 0.575,
    "q3": 0.6,
    "max": 0.6,
    "mean": 0.5633333333333332,
    "sd": 0.044596960534198815
  },
  "all_precision": {
    "name": "all_precision",
    "population": [
      0.8333333333333334,
      0.8571428571428571,
      0.8571428571428571,
      0.8461538461538461,
      0.8181818181818182,
      0.8461538461538461,
      0.8571428571428571,
      0.8461538461538461,
      0.8461538461538461,
      0.8461538461538461,
      0.8461538461538461,
      0.8461538461538461,
      0.8333333333333334,
      0.8181818181818182,
      0.8461538461538461,
      0.9090909090909091,
      0.8461538461538461,
      0.9166666666666666,
      0.8571428571428571,
      0.8571428571428571,
      0.8571428571428571,
      0.8571428571428571,
      0.8571428571428571,
      0.8571428571428571,
      0.8571428571428571,
      0.8571428571428571,
      0.8571428571428571,
      0.8571428571428571,
      0.8571428571428571,
      0.8571428571428571
    ],
    "size": 30,
    "total": 25.601315351315357,
    "min": 0.8181818181818182,
    "q1": 0.8461538461538461,
    "median": 0.8571428571428571,
    "q3": 0.8571428571428571,
    "max": 0.9166666666666666,
    "mean": 0.8533771783771785,
    "sd": 0.01921181158298623
  },
  "all_specificity": {
    "name": "all_specificity",