{
  "prevalence": 0.16666666666666666,
  "all_n": {
    "name": "all_n",
    "population": [
      120,
      120,
      120,
      120,
      120,
      120,
      120,
      120,
      120,
      120,
      120,
      120,
      120,
      120,
      120,
      120,
      120,
      120,
      120,
      120,
      120,
      120,
      120,
      120,
      120,
      120,
      120,
      120,
      120,
      120
    ],
    "size": 30,
    "total": 3600,
    "min": 120,
    "q1": 120,
    "median": 120.0,
    "q3": 120,
    "max": 120,
    "mean": 120.0,
    "sd": 0.0
  },
  "all_tp": {
    "name": "all_tp",
    "population": [
      11,
      11,
      13,
      11,
      11,
      13,
      13,
      11,
      11,
      13,
      11,
      11,
      11,
      13,
      11,
      11,
      11,
      11,
      11,
      11,
      11,
      13,
      11,
      11,
      13,
      11,
      13,
      11,
      11,
      11
    ],
    "size": 30,
    "total": 346,
    "min": 11,
    "q1": 11,
    "median": 11.0,
    "q3": 13,
    "max": 13,
    "mean": 11.533333333333333,
    "sd": 0.8844332774281065
  },
  "all_tn": {
    "name": "all_tn",
    "population": [
      99,
      99,
      97,
      99,
      99,
      97,
      97,
      99,
      99,
      97,
      99,
      99,
      99,
      97,
      99,
      99,
      99,
      99,
      99,
      99,
      99,
      97,
      99,
      99,
      97,
      99,
      97,
      99,
      99,
      99
    ],
    "size": 30,
    "total": 2954,
    "min": 97,
    "q1": 97,
    "median": 99.0,
    "q3": 99,
    "max": 99,
    "mean": 98.46666666666667,
    "sd": 0.8844332774281067
  },
  "all_fp": {
    "name": "all_fp",
    "population": [
      1,
      1,
      3,
      1,
      1,
      3,
      3,
      1,
      1,
      3,
      1,
      1,
      1,
      3,
      1,
      1,
      1,
      1,
      1,
      1,
      1,
      3,
      1,
      1,
      3,
      1,
      3,
      1,
      1,
      1
    ],
    "size": 30,
    "total": 46,
    "min": 1,
    "q1": 1,
    "median": 1.0,
    "q3": 3,
    "max": 3,
    "mean": 1.5333333333333334,
    "sd": 0.8844332774281067
  },
  "all_fn": {
    "name": "all_fn",
    "population": [
      9,
      9,
      7,
      9,
      9,
      7,
      7,
      9,
      9,
      7,
      9,
      9,
      9,
      7,
      9,
      9,
      9,
      9,
      9,
      9,
      9,
      7,
      9,
      9,
      7,
      9,
      7,
      9,
      9,
      9
    ],
    "size": 30,
    "total": 254,
    "min": 7,
    "q1": 7,
    "median": 9.0,
    "q3": 9,
    "max": 9,
    "mean": 8.466666666666667,
    "sd": 0.8844332774281065
  },
  "all_accuracy": {
    "name": "all_accuracy",
    "population": [
      0.9166666666666666,
      0.9166666666666666,
      0.9166666666666666,
      0.9166666666666666,
      0.9166666666666666,
      0.9166666666666666,
      0.9166666666666666,
      0.9166666666666666,
      0.9166666666666666,
      0.9166666666666666,
      0.9166666666666666,
      0.9166666666666666,
      0.9166666666666666,
      0.9166666666666666,
      0.9166666666666666,
      0.9166666666666666,
      0.9166666666666666,
      0.9166666666666666,
      0.9166666666666666,
      0.9166666666666666,
      0.9166666666666666,
      0.9166666666666666,
      0.9166666666666666,
      0.9166666666666666,
      0.9166666666666666,
      0.9166666666666666,
      0.9166666666666666,
      0.9166666666666666,
      0.9166666666666666,
      0.9166666666666666
    ],
    "size": 30,
    "total": 27.50000000000001,
    "min": 0.9166666666666666,
    "q1": 0.9166666666666666,
    "median": 0.9166666666666666,
    "q3": 0.9166666666666666,
    "max": 0.9166666666666666,
    "mean": 0.9166666666666671,
    "sd": 4.440892098500626e-16
  },
  "all_balanced_accuracy": {
    "name": "all_balanced_accuracy",
    "population": [
      0.9166666666666666,
      0.9166666666666666,
      0.8725961538461539,
      0.9166666666666666,
      0.9166666666666666,
      0.8725961538461539,
      0.8725961538461539,
      0.9166666666666666,
      0.9166666666666666,
      0.8725961538461539,
      0.9166666666666666,
      0.9166666666666666,
      0.9166666666666666,
      0.8725961538461539,
      0.9166666666666666,
      0.9166666666666666,
      0.9166666666666666,
      0.9166666666666666,
      0.9166666666666666,
      0.9166666666666666,
      0.9166666666666666,
      0.8725961538461539,
      0.9166666666666666,
      0.9166666666666666,
      0.8725961538461539,
      0.9166666666666666,
      0.8725961538461539,
      0.9166666666666666,
      0.9166666666666666,
      0.9166666666666666
    ],
    "size": 30,
    "total": 27.1474358974359,
    "min": 0.8725961538461539,
    "q1": 0.8725961538461539,
    "median": 0.9166666666666666,
    "q3": 0.9166666666666666,
    "max": 0.9166666666666666,
    "mean": 0.90491452991453,
    "sd": 0.01948871404589175
  },
  "all_f1": {
    "name": "all_f1",
    "population": [
      0.6874999999999999,
      0.6874999999999999,
      0.7222222222222223,
      0.6874999999999999,
      0.6874999999999999,
      0.7222222222222223,
      0.7222222222222223,
      0.6874999999999999,
      0.6874999999999999,
      0.7222222222222223,
      0.6874999999999999,
      0.6874999999999999,
      0.6874999999999999,
      0.7222222222222223,
      0.6874999999999999,
      0.6874999999999999,
      0.6874999999999999,
      0.6874999999999999,
      0.6874999999999999,
      0.6874999999999999,
      0.6874999999999999,
      0.7222222222222223,
      0.6874999999999999,
      0.6874999999999999,
      0.7222222222222223,
      0.6874999999999999,
      0.7222222222222223,
      0.6874999999999999,
      0.6874999999999999,
      0.6874999999999999
    ],
    "size": 30,
    "total": 20.902777777777775,
    "min": 0.6874999999999999,
    "q1": 0.6874999999999999,
    "median": 0.6874999999999999,
    "q3": 0.7222222222222223,
    "max": 0.7222222222222223,
    "mean": 0.6967592592592592,
    "sd": 0.015354744399793613
  },
  "all_recall": {
    "name": "all_recall",
    "population": [
      0.55,
      0.55,
      0.65,
      0.55,
      0.55,
      0.65,
      0.65,
      0.55,
      0.55,
      0.65,
      0.55,
      0.55,
      0.55,
      0.65,
      0.55,
      0.55,
      0.55,
      0.55,
      0.55,
      0.55,
      0.55,
      0.65,
      0.55,
      0.55,
      0.65,
      0.55,
      0.65,
      0.55,
      0.55,
      0.55
    ],
    "size": 30,
    "total": 17.300000000000008,
    "min": 0.55,
    "q1": 0.55,
    "median": 0.55,
    "q3": 0.65,
    "max": 0.65,
    "mean": 0.5766666666666669,
    "sd": 0.04422166387140533
  },
  "all_precision": {
    "name": "all_precision",
    "population": [
      0.9166666666666666,
      0.9166666666666666,
      0.8125,
      0.9166666666666666,
      0.9166666666666666,
      0.8125,
      0.8125,
      0.9166666666666666,
      0.9166666666666666,
      0.8125,
      0.9166666666666666,
      0.9166666666666666,
      0.9166666666666666,
      0.8125,
      0.9166666666666666,
      0.9166666666666666,
      0.9166666666666666,
      0.9166666666666666,
      0.9166666666666666,
      0.9166666666666666,
      0.9166666666666666,
      0.8125,
      0.9166666666666666,
      0.9166666666666666,
      0.8125,
      0.9166666666666666,
      0.8125,
      0.9166666666666666,
      0.9166666666666666,
      0.9166666666666666
    ],
    "size": 30,
    "total": 26.66666666666667,
    "min": 0.8125,
    "q1": 0.8125,
    "median": 0.9166666666666666,
    "q3": 0.9166666666666666,
    "max": 0.9166666666666666,
    "mean": 0.8888888888888891,
    "sd": 0.04606423319938055
  },
  "all_specificity": {
    "name": "all_specificity",