{
  "prevalence": 0.02804878048780488,
  "all_n": {
    "name": "all_n",
    "population": [
      1640,
      1640,
      1640,
      1640,
      1640,
      1640,
      1640,
      1640,
      1640,
      1640,
      1640,
      1640,
      1640,
      1640,
      1640,
      1640,
      1640,
      1640,
      1640,
      1640,
      1640,
      1640,
      1640,
      1640,
      1640,
      1640,
      1640,
      1640,
      1640,
      1640
    ],
    "size": 30,
    "total": 49200,
    "min": 1640,
    "q1": 1640,
    "median": 1640.0,
    "q3": 1640,
    "max": 1640,
    "mean": 1640.0,
    "sd": 0.0
  },
  "all_tp": {
    "name": "all_tp",
    "population": [
      44,
      43,
      44,
      44,
      44,
      44,
      43,
      44,
      44,
      44,
      44,
      44,
      44,
      44,
      44,
      44,
      44,
      44,
      44,
      44,
      44,
      44,
      44,
      44,
      44,
      44,
      44,
      44,
      44,
      44
    ],
    "size": 30,
    "total": 1318,
    "min": 43,
    "q1": 44,
    "median": 44.0,
    "q3": 44,
    "max": 44,
    "mean": 43.93333333333333,
    "sd": 0.2494438257849295
  },
  "all_tn": {
    "name": "all_tn",
    "population": [
      1594,
      1594,
      1594,
      1594,
      1594,
      1594,
      1594,
      1594,
      1594,
      1594,
      1594,
      1594,
      1594,
      1594,
      1594,
      1594,
      1594,
      1594,
      1594,
      1594,
      1594,
      1594,
      1594,
      1594,
      1594,
      1594,
      1594,
      1594,
      1594,
      1594
    ],
    "size": 30,
    "total": 47820,
    "min": 1594,
    "q1": 1594,
    "median": 1594.0,
    "q3": 1594,
    "max": 1594,
    "mean": 1594.0,
    "sd": 0.0
  },
  "all_fp": {
    "name": "all_fp",
    "population": [
      0,
      0,
      0,
      0,
      0,
      0,
      0,
      0,
      0,
      0,
      0,
      0,
      0,
      0,
      0,
      0,
      0,
      0,
      0,
      0,
      0,
      0,
      0,
      0,
      0,
      0,
      0,
      0,
      0,
      0
    ],
    "size": 30,
    "total": 0,
    "min": 0,
    "q1": 0,
    "median": 0.0,
    "q3": 0,
    "max": 0,
    "mean": 0.0,
    "sd": 0.0
  },
  "all_fn": {
    "name": "all_fn",
    "population": [
      2,
      3,
      2,
      2,
      2,
      2,
      3,
      2,
      2,
      2,
      2,
      2,
      2,
      2,
      2,
      2,
      2,
      2,
      2,
      2,
      2,
      2,
      2,
      2,
      2,
      2,
      2,
      2,
      2,
      2
    ],
    "size": 30,
    "total": 62,
    "min": 2,
    "q1": 2,
    "median": 2.0,
    "q3": 2,
    "max": 3,
    "mean": 2.066666666666667,
    "sd": 0.24944382578492943
  },
  "all_accuracy": {
    "name": "all_accuracy",
    "population": [
      0.998780487804878,
      0.9981707317073171,
      0.998780487804878,
      0.998780487804878,
      0.998780487804878,
      0.998780487804878,
      0.9981707317073171,
      0.998780487804878,
      0.998780487804878,
      0.998780487804878,
      0.998780487804878,
      0.998780487804878,
      0.998780487804878,
      0.998780487804878,
      0.998780487804878,
      0.998780487804878,
      0.998780487804878,
      0.998780487804878,
      0.998780487804878,
      0.998780487804878,
      0.998780487804878,
      0.998780487804878,
      0.998780487804878,
      0.998780487804878,
      0.998780487804878,
      0.998780487804878,
      0.998780487804878,
      0.998780487804878,
      0.998780487804878,
      0.998780487804878
    ],
    "size": 30,
    "total": 29.96219512195123,
    "min": 0.9981707317073171,
    "q1": 0.998780487804878,
    "median": 0.998780487804878,
    "q3": 0.998780487804878,
    "max": 0.998780487804878,
    "mean": 0.9987398373983744,
    "sd": 0.00015209989377129845
  },
  "all_balanced_accuracy": {
    "name": "all_balanced_accuracy",
    "population": [
      0.9993734335839599,
      0.9990607388854101,
      0.9993734335839599,
      0.9993734335839599,
      0.9993734335839599,
      0.9993734335839599,
      0.9990607388854101,
      0.9993734335839599,
      0.9993734335839599,
      0.9993734335839599,
      0.9993734335839599,
      0.9993734335839599,
      0.9993734335839599,
      0.9993734335839599,
      0.9993734335839599,
      0.9993734335839599,
      0.9993734335839599,
      0.9993734335839599,
      0.9993734335839599,
      0.9993734335839599,
      0.9993734335839599,
      0.9993734335839599,
      0.9993734335839599,
      0.9993734335839599,
      0.9993734335839599,
      0.9993734335839599,
      0.9993734335839599,
      0.9993734335839599,
      0.9993734335839599,
      0.9993734335839599
    ],
    "size": 30,
    "total": 29.98057761812168,
    "min": 0.9990607388854101,
    "q1": 0.9993734335839599,
    "median": 0.9993734335839599,
    "q3": 0.9993734335839599,
    "max": 0.9993734335839599,
    "mean": 0.9993525872707226,
    "sd": 7.799976190892129e-05
  },
  "all_f1": {
    "name": "all_f1",
    "population": [
      0.9777777777777777,
      0.9662921348314606,
      0.9777777777777777,
      0.9777777777777777,
      0.9777777777777777,
      0.9777777777777777,
      0.9662921348314606,
      0.9777777777777777,
      0.9777777777777777,
      0.9777777777777777,
      0.9777777777777777,
      0.9777777777777777,
      0.9777777777777777,
      0.9777777777777777,
      0.9777777777777777,
      0.9777777777777777,
      0.9777777777777777,
      0.9777777777777777,
      0.9777777777777777,
      0.9777777777777777,
      0.9777777777777777,
      0.9777777777777777,
      0.9777777777777777,
      0.9777777777777777,
      0.9777777777777777,
      0.9777777777777777,
      0.9777777777777777,
      0.9777777777777777,
      0.9777777777777777,
      0.9777777777777777
    ],
    "size": 30,
    "total": 29.310362047440698,
    "min": 0.9662921348314606,
    "q1": 0.9777777777777777,
    "median": 0.9777777777777777,
    "q3": 0.9777777777777777,
    "max": 0.9777777777777777,
    "mean": 0.9770120682480232,
    "sd": 0.00286502271812904
  },
  "all_recall": {
    "name": "all_recall",
    "population": [
      0.9565217391304348,
      0.9347826086956522,
      0.9565217391304348,
      0.9565217391304348,
      0.9565217391304348,
      0.9565217391304348,
      0.9347826086956522,
      0.9565217391304348,
      0.9565217391304348,
      0.9565217391304348,
      0.9565217391304348,
      0.9565217391304348,
      0.9565217391304348,
      0.9565217391304348,
      0.9565217391304348,
      0.9565217391304348,
      0.9565217391304348,
      0.9565217391304348,
      0.9565217391304348,
      0.9565217391304348,
      0.9565217391304348,
      0.9565217391304348,
      0.9565217391304348,
      0.9565217391304348,
      0.9565217391304348,
      0.9565217391304348,
      0.9565217391304348,
      0.9565217391304348,
      0.9565217391304348,
      0.9565217391304348
    ],
    "size": 30,
    "total": 28.65217391304347,
    "min": 0.9347826086956522,
    "q1": 0.9565217391304348,
    "median": 0.9565217391304348,
    "q3": 0.9565217391304348,
    "max": 0.9565217391304348,
    "mean": 0.9550724637681156,
    "sd": 0.005422691864889765
  },
  "all_precision": {
    "name": "all_precision",
    "population": [
      1.0,
      1.0,
      1.0,
      1.0,
      1.0,
      1.0,
      1.0,
      1.0,
      1.0,
      1.0,
      1.0,
      1.0,
      1.0,
      1.0,
      1.0,
      1.0,
      1.0,
      1.0,
      1.0,
      1.0,
      1.0,
      1.0,
      1.0,
      1.0,
      1.0,
      1.0,
      1.0,
      1.0,
      1.0,
      1.0
    ],
    "size": 30,
    "total": 30.0,
    "min": 1.0,
    "q1": 1.0,
    "median": 1.0,
    "q3": 1.0,
    "max": 1.0,
    "mean": 1.0,
    "sd": 0.0
  },
  "all_specificity": {
    "name": "all_specificity",