{
  "prevalence": 0.02804878048780488,
  "all_n": {
    "name": "all_n",
    "population": [
      1640,
      1640,
      1640,
      1640,
      1640,
      1640,
      1640,
      1640,
      1640,
      1640,
      1640,
      1640,
      1640,
      1640,
      1640,
      1640,
      1640,
      1640,
      1640,
      1640,
      1640,
      1640,
      1640,
      1640,
      1640,
      1640,
      1640,
      1640,
      1640,
      1640
    ],
    "size": 30,
    "total": 49200,
    "min": 1640,
    "q1": 1640,
    "median": 1640.0,
    "q3": 1640,
    "max": 1640,
    "mean": 1640.0,
    "sd": 0.0
  },
  "all_tp": {
    "name": "all_tp",
    "population": [
      35,
      35,
      35,
      35,
      35,
      35,
      35,
      35,
      35,
      35,
      35,
      35,
      35,
      35,
      35,
      35,
      35,
      35,
      35,
      35,
      35,
      35,
      35,
      35,
      35,
      35,
      37,
      37,
      35,
      35
    ],
    "size": 30,
    "total": 1054,
    "min": 35,
    "q1": 35,
    "median": 35.0,
    "q3": 35,
    "max": 37,
    "mean": 35.13333333333333,
    "sd": 0.49888765156985887
  },
  "all_tn": {
    "name": "all_tn",
    "population": [
      1594,
      1594,
      1594,
      1594,
      1594,
      1594,
      1594,
      1594,
      1594,
      1594,
      1594,
      1594,
      1594,
      1594,
      1594,
      1594,
      1594,
      1594,
      1594,
      1594,
      1594,
      1594,
      1594,
      1594,
      1594,
      1594,
      1594,
      1594,
      1594,
      1594
    ],
    "size": 30,
    "total": 47820,
    "min": 1594,
    "q1": 1594,
    "median": 1594.0,
    "q3": 1594,
    "max": 1594,
    "mean": 1594.0,
    "sd": 0.0
  },
  "all_fp": {
    "name": "all_fp",
    "population": [
      0,
      0,
      0,
      0,
      0,
      0,
      0,
      0,
      0,
      0,
      0,
      0,
      0,
      0,
      0,
      0,
      0,
      0,
      0,
      0,
      0,
      0,
      0,
      0,
      0,
      0,
      0,
      0,
      0,
      0
    ],
    "size": 30,
    "total": 0,
    "min": 0,
    "q1": 0,
    "median": 0.0,
    "q3": 0,
    "max": 0,
    "mean": 0.0,
    "sd": 0.0
  },
  "all_fn": {
    "name": "all_fn",
    "population": [
      11,
      11,
      11,
      11,
      11,
      11,
      11,
      11,
      11,
      11,
      11,
      11,
      11,
      11,
      11,
      11,
      11,
      11,
      11,
      11,
      11,
      11,
      11,
      11,
      11,
      11,
      9,
      9,
      11,
      11
    ],
    "size": 30,
    "total": 326,
    "min": 9,
    "q1": 11,
    "median": 11.0,
    "q3": 11,
    "max": 11,
    "mean": 10.866666666666667,
    "sd": 0.49888765156985887
  },
  "all_accuracy": {
    "name": "all_accuracy",
    "population": [
      0.9932926829268293,
      0.9932926829268293,
      0.9932926829268293,
      0.9932926829268293,
      0.9932926829268293,
      0.9932926829268293,
      0.9932926829268293,
      0.9932926829268293,
      0.9932926829268293,
      0.9932926829268293,
      0.9932926829268293,
      0.9932926829268293,
      0.9932926829268293,
      0.9932926829268293,
      0.9932926829268293,
      0.9932926829268293,
      0.9932926829268293,
      0.9932926829268293,
      0.9932926829268293,
      0.9932926829268293,
      0.9932926829268293,
      0.9932926829268293,
      0.9932926829268293,
      0.9932926829268293,
      0.9932926829268293,
      0.9932926829268293,
      0.9945121951219512,
      0.9945121951219512,
      0.9932926829268293,
      0.9932926829268293
    ],
    "size": 30,
    "total": 29.801219512195118,
    "min": 0.9932926829268293,
    "q1": 0.9932926829268293,
    "median": 0.9932926829268293,
    "q3": 0.9932926829268293,
    "max": 0.9945121951219512,
    "mean": 0.9933739837398373,
    "sd": 0.0003041997875425971
  },
  "all_balanced_accuracy": {
    "name": "all_balanced_accuracy",
    "population": [
      0.9965732087227415,
      0.9965732087227415,
      0.9965732087227415,
      0.9965732087227415,
      0.9965732087227415,
      0.9965732087227415,
      0.9965732087227415,
      0.9965732087227415,
      0.9965732087227415,
      0.9965732087227415,
      0.9965732087227415,
      0.9965732087227415,
      0.9965732087227415,
      0.9965732087227415,
      0.9965732087227415,
      0.9965732087227415,
      0.9965732087227415,
      0.9965732087227415,
      0.9965732087227415,
      0.9965732087227415,
      0.9965732087227415,
      0.9965732087227415,
      0.9965732087227415,
      0.9965732087227415,
      0.9965732087227415,
      0.9965732087227415,
      0.9971927635683094,
      0.9971927635683094,
      0.9965732087227415,
      0.9965732087227415
    ],
    "size": 30,
    "total": 29.898435371373374,
    "min": 0.9965732087227415,
    "q1": 0.9965732087227415,
    "median": 0.9965732087227415,
    "q3": 0.9965732087227415,
    "max": 0.9971927635683094,
    "mean": 0.9966145123791125,
    "sd": 0.00015454413096206585
  },
  "all_f1": {
    "name": "all_f1",
    "population": [
      0.8641975308641976,
      0.8641975308641976,
      0.8641975308641976,
      0.8641975308641976,
      0.8641975308641976,
      0.8641975308641976,
      0.8641975308641976,
      0.8641975308641976,
      0.8641975308641976,
      0.8641975308641976,
      0.8641975308641976,
      0.8641975308641976,
      0.8641975308641976,
      0.8641975308641976,
      0.8641975308641976,
      0.8641975308641976,
      0.8641975308641976,
      0.8641975308641976,
      0.8641975308641976,
      0.8641975308641976,
      0.8641975308641976,
      0.8641975308641976,
      0.8641975308641976,
      0.8641975308641976,
      0.8641975308641976,
      0.8641975308641976,
      0.891566265060241,
      0.891566265060241,
      0.8641975308641976,
      0.8641975308641976
    ],
    "size": 30,
    "total": 25.980663394318004,
    "min": 0.8641975308641976,
    "q1": 0.8641975308641976,
    "median": 0.8641975308641976,
    "q3": 0.8641975308641976,
    "max": 0.891566265060241,
    "mean": 0.8660221131439335,
    "sd": 0.0068269617647518785
  },
  "all_recall": {
    "name": "all_recall",
    "population": [
      0.7608695652173914,
      0.7608695652173914,
      0.7608695652173914,
      0.7608695652173914,
      0.7608695652173914,
      0.7608695652173914,
      0.7608695652173914,
      0.7608695652173914,
      0.7608695652173914,
      0.7608695652173914,
      0.7608695652173914,
      0.7608695652173914,
      0.7608695652173914,
      0.7608695652173914,
      0.7608695652173914,
      0.7608695652173914,
      0.7608695652173914,
      0.7608695652173914,
      0.7608695652173914,
      0.7608695652173914,
      0.7608695652173914,
      0.7608695652173914,
      0.7608695652173914,
      0.7608695652173914,
      0.7608695652173914,
      0.7608695652173914,
      0.8043478260869565,
      0.8043478260869565,
      0.7608695652173914,
      0.7608695652173914
    ],
    "size": 30,
    "total": 22.913043478260864,
    "min": 0.7608695652173914,
    "q1": 0.7608695652173914,
    "median": 0.7608695652173914,
    "q3": 0.7608695652173914,
    "max": 0.8043478260869565,
    "mean": 0.7637681159420288,
    "sd": 0.010845383729779532
  },
  "all_precision": {
    "name": "all_precision",
    "population": [
      1.0,
      1.0,
      1.0,
      1.0,
      1.0,
      1.0,
      1.0,
      1.0,
      1.0,
      1.0,
      1.0,
      1.0,
      1.0,
      1.0,
      1.0,
      1.0,
      1.0,
      1.0,
      1.0,
      1.0,
      1.0,
      1.0,
      1.0,
      1.0,
      1.0,
      1.0,
      1.0,
      1.0,
      1.0,
      1.0
    ],
    "size": 30,
    "total": 30.0,
    "min": 1.0,
    "q1": 1.0,
    "median": 1.0,
    "q3": 1.0,
    "max": 1.0,
    "mean": 1.0,
    "sd": 0.0
  },
  "all_specificity": {
    "name": "all_specificity",