{
  "prevalence": 0.02804878048780488,
  "all_n": {
    "name": "all_n",
    "population": [
      1640,
      1640,
      1640,
      1640,
      1640,
      1640,
      1640,
      1640,
      1640,
      1640,
      1640,
      1640,
      1640,
      1640,
      1640,
      1640,
      1640,
      1640,
      1640,
      1640,
      1640,
      1640,
      1640,
      1640,
      1640,
      1640,
      1640,
      1640,
      1640,
      1640
    ],
    "size": 30,
    "total": 49200,
    "min": 1640,
    "q1": 1640,
    "median": 1640.0,
    "q3": 1640,
    "max": 1640,
    "mean": 1640.0,
    "sd": 0.0
  },
  "all_tp": {
    "name": "all_tp",
    "population": [
      35,
      32,
      34,
      35,
      33,
      33,
      33,
      34,
      35,
      34,
      33,
      34,
      33,
      33,
      33,
      34,
      35,
      34,
      34,
      34,
      34,
      32,
      34,
      34,
      35,
      34,
      35,
      34,
      34,
      33
    ],
    "size": 30,
    "total": 1014,
    "min": 32,
    "q1": 33,
    "median": 34.0,
    "q3": 34,
    "max": 35,
    "mean": 33.8,
    "sd": 0.8326663997864533
  },
  "all_tn": {
    "name": "all_tn",
    "population": [
      1594,
      1594,
      1594,
      1594,
      1594,
      1594,
      1594,
      1594,
      1594,
      1594,
      1594,
      1594,
      1594,
      1594,
      1594,
      1594,
      1594,
      1594,
      1594,
      1594,
      1594,
      1594,
      1594,
      1594,
      1594,
      1594,
      1594,
      1594,
      1594,
      1594
    ],
    "size": 30,
    "total": 47820,
    "min": 1594,
    "q1": 1594,
    "median": 1594.0,
    "q3": 1594,
    "max": 1594,
    "mean": 1594.0,
    "sd": 0.0
  },
  "all_fp": {
    "name": "all_fp",
    "population": [
      0,
      0,
      0,
      0,
      0,
      0,
      0,
      0,
      0,
      0,
      0,
      0,
      0,
      0,
      0,
      0,
      0,
      0,
      0,
      0,
      0,
      0,
      0,
      0,
      0,
      0,
      0,
      0,
      0,
      0
    ],
    "size": 30,
    "total": 0,
    "min": 0,
    "q1": 0,
    "median": 0.0,
    "q3": 0,
    "max": 0,
    "mean": 0.0,
    "sd": 0.0
  },
  "all_fn": {
    "name": "all_fn",
    "population": [
      11,
      14,
      12,
      11,
      13,
      13,
      13,
      12,
      11,
      12,
      13,
      12,
      13,
      13,
      13,
      12,
      11,
      12,
      12,
      12,
      12,
      14,
      12,
      12,
      11,
      12,
      11,
      12,
      12,
      13
    ],
    "size": 30,
    "total": 366,
    "min": 11,
    "q1": 12,
    "median": 12.0,
    "q3": 13,
    "max": 14,
    "mean": 12.2,
    "sd": 0.832666399786453
  },
  "all_accuracy": {
    "name": "all_accuracy",
    "population": [
      0.9932926829268293,
      0.9914634146341463,
      0.9926829268292683,
      0.9932926829268293,
      0.9920731707317073,
      0.9920731707317073,
      0.9920731707317073,
      0.9926829268292683,
      0.9932926829268293,
      0.9926829268292683,
      0.9920731707317073,
      0.9926829268292683,
      0.9920731707317073,
      0.9920731707317073,
      0.9920731707317073,
      0.9926829268292683,
      0.9932926829268293,
      0.9926829268292683,
      0.9926829268292683,
      0.9926829268292683,
      0.9926829268292683,
      0.9914634146341463,
      0.9926829268292683,
      0.9926829268292683,
      0.9932926829268293,
      0.9926829268292683,
      0.9932926829268293,
      0.9926829268292683,
      0.9926829268292683,
      0.9920731707317073
    ],
    "size": 30,
    "total": 29.776829268292676,
    "min": 0.9914634146341463,
    "q1": 0.9920731707317073,
    "median": 0.9926829268292683,
    "q3": 0.9926829268292683,
    "max": 0.9932926829268293,
    "mean": 0.9925609756097559,
    "sd": 0.0005077234145039353
  },
  "all_balanced_accuracy": {
    "name": "all_balanced_accuracy",
    "population": [
      0.9965732087227415,
      0.9956467661691542,
      0.9962640099626401,
      0.9965732087227415,
      0.9959551960174238,
      0.9959551960174238,
      0.9959551960174238,
      0.9962640099626401,
      0.9965732087227415,
      0.9962640099626401,
      0.9959551960174238,
      0.9962640099626401,
      0.9959551960174238,
      0.9959551960174238,
      0.9959551960174238,
      0.9962640099626401,
      0.9965732087227415,
      0.9962640099626401,
      0.9962640099626401,
      0.9962640099626401,
      0.9962640099626401,
      0.9956467661691542,
      0.9962640099626401,
      0.9962640099626401,
      0.9965732087227415,
      0.9962640099626401,
      0.9965732087227415,
      0.9962640099626401,
      0.9962640099626401,
      0.9959551960174238
    ],
    "size": 30,
    "total": 29.88607049229111,
    "min": 0.9956467661691542,
    "q1": 0.9959551960174238,
    "median": 0.9962640099626401,
    "q3": 0.9962640099626401,
    "max": 0.9965732087227415,
    "mean": 0.996202349743037,
    "sd": 0.0002571946074031946
  },
  "all_f1": {
    "name": "all_f1",
    "population": [
      0.8641975308641976,
      0.8205128205128205,
      0.85,
      0.8641975308641976,
      0.8354430379746834,
      0.8354430379746834,
      0.8354430379746834,
      0.85,
      0.8641975308641976,
      0.85,
      0.8354430379746834,
      0.85,
      0.8354430379746834,
      0.8354430379746834,
      0.8354430379746834,
      0.85,
      0.8641975308641976,
      0.85,
      0.85,
      0.85,
      0.85,
      0.8205128205128205,
      0.85,
      0.85,
      0.8641975308641976,
      0.85,
      0.8641975308641976,
      0.85,
      0.85,
      0.8354430379746834
    ],
    "size": 30,
    "total": 25.4097551300083,
    "min": 0.8205128205128205,
    "q1": 0.8354430379746834,
    "median": 0.85,
    "q3": 0.85,
    "max": 0.8641975308641976,
    "mean": 0.8469918376669433,
    "sd": 0.012072250180543177
  },
  "all_recall": {
    "name": "all_recall",
    "population": [
      0.7608695652173914,
      0.6956521739130435,
      0.7391304347826086,
      0.7608695652173914,
      0.717391304347826,
      0.717391304347826,
      0.717391304347826,
      0.7391304347826086,
      0.7608695652173914,
      0.7391304347826086,
      0.717391304347826,
      0.7391304347826086,
      0.717391304347826,
      0.717391304347826,
      0.717391304347826,
      0.7391304347826086,
      0.7608695652173914,
      0.7391304347826086,
      0.7391304347826086,
      0.7391304347826086,
      0.7391304347826086,
      0.6956521739130435,
      0.7391304347826086,
      0.7391304347826086,
      0.7608695652173914,
      0.7391304347826086,
      0.7608695652173914,
      0.7391304347826086,
      0.7391304347826086,
      0.717391304347826
    ],
    "size": 30,
    "total": 22.04347826086957,
    "min": 0.6956521739130435,
    "q1": 0.717391304347826,
    "median": 0.7391304347826086,
    "q3": 0.7391304347826086,
    "max": 0.7608695652173914,
    "mean": 0.7347826086956524,
    "sd": 0.018101443473618563
  },
  "all_precision": {
    "name": "all_precision",
    "population": [
      1.0,
      1.0,
      1.0,
      1.0,
      1.0,
      1.0,
      1.0,
      1.0,
      1.0,
      1.0,
      1.0,
      1.0,
      1.0,
      1.0,
      1.0,
      1.0,
      1.0,
      1.0,
      1.0,
      1.0,
      1.0,
      1.0,
      1.0,
      1.0,
      1.0,
      1.0,
      1.0,
      1.0,
      1.0,
      1.0
    ],
    "size": 30,
    "total": 30.0,
    "min": 1.0,
    "q1": 1.0,
    "median": 1.0,
    "q3": 1.0,
    "max": 1.0,
    "mean": 1.0,
    "sd": 0.0
  },
  "all_specificity": {
    "name": "all_specificity",