{
  "prevalence": 0.02804878048780488,
  "n": 1640,
  "tp": 38,
  "tn": 1594,
  "fp": 0,
  "fn": 8,
  "accuracy": 0.9951219512195122,
  "balanced_accuracy": 0.9975031210986267,
  "f1": 0.9047619047619047,
  "recall": 0.8260869565217391,
  "precision": 1.0,
  "specificity": 0.9950062421972534,
  "err": 0
}