{
  "prevalence": 0.16666666666666666,
  "all_n": {
    "name": "all_n",
    "population": [
      120,
      120,
      120,
      120,
      120,
      120,
      120,
      120,
      120,
      120,
      120,
      120,
      120,
      120,
      120,
      120,
      120,
      120,
      120,
      120,
      120,
      120,
      120,
      120,
      120,
      120,
      120,
      120,
      120,
      120
    ],
    "size": 30,
    "total": 3600,
    "min": 120,
    "q1": 120,
    "median": 120.0,
    "q3": 120,
    "max": 120,
    "mean": 120.0,
    "sd": 0.0
  },
  "all_tp": {
    "name": "all_tp",
    "population": [
      13,
      12,
      13,
      13,
      13,
      14,
      14,
      14,
      14,
      13,
      13,
      13,
      14,
      14,
      13,
      13,
      13,
      13,
      14,
      13,
      13,
      13,
      12,
      14,
      13,
      14,
      12,
      13,
      13,
      14
    ],
    "size": 30,
    "total": 397,
    "min": 12,
    "q1": 13,
    "median": 13.0,
    "q3": 14,
    "max": 14,
    "mean": 13.233333333333333,
    "sd": 0.6155395104206463
  },
  "all_tn": {
    "name": "all_tn",
    "population": [
      98,
      97,
      98,
      97,
      98,
      98,
      98,
      98,
      98,
      98,
      98,
      98,
      98,
      99,
      98,
      98,
      99,
      98,
      98,
      98,
      98,
      98,
      97,
      98,
      99,
      99,
      97,
      99,
      98,
      99
    ],
    "size": 30,
    "total": 2942,
    "min": 97,
    "q1": 98,
    "median": 98.0,
    "q3": 98,
    "max": 99,
    "mean": 98.06666666666666,
    "sd": 0.5734883511361751
  },
  "all_fp": {
    "name": "all_fp",
    "population": [
      2,
      3,
      2,
      3,
      2,
      2,
      2,
      2,
      2,
      2,
      2,
      2,
      2,
      1,
      2,
      2,
      1,
      2,
      2,
      2,
      2,
      2,
      3,
      2,
      1,
      1,
      3,
      1,
      2,
      1
    ],
    "size": 30,
    "total": 58,
    "min": 1,
    "q1": 2,
    "median": 2.0,
    "q3": 2,
    "max": 3,
    "mean": 1.9333333333333333,
    "sd": 0.573488351136175
  },
  "all_fn": {
    "name": "all_fn",
    "population": [
      7,
      8,
      7,
      7,
      7,
      6,
      6,
      6,
      6,
      7,
      7,
      7,
      6,
      6,
      7,
      7,
      7,
      7,
      6,
      7,
      7,
      7,
      8,
      6,
      7,
      6,
      8,
      7,
      7,
      6
    ],
    "size": 30,
    "total": 203,
    "min": 6,
    "q1": 6,
    "median": 7.0,
    "q3": 7,
    "max": 8,
    "mean": 6.766666666666667,
    "sd": 0.615539510420646
  },
  "all_accuracy": {
    "name": "all_accuracy",
    "population": [
      0.925,
      0.9083333333333333,
      0.925,
      0.9166666666666666,
      0.925,
      0.9333333333333333,
      0.9333333333333333,
      0.9333333333333333,
      0.9333333333333333,
      0.925,
      0.925,
      0.925,
      0.9333333333333333,
      0.9416666666666667,
      0.925,
      0.925,
      0.9333333333333333,
      0.925,
      0.9333333333333333,
      0.925,
      0.925,
      0.925,
      0.9083333333333333,
      0.9333333333333333,
      0.9333333333333333,
      0.9416666666666667,
      0.9083333333333333,
      0.9333333333333333,
      0.925,
      0.9416666666666667
    ],
    "size": 30,
    "total": 27.82500000000001,
    "min": 0.9083333333333333,
    "q1": 0.925,
    "median": 0.925,
    "q3": 0.9333333333333333,
    "max": 0.9416666666666667,
    "mean": 0.9275000000000003,
    "sd": 0.008646879120151878
  },
  "all_balanced_accuracy": {
    "name": "all_balanced_accuracy",
    "population": [
      0.9,
      0.861904761904762,
      0.9,
      0.8725961538461539,
      0.9,
      0.9086538461538461,
      0.9086538461538461,
      0.9086538461538461,
      0.9086538461538461,
      0.9,
      0.9,
      0.9,
      0.9086538461538461,
      0.9380952380952381,
      0.9,
      0.9,
      0.931266846361186,
      0.9,
      0.9086538461538461,
      0.9,
      0.9,
      0.9,
      0.861904761904762,
      0.9086538461538461,
      0.931266846361186,
      0.9380952380952381,
      0.861904761904762,
      0.931266846361186,
      0.9,
      0.9380952380952381
    ],
    "size": 30,
    "total": 27.126973616006627,
    "min": 0.861904761904762,
    "q1": 0.9,
    "median": 0.9,
    "q3": 0.9086538461538461,
    "max": 0.9380952380952381,
    "mean": 0.9042324538668876,
    "sd": 0.02031265141241127
  },
  "all_f1": {
    "name": "all_f1",
    "population": [
      0.7428571428571429,
      0.6857142857142857,
      0.7428571428571429,
      0.7222222222222223,
      0.7428571428571429,
      0.7777777777777777,
      0.7777777777777777,
      0.7777777777777777,
      0.7777777777777777,
      0.7428571428571429,
      0.7428571428571429,
      0.7428571428571429,
      0.7777777777777777,
      0.8,
      0.7428571428571429,
      0.7428571428571429,
      0.7647058823529412,
      0.7428571428571429,
      0.7777777777777777,
      0.7428571428571429,
      0.7428571428571429,
      0.7428571428571429,
      0.6857142857142857,
      0.7777777777777777,
      0.7647058823529412,
      0.8,
      0.6857142857142857,
      0.7647058823529412,
      0.7428571428571429,
      0.8
    ],
    "size": 30,
    "total": 22.575070028011222,
    "min": 0.6857142857142857,
    "q1": 0.7428571428571429,
    "median": 0.7428571428571429,
    "q3": 0.7777777777777777,
    "max": 0.8,
    "mean": 0.7525023342670407,
    "sd": 0.03010813988485742
  },
  "all_recall": {
    "name": "all_recall",
    "population": [
      0.65,
      0.6,
      0.65,
      0.65,
      0.65,
      0.7,
      0.7,
      0.7,
      0.7,
      0.65,
      0.65,
      0.65,
      0.7,
      0.7,
      0.65,
      0.65,
      0.65,
      0.65,
      0.7,
      0.65,
      0.65,
      0.65,
      0.6,
      0.7,
      0.65,
      0.7,
      0.6,
      0.65,
      0.65,
      0.7
    ],
    "size": 30,
    "total": 19.849999999999998,
    "min": 0.6,
    "q1": 0.65,
    "median": 0.65,
    "q3": 0.7,
    "max": 0.7,
    "mean": 0.6616666666666666,
    "sd": 0.0307769755210323
  },
  "all_precision": {
    "name": "all_precision",
    "population": [
      0.8666666666666667,
      0.8,
      0.8666666666666667,
      0.8125,
      0.8666666666666667,
      0.875,
      0.875,
      0.875,
      0.875,
      0.8666666666666667,
      0.8666666666666667,
      0.8666666666666667,
      0.875,
      0.9333333333333333,
      0.8666666666666667,
      0.8666666666666667,
      0.9285714285714286,
      0.8666666666666667,
      0.875,
      0.8666666666666667,
      0.8666666666666667,
      0.8666666666666667,
      0.8,
      0.875,
      0.9285714285714286,
      0.9333333333333333,
      0.8,
      0.9285714285714286,
      0.8666666666666667,
      0.9333333333333333
    ],
    "size": 30,
    "total": 26.189880952380957,
    "min": 0.8,
    "q1": 0.8666666666666667,
    "median": 0.8666666666666667,
    "q3": 0.875,
    "max": 0.9333333333333333,
    "mean": 0.8729960317460319,
    "sd": 0.036688589654811726
  },
  "all_specificity": {
    "name": "all_specificity",
    "population": [
      0.9333333333333333,
      0.9238095238095239,
      0.9333333333333333,
      0.9326923076923077,
      0.9333333333333333,
      0.9423076923076923,
      0.9423076923076923,
      0.9423076923076923,
      0.9423076923076923,
      0.9333333333333333,
      0.9333333333333333,
      0.9333333333333333,
      0.9423076923076923,
      0.9428571428571428,
      0.9333333333333333,
      0.9333333333333333,
      0.9339622641509434,
      0.9333333333333333,
      0.9423076923076923,
      0.9333333333333333,
      0.9333333333333333,
      0.9333333333333333,
      0.9238095238095239,
      0.9423076923076923,
      0.9339622641509434,
      0.9428571428571428,
      0.9238095238095239,
      0.9339622641509434,
      0.9333333333333333,
      0.9428571428571428
    ],