{
  "prevalence": 0.16666666666666666,
  "all_n": {
    "name": "all_n",
    "population": [
      120,
      120,
      120,
      120,
      120,
      120,
      120,
      120,
      120,
      120,
      120,
      120,
      120,
      120,
      120,
      120,
      120,
      120,
      120,
      120,
      120,
      120,
      120,
      120,
      120,
      120,
      120,
      120,
      120,
      120
    ],
    "size": 30,
    "total": 3600,
    "min": 120,
    "q1": 120,
    "median": 120.0,
    "q3": 120,
    "max": 120,
    "mean": 120.0,
    "sd": 0.0
  },
  "all_tp": {
    "name": "all_tp",
    "population": [
      17,
      17,
      17,
      17,
      17,
      17,
      17,
      17,
      17,
      17,
      17,
      17,
      17,
      17,
      17,
      17,
      17,
      17,
      17,
      17,
      17,
      17,
      17,
      17,
      17,
      17,
      17,
      17,
      17,
      17
    ],
    "size": 30,
    "total": 510,
    "min": 17,
    "q1": 17,
    "median": 17.0,
    "q3": 17,
    "max": 17,
    "mean": 17.0,
    "sd": 0.0
  },
  "all_tn": {
    "name": "all_tn",
    "population": [
      85,
      85,
      85,
      85,
      85,
      85,
      85,
      85,
      85,
      85,
      85,
      85,
      85,
      85,
      85,
      84,
      85,
      85,
      85,
      85,
      85,
      84,
      85,
      85,
      85,
      85,
      85,
      85,
      85,
      85
    ],
    "size": 30,
    "total": 2548,
    "min": 84,
    "q1": 85,
    "median": 85.0,
    "q3": 85,
    "max": 85,
    "mean": 84.93333333333334,
    "sd": 0.24944382578492946
  },
  "all_fp": {
    "name": "all_fp",
    "population": [
      15,
      15,
      15,
      15,
      15,
      15,
      15,
      15,
      15,
      15,
      15,
      15,
      15,
      15,
      15,
      16,
      15,
      15,
      15,
      15,
      15,
      16,
      15,
      15,
      15,
      15,
      15,
      15,
      15,
      15
    ],
    "size": 30,
    "total": 452,
    "min": 15,
    "q1": 15,
    "median": 15.0,
    "q3": 15,
    "max": 16,
    "mean": 15.066666666666666,
    "sd": 0.24944382578492943
  },
  "all_fn": {
    "name": "all_fn",
    "population": [
      3,
      3,
      3,
      3,
      3,
      3,
      3,
      3,
      3,
      3,
      3,
      3,
      3,
      3,
      3,
      3,
      3,
      3,
      3,
      3,
      3,
      3,
      3,
      3,
      3,
      3,
      3,
      3,
      3,
      3
    ],
    "size": 30,
    "total": 90,
    "min": 3,
    "q1": 3,
    "median": 3.0,
    "q3": 3,
    "max": 3,
    "mean": 3.0,
    "sd": 0.0
  },
  "all_accuracy": {
    "name": "all_accuracy",
    "population": [
      0.85,
      0.85,
      0.85,
      0.85,
      0.85,
      0.85,
      0.85,
      0.85,
      0.85,
      0.85,
      0.85,
      0.85,
      0.85,
      0.85,
      0.85,
      0.8416666666666667,
      0.85,
      0.85,
      0.85,
      0.85,
      0.85,
      0.8416666666666667,
      0.85,
      0.85,
      0.85,
      0.85,
      0.85,
      0.85,
      0.85,
      0.85
    ],
    "size": 30,
    "total": 25.48333333333334,
    "min": 0.8416666666666667,
    "q1": 0.85,
    "median": 0.85,
    "q3": 0.85,
    "max": 0.85,
    "mean": 0.8494444444444447,
    "sd": 0.002078698548207738
  },
  "all_balanced_accuracy": {
    "name": "all_balanced_accuracy",
    "population": [
      0.7485795454545454,
      0.7485795454545454,
      0.7485795454545454,
      0.7485795454545454,
      0.7485795454545454,
      0.7485795454545454,
      0.7485795454545454,
      0.7485795454545454,
      0.7485795454545454,
      0.7485795454545454,
      0.7485795454545454,
      0.7485795454545454,
      0.7485795454545454,
      0.7485795454545454,
      0.7485795454545454,
      0.7403343782654128,
      0.7485795454545454,
      0.7485795454545454,
      0.7485795454545454,
      0.7485795454545454,
      0.7485795454545454,
      0.7403343782654128,
      0.7485795454545454,
      0.7485795454545454,
      0.7485795454545454,
      0.7485795454545454,
      0.7485795454545454,
      0.7485795454545454,
      0.7485795454545454,
      0.7485795454545454
    ],
    "size": 30,
    "total": 22.440896029258102,
    "min": 0.7403343782654128,
    "q1": 0.7485795454545454,
    "median": 0.7485795454545454,
    "q3": 0.7485795454545454,
    "max": 0.7485795454545454,
    "mean": 0.7480298676419367,
    "sd": 0.002056706047893607
  },
  "all_f1": {
    "name": "all_f1",
    "population": [
      0.6538461538461537,
      0.6538461538461537,
      0.6538461538461537,
      0.6538461538461537,
      0.6538461538461537,
      0.6538461538461537,
      0.6538461538461537,
      0.6538461538461537,
      0.6538461538461537,
      0.6538461538461537,
      0.6538461538461537,
      0.6538461538461537,
      0.6538461538461537,
      0.6538461538461537,
      0.6538461538461537,
      0.6415094339622641,
      0.6538461538461537,
      0.6538461538461537,
      0.6538461538461537,
      0.6538461538461537,
      0.6538461538461537,
      0.6415094339622641,
      0.6538461538461537,
      0.6538461538461537,
      0.6538461538461537,
      0.6538461538461537,
      0.6538461538461537,
      0.6538461538461537,
      0.6538461538461537,
      0.6538461538461537
    ],
    "size": 30,
    "total": 19.590711175616825,
    "min": 0.6415094339622641,
    "q1": 0.6538461538461537,
    "median": 0.6538461538461537,
    "q3": 0.6538461538461537,
    "max": 0.6538461538461537,
    "mean": 0.6530237058538941,
    "sd": 0.0030773186054744374
  },
  "all_recall": {
    "name": "all_recall",
    "population": [
      0.85,
      0.85,
      0.85,
      0.85,
      0.85,
      0.85,
      0.85,
      0.85,
      0.85,
      0.85,
      0.85,
      0.85,
      0.85,
      0.85,
      0.85,
      0.85,
      0.85,
      0.85,
      0.85,
      0.85,
      0.85,
      0.85,
      0.85,
      0.85,
      0.85,
      0.85,
      0.85,
      0.85,
      0.85,
      0.85
    ],
    "size": 30,
    "total": 25.50000000000001,
    "min": 0.85,
    "q1": 0.85,
    "median": 0.85,
    "q3": 0.85,
    "max": 0.85,
    "mean": 0.8500000000000003,
    "sd": 3.3306690738754696e-16
  },
  "all_precision": {
    "name": "all_precision",
    "population": [
      0.53125,
      0.53125,
      0.53125,
      0.53125,
      0.53125,
      0.53125,
      0.53125,
      0.53125,
      0.53125,
      0.53125,
      0.53125,
      0.53125,
      0.53125,
      0.53125,
      0.53125,
      0.5151515151515151,
      0.53125,
      0.53125,
      0.53125,
      0.53125,
      0.53125,
      0.5151515151515151,
      0.53125,
      0.53125,
      0.53125,
      0.53125,
      0.53125,
      0.53125,
      0.53125,
      0.53125
    ],
    "size": 30,
    "total": 15.905303030303031,
    "min": 0.5151515151515151,
    "q1": 0.53125,
    "median": 0.53125,
    "q3": 0.53125,
    "max": 0.53125,
    "mean": 0.5301767676767677,
    "sd": 0.004015667649946784
  },
  "all_specificity": {
    "name": "all_specificity",
    "population": [
      0.9659090909090909,
      0.9659090909090909,
      0.9659090909090909,
      0.9659090909090909,
      0.9659090909090909,
      0.9659090909090909,
      0.9659090909090909,
      0.9659090909090909,
      0.9659090909090909,
      0.9659090909090909,
      0.9659090909090909,
      0.9659090909090909,
      0.9659090909090909,
      0.9659090909090909,
      0.9659090909090909,
      0.9655172413793104,
      0.9659090909090909,
      0.9659090909090909,
      0.9659090909090909,
      0.9659090909090909,
      0.9659090909090909,
      0.9655172413793104,
      0.9659090909090909,
      0.9659090909090909,
      0.9659090909090909,
      0.9659090909090909,
      0.9659090909090909,
      0.9659090909090909,
      0.9659090909090909,
      0.9659090909090909
    ],
    "size": 30,
    "total": 28.97648902821316,
    "min": 0.9655172413793104,
    "q1": 0.9659090909090909,