{
  "prevalence": 0.16666666666666666,
  "all_n": {
    "name": "all_n",
    "population": [
      120,
      120,
      120,
      120,
      120,
      120,
      120,
      120,
      120,
      120,
      120,
      120,
      120,
      120,
      120,
      120,
      120,
      120,
      120,
      120,
      120,
      120,
      120,
      120,
      120,
      120,
      120,
      120,
      120,
      120
    ],
    "size": 30,
    "total": 3600,
    "min": 120,
    "q1": 120,
    "median": 120.0,
    "q3": 120,
    "max": 120,
    "mean": 120.0,
    "sd": 0.0
  },
  "all_tp": {
    "name": "all_tp",
    "population": [
      14,
      14,
      14,
      14,
      14,
      14,
      14,
      14,
      14,
      14,
      14,
      14,
      14,
      14,
      14,
      14,
      14,
      14,
      14,
      14,
      14,
      14,
      14,
      14,
      14,
      14,
      14,
      14,
      14,
      14
    ],
    "size": 30,
    "total": 420,
    "min": 14,
    "q1": 14,
    "median": 14.0,
    "q3": 14,
    "max": 14,
    "mean": 14.0,
    "sd": 0.0
  },
  "all_tn": {
    "name": "all_tn",
    "population": [
      93,
      93,
      93,
      93,
      93,
      93,
      93,
      92,
      93,
      93,
      93,
      93,
      93,
      92,
      93,
      93,
      93,
      93,
      93,
      93,
      93,
      93,
      93,
      92,
      93,
      92,
      93,
      92,
      93,
      93
    ],
    "size": 30,
    "total": 2785,
    "min": 92,
    "q1": 93,
    "median": 93.0,
    "q3": 93,
    "max": 93,
    "mean": 92.83333333333333,
    "sd": 0.372677996249965
  },
  "all_fp": {
    "name": "all_fp",
    "population": [
      7,
      7,
      7,
      7,
      7,
      7,
      7,
      8,
      7,
      7,
      7,
      7,
      7,
      8,
      7,
      7,
      7,
      7,
      7,
      7,
      7,
      7,
      7,
      8,
      7,
      8,
      7,
      8,
      7,
      7
    ],
    "size": 30,
    "total": 215,
    "min": 7,
    "q1": 7,
    "median": 7.0,
    "q3": 7,
    "max": 8,
    "mean": 7.166666666666667,
    "sd": 0.3726779962499649
  },
  "all_fn": {
    "name": "all_fn",
    "population": [
      6,
      6,
      6,
      6,
      6,
      6,
      6,
      6,
      6,
      6,
      6,
      6,
      6,
      6,
      6,
      6,
      6,
      6,
      6,
      6,
      6,
      6,
      6,
      6,
      6,
      6,
      6,
      6,
      6,
      6
    ],
    "size": 30,
    "total": 180,
    "min": 6,
    "q1": 6,
    "median": 6.0,
    "q3": 6,
    "max": 6,
    "mean": 6.0,
    "sd": 0.0
  },
  "all_accuracy": {
    "name": "all_accuracy",
    "population": [
      0.8916666666666667,
      0.8916666666666667,
      0.8916666666666667,
      0.8916666666666667,
      0.8916666666666667,
      0.8916666666666667,
      0.8916666666666667,
      0.8833333333333333,
      0.8916666666666667,
      0.8916666666666667,
      0.8916666666666667,
      0.8916666666666667,
      0.8916666666666667,
      0.8833333333333333,
      0.8916666666666667,
      0.8916666666666667,
      0.8916666666666667,
      0.8916666666666667,
      0.8916666666666667,
      0.8916666666666667,
      0.8916666666666667,
      0.8916666666666667,
      0.8916666666666667,
      0.8833333333333333,
      0.8916666666666667,
      0.8833333333333333,
      0.8916666666666667,
      0.8833333333333333,
      0.8916666666666667,
      0.8916666666666667
    ],
    "size": 30,
    "total": 26.70833333333333,
    "min": 0.8833333333333333,
    "q1": 0.8916666666666667,
    "median": 0.8916666666666667,
    "q3": 0.8916666666666667,
    "max": 0.8916666666666667,
    "mean": 0.8902777777777776,
    "sd": 0.0031056499687497382
  },
  "all_balanced_accuracy": {
    "name": "all_balanced_accuracy",
    "population": [
      0.803030303030303,
      0.803030303030303,
      0.803030303030303,
      0.803030303030303,
      0.803030303030303,
      0.803030303030303,
      0.803030303030303,
      0.787569573283859,
      0.803030303030303,
      0.803030303030303,
      0.803030303030303,
      0.803030303030303,
      0.803030303030303,
      0.787569573283859,
      0.803030303030303,
      0.803030303030303,
      0.803030303030303,
      0.803030303030303,
      0.803030303030303,
      0.803030303030303,
      0.803030303030303,
      0.803030303030303,
      0.803030303030303,
      0.787569573283859,
      0.803030303030303,
      0.787569573283859,
      0.803030303030303,
      0.787569573283859,
      0.803030303030303,
      0.803030303030303
    ],
    "size": 30,
    "total": 24.013605442176882,
    "min": 0.787569573283859,
    "q1": 0.803030303030303,
    "median": 0.803030303030303,
    "q3": 0.803030303030303,
    "max": 0.803030303030303,
    "mean": 0.8004535147392294,
    "sd": 0.005761873782466966
  },
  "all_f1": {
    "name": "all_f1",
    "population": [
      0.6829268292682926,
      0.6829268292682926,
      0.6829268292682926,
      0.6829268292682926,
      0.6829268292682926,
      0.6829268292682926,
      0.6829268292682926,
      0.6666666666666666,
      0.6829268292682926,
      0.6829268292682926,
      0.6829268292682926,
      0.6829268292682926,
      0.6829268292682926,
      0.6666666666666666,
      0.6829268292682926,
      0.6829268292682926,
      0.6829268292682926,
      0.6829268292682926,
      0.6829268292682926,
      0.6829268292682926,
      0.6829268292682926,
      0.6829268292682926,
      0.6829268292682926,
      0.6666666666666666,
      0.6829268292682926,
      0.6666666666666666,
      0.6829268292682926,
      0.6666666666666666,
      0.6829268292682926,
      0.6829268292682926
    ],
    "size": 30,
    "total": 20.40650406504066,
    "min": 0.6666666666666666,
    "q1": 0.6829268292682926,
    "median": 0.6829268292682926,
    "q3": 0.6829268292682926,
    "max": 0.6829268292682926,
    "mean": 0.680216802168022,
    "sd": 0.006059804817072592
  },
  "all_recall": {
    "name": "all_recall",
    "population": [
      0.7,
      0.7,
      0.7,
      0.7,
      0.7,
      0.7,
      0.7,
      0.7,
      0.7,
      0.7,
      0.7,
      0.7,
      0.7,
      0.7,
      0.7,
      0.7,
      0.7,
      0.7,
      0.7,
      0.7,
      0.7,
      0.7,
      0.7,
      0.7,
      0.7,
      0.7,
      0.7,
      0.7,
      0.7,
      0.7
    ],
    "size": 30,
    "total": 20.99999999999999,
    "min": 0.7,
    "q1": 0.7,
    "median": 0.7,
    "q3": 0.7,
    "max": 0.7,
    "mean": 0.6999999999999996,
    "sd": 3.3306690738754696e-16
  },
  "all_precision": {
    "name": "all_precision",
    "population": [
      0.6666666666666666,
      0.6666666666666666,
      0.6666666666666666,
      0.6666666666666666,
      0.6666666666666666,
      0.6666666666666666,
      0.6666666666666666,
      0.6363636363636364,
      0.6666666666666666,
      0.6666666666666666,
      0.6666666666666666,
      0.6666666666666666,
      0.6666666666666666,
      0.6363636363636364,
      0.6666666666666666,
      0.6666666666666666,
      0.6666666666666666,
      0.6666666666666666,
      0.6666666666666666,
      0.6666666666666666,
      0.6666666666666666,
      0.6666666666666666,
      0.6666666666666666,
      0.6363636363636364,
      0.6666666666666666,
      0.6363636363636364,
      0.6666666666666666,
      0.6363636363636364,
      0.6666666666666666,
      0.6666666666666666
    ],
    "size": 30,
    "total": 19.848484848484848,
    "min": 0.6363636363636364,
    "q1": 0.6666666666666666,
    "median": 0.6666666666666666,
    "q3": 0.6666666666666666,
    "max": 0.6666666666666666,
    "mean": 0.6616161616161615,
    "sd": 0.011293272613635294
  },
  "all_specificity": {
    "name": "all_specificity",