{
  "prevalence": 0.02804878048780488,
  "all_n": {
    "name": "all_n",
    "population": [
      1640,
      1640,
      1640,
      1640,
      1640,
      1640,
      1640,
      1640,
      1640,
      1640,
      1640,
      1640,
      1640,
      1640,
      1640,
      1640,
      1640,
      1640,
      1640,
      1640,
      1640,
      1640,
      1640,
      1640,
      1640,
      1640,
      1640,
      1640,
      1640,
      1640
    ],
    "size": 30,
    "total": 49200,
    "min": 1640,
    "q1": 1640,
    "median": 1640.0,
    "q3": 1640,
    "max": 1640,
    "mean": 1640.0,
    "sd": 0.0
  },
  "all_tp": {
    "name": "all_tp",
    "population": [
      39,
      39,
      38,
      39,
      38,
      39,
      38,
      39,
      38,
      38,
      38,
      38,
      38,
      39,
      38,
      39,
      38,
      38,
      38,
      38,
      38,
      38,
      39,
      38,
      38,
      38,
      38,
      38,
      39,
      39
    ],
    "size": 30,
    "total": 1150,
    "min": 38,
    "q1": 38,
    "median": 38.0,
    "q3": 39,
    "max": 39,
    "mean": 38.333333333333336,
    "sd": 0.4714045207910315
  },
  "all_tn": {
    "name": "all_tn",
    "population": [
      1586,
      1586,
      1586,
      1586,
      1586,
      1583,
      1586,
      1584,
      1586,
      1584,
      1585,
      1586,
      1583,
      1586,
      1586,
      1586,
      1586,
      1586,
      1586,
      1584,
      1583,
      1586,
      1584,
      1586,
      1583,
      1583,
      1586,
      1586,
      1584,
      1586
    ],
    "size": 30,
    "total": 47554,
    "min": 1583,
    "q1": 1584,
    "median": 1586.0,
    "q3": 1586,
    "max": 1586,
    "mean": 1585.1333333333334,
    "sd": 1.2036980056845192
  },
  "all_fp": {
    "name": "all_fp",
    "population": [
      8,
      8,
      8,
      8,
      8,
      11,
      8,
      10,
      8,
      10,
      9,
      8,
      11,
      8,
      8,
      8,
      8,
      8,
      8,
      10,
      11,
      8,
      10,
      8,
      11,
      11,
      8,
      8,
      10,
      8
    ],
    "size": 30,
    "total": 266,
    "min": 8,
    "q1": 8,
    "median": 8.0,
    "q3": 10,
    "max": 11,
    "mean": 8.866666666666667,
    "sd": 1.2036980056845192
  },
  "all_fn": {
    "name": "all_fn",
    "population": [
      7,
      7,
      8,
      7,
      8,
      7,
      8,
      7,
      8,
      8,
      8,
      8,
      8,
      7,
      8,
      7,
      8,
      8,
      8,
      8,
      8,
      8,
      7,
      8,
      8,
      8,
      8,
      8,
      7,
      7
    ],
    "size": 30,
    "total": 230,
    "min": 7,
    "q1": 7,
    "median": 8.0,
    "q3": 8,
    "max": 8,
    "mean": 7.666666666666667,
    "sd": 0.4714045207910315
  },
  "all_accuracy": {
    "name": "all_accuracy",
    "population": [
      0.9908536585365854,
      0.9908536585365854,
      0.9902439024390244,
      0.9908536585365854,
      0.9902439024390244,
      0.9890243902439024,
      0.9902439024390244,
      0.9896341463414634,
      0.9902439024390244,
      0.9890243902439024,
      0.9896341463414634,
      0.9902439024390244,
      0.9884146341463415,
      0.9908536585365854,
      0.9902439024390244,
      0.9908536585365854,
      0.9902439024390244,
      0.9902439024390244,
      0.9902439024390244,
      0.9890243902439024,
      0.9884146341463415,
      0.9902439024390244,
      0.9896341463414634,
      0.9902439024390244,
      0.9884146341463415,
      0.9884146341463415,
      0.9902439024390244,
      0.9902439024390244,
      0.9896341463414634,
      0.9908536585365854
    ],
    "size": 30,
    "total": 29.697560975609758,
    "min": 0.9884146341463415,
    "q1": 0.9896341463414634,
    "median": 0.9902439024390244,
    "q3": 0.9902439024390244,
    "max": 0.9908536585365854,
    "mean": 0.9899186991869919,
    "sd": 0.0007829821253763512
  },
  "all_balanced_accuracy": {
    "name": "all_balanced_accuracy",
    "population": [
      0.9126965046546727,
      0.9126965046546727,
      0.9105340679722873,
      0.9126965046546727,
      0.9105340679722873,
      0.8877987421383648,
      0.9105340679722873,
      0.8957593093805718,
      0.9105340679722873,
      0.893320770519263,
      0.9017443335871032,
      0.9105340679722873,
      0.8852409599917905,
      0.9126965046546727,
      0.9105340679722873,
      0.9126965046546727,
      0.9105340679722873,
      0.9105340679722873,
      0.9105340679722873,
      0.893320770519263,
      0.8852409599917905,
      0.9105340679722873,
      0.8957593093805718,
      0.9105340679722873,
      0.8852409599917905,
      0.8852409599917905,
      0.9105340679722873,
      0.9105340679722873,
      0.8957593093805718,
      0.9126965046546727
    ],
    "size": 30,
    "total": 27.11754829644064,
    "min": 0.8852409599917905,
    "q1": 0.8957593093805718,
    "median": 0.9105340679722873,
    "q3": 0.9105340679722873,
    "max": 0.9126965046546727,
    "mean": 0.9039182765480213,
    "sd": 0.010190831367267087
  },
  "all_f1": {
    "name": "all_f1",
    "population": [
      0.8387096774193549,
      0.8387096774193549,
      0.8260869565217391,
      0.8387096774193549,
      0.8260869565217391,
      0.8125,
      0.8260869565217391,
      0.8210526315789473,
      0.8260869565217391,
      0.8085106382978724,
      0.8172043010752688,
      0.8260869565217391,
      0.8,
      0.8387096774193549,
      0.8260869565217391,
      0.8387096774193549,
      0.8260869565217391,
      0.8260869565217391,
      0.8260869565217391,
      0.8085106382978724,
      0.8,
      0.8260869565217391,
      0.8210526315789473,
      0.8260869565217391,
      0.8,
      0.8,
      0.8260869565217391,
      0.8260869565217391,
      0.8210526315789473,
      0.8387096774193549
    ],
    "size": 30,
    "total": 24.681271971706586,
    "min": 0.8,
    "q1": 0.8172043010752688,
    "median": 0.8260869565217391,
    "q3": 0.8260869565217391,
    "max": 0.8387096774193549,
    "mean": 0.8227090657235528,
    "sd": 0.011962727496820291
  },
  "all_recall": {
    "name": "all_recall",
    "population": [
      0.8478260869565217,
      0.8478260869565217,
      0.8260869565217391,
      0.8478260869565217,
      0.8260869565217391,
      0.8478260869565217,
      0.8260869565217391,
      0.8478260869565217,
      0.8260869565217391,
      0.8260869565217391,
      0.8260869565217391,
      0.8260869565217391,
      0.8260869565217391,
      0.8478260869565217,
      0.8260869565217391,
      0.8478260869565217,
      0.8260869565217391,
      0.8260869565217391,
      0.8260869565217391,
      0.8260869565217391,
      0.8260869565217391,
      0.8260869565217391,
      0.8478260869565217,
      0.8260869565217391,
      0.8260869565217391,
      0.8260869565217391,
      0.8260869565217391,
      0.8260869565217391,
      0.8478260869565217,
      0.8478260869565217
    ],
    "size": 30,
    "total": 24.999999999999993,
    "min": 0.8260869565217391,
    "q1": 0.8260869565217391,
    "median": 0.8260869565217391,
    "q3": 0.8478260869565217,
    "max": 0.8478260869565217,
    "mean": 0.8333333333333331,
    "sd": 0.010247924365022422
  },
  "all_precision": {
    "name": "all_precision",