{
  "prevalence": 0.02804878048780488,
  "all_n": {
    "name": "all_n",
    "population": [
      1640,
      1640,
      1640,
      1640,
      1640,
      1640,
      1640,
      1640,
      1640,
      1640,
      1640,
      1640,
      1640,
      1640,
      1640,
      1640,
      1640,
      1640,
      1640,
      1640,
      1640,
      1640,
      1640,
      1640,
      1640,
      1640,
      1640,
      1640,
      1640,
      1640
    ],
    "size": 30,
    "total": 49200,
    "min": 1640,
    "q1": 1640,
    "median": 1640.0,
    "q3": 1640,
    "max": 1640,
    "mean": 1640.0,
    "sd": 0.0
  },
  "all_tp": {
    "name": "all_tp",
    "population": [
      44,
      45,
      45,
      44,
      45,
      45,
      44,
      45,
      44,
      45,
      45,
      44,
      45,
      45,
      44,
      45,
      45,
      44,
      44,
      45,
      45,
      45,
      45,
      45,
      45,
      45,
      45,
      45,
      45,
      45
    ],
    "size": 30,
    "total": 1342,
    "min": 44,
    "q1": 44,
    "median": 45.0,
    "q3": 45,
    "max": 45,
    "mean": 44.733333333333334,
    "sd": 0.44221663871405337
  },
  "all_tn": {
    "name": "all_tn",
    "population": [
      1586,
      1588,
      1588,
      1586,
      1588,
      1588,
      1584,
      1588,
      1586,
      1588,
      1586,
      1584,
      1588,
      1588,
      1584,
      1588,
      1588,
      1584,
      1584,
      1588,
      1586,
      1588,
      1586,
      1588,
      1586,
      1586,
      1588,
      1586,
      1588,
      1588
    ],
    "size": 30,
    "total": 47602,
    "min": 1584,
    "q1": 1586,
    "median": 1588.0,
    "q3": 1588,
    "max": 1588,
    "mean": 1586.7333333333333,
    "sd": 1.5040685563571303
  },
  "all_fp": {
    "name": "all_fp",
    "population": [
      8,
      6,
      6,
      8,
      6,
      6,
      10,
      6,
      8,
      6,
      8,
      10,
      6,
      6,
      10,
      6,
      6,
      10,
      10,
      6,
      8,
      6,
      8,
      6,
      8,
      8,
      6,
      8,
      6,
      6
    ],
    "size": 30,
    "total": 218,
    "min": 6,
    "q1": 6,
    "median": 6.0,
    "q3": 8,
    "max": 10,
    "mean": 7.266666666666667,
    "sd": 1.5040685563571303
  },
  "all_fn": {
    "name": "all_fn",
    "population": [
      2,
      1,
      1,
      2,
      1,
      1,
      2,
      1,
      2,
      1,
      1,
      2,
      1,
      1,
      2,
      1,
      1,
      2,
      2,
      1,
      1,
      1,
      1,
      1,
      1,
      1,
      1,
      1,
      1,
      1
    ],
    "size": 30,
    "total": 38,
    "min": 1,
    "q1": 1,
    "median": 1.0,
    "q3": 2,
    "max": 2,
    "mean": 1.2666666666666666,
    "sd": 0.44221663871405315
  },
  "all_accuracy": {
    "name": "all_accuracy",
    "population": [
      0.9939024390243902,
      0.9957317073170732,
      0.9957317073170732,
      0.9939024390243902,
      0.9957317073170732,
      0.9957317073170732,
      0.9926829268292683,
      0.9957317073170732,
      0.9939024390243902,
      0.9957317073170732,
      0.9945121951219512,
      0.9926829268292683,
      0.9957317073170732,
      0.9957317073170732,
      0.9926829268292683,
      0.9957317073170732,
      0.9957317073170732,
      0.9926829268292683,
      0.9926829268292683,
      0.9957317073170732,
      0.9945121951219512,
      0.9957317073170732,
      0.9945121951219512,
      0.9957317073170732,
      0.9945121951219512,
      0.9945121951219512,
      0.9957317073170732,
      0.9945121951219512,
      0.9957317073170732,
      0.9957317073170732
    ],
    "size": 30,
    "total": 29.8439024390244,
    "min": 0.9926829268292683,
    "q1": 0.9939024390243902,
    "median": 0.9957317073170732,
    "q3": 0.9957317073170732,
    "max": 0.9957317073170732,
    "mean": 0.9947967479674801,
    "sd": 0.0011432813910914835
  },
  "all_balanced_accuracy": {
    "name": "all_balanced_accuracy",
    "population": [
      0.9224472001550087,
      0.9408618072779773,
      0.9408618072779773,
      0.9224472001550087,
      0.9408618072779773,
      0.9408618072779773,
      0.9067768903834477,
      0.9408618072779773,
      0.9224472001550087,
      0.9408618072779773,
      0.9242132420254188,
      0.9067768903834477,
      0.9408618072779773,
      0.9408618072779773,
      0.9067768903834477,
      0.9408618072779773,
      0.9408618072779773,
      0.9067768903834477,
      0.9067768903834477,
      0.9408618072779773,
      0.9242132420254188,
      0.9408618072779773,
      0.9242132420254188,
      0.9408618072779773,
      0.9242132420254188,
      0.9242132420254188,
      0.9408618072779773,
      0.9242132420254188,
      0.9408618072779773,
      0.9408618072779773
    ],
    "size": 30,
    "total": 27.900294420982416,
    "min": 0.9067768903834477,
    "q1": 0.9224472001550087,
    "median": 0.9408618072779773,
    "q3": 0.9408618072779773,
    "max": 0.9408618072779773,
    "mean": 0.9300098140327472,
    "sd": 0.012853373996726015
  },
  "all_f1": {
    "name": "all_f1",
    "population": [
      0.8979591836734695,
      0.9278350515463919,
      0.9278350515463919,
      0.8979591836734695,
      0.9278350515463919,
      0.9278350515463919,
      0.8800000000000001,
      0.9278350515463919,
      0.8979591836734695,
      0.9278350515463919,
      0.9090909090909092,
      0.8800000000000001,
      0.9278350515463919,
      0.9278350515463919,
      0.8800000000000001,
      0.9278350515463919,
      0.9278350515463919,
      0.8800000000000001,
      0.8800000000000001,
      0.9278350515463919,
      0.9090909090909092,
      0.9278350515463919,
      0.9090909090909092,
      0.9278350515463919,
      0.9090909090909092,
      0.9090909090909092,
      0.9278350515463919,
      0.9090909090909092,
      0.9278350515463919,
      0.9278350515463919
    ],
    "size": 30,
    "total": 27.39378383030814,
    "min": 0.8800000000000001,
    "q1": 0.8979591836734695,
    "median": 0.9278350515463919,
    "q3": 0.9278350515463919,
    "max": 0.9278350515463919,
    "mean": 0.913126127676938,
    "sd": 0.018014944945921468
  },
  "all_recall": {
    "name": "all_recall",
    "population": [
      0.9565217391304348,
      0.9782608695652174,
      0.9782608695652174,
      0.9565217391304348,
      0.9782608695652174,
      0.9782608695652174,
      0.9565217391304348,
      0.9782608695652174,
      0.9565217391304348,
      0.9782608695652174,
      0.9782608695652174,
      0.9565217391304348,
      0.9782608695652174,
      0.9782608695652174,
      0.9565217391304348,
      0.9782608695652174,
      0.9782608695652174,
      0.9565217391304348,
      0.9565217391304348,
      0.9782608695652174,
      0.9782608695652174,
      0.9782608695652174,
      0.9782608695652174,
      0.9782608695652174,
      0.9782608695652174,
      0.9782608695652174,
      0.9782608695652174,
      0.9782608695652174,
      0.9782608695652174,
      0.9782608695652174
    ],
    "size": 30,
    "total": 29.173913043478272,
    "min": 0.9565217391304348,
    "q1": 0.9565217391304348,
    "median": 0.9782608695652174,
    "q3": 0.9782608695652174,
    "max": 0.9782608695652174,
    "mean": 0.9724637681159424,
    "sd": 0.009613405189435936
  },
  "all_precision": {
    "name": "all_precision",