{
  "prevalence": 0.02804878048780488,
  "all_n": {
    "name": "all_n",
    "population": [
      1640,
      1640,
      1640,
      1640,
      1640,
      1640,
      1640,
      1640,
      1640,
      1640,
      1640,
      1640,
      1640,
      1640,
      1640,
      1640,
      1640,
      1640,
      1640,
      1640,
      1640,
      1640,
      1640,
      1640,
      1640,
      1640,
      1640,
      1640,
      1640,
      1640
    ],
    "size": 30,
    "total": 49200,
    "min": 1640,
    "q1": 1640,
    "median": 1640.0,
    "q3": 1640,
    "max": 1640,
    "mean": 1640.0,
    "sd": 0.0
  },
  "all_tp": {
    "name": "all_tp",
    "population": [
      39,
      38,
      38,
      38,
      38,
      39,
      38,
      38,
      39,
      38,
      38,
      38,
      39,
      38,
      38,
      39,
      38,
      38,
      39,
      38,
      38,
      38,
      38,
      38,
      38,
      39,
      38,
      38,
      39,
      39
    ],
    "size": 30,
    "total": 1149,
    "min": 38,
    "q1": 38,
    "median": 38.0,
    "q3": 39,
    "max": 39,
    "mean": 38.3,
    "sd": 0.4582575694955838
  },
  "all_tn": {
    "name": "all_tn",
    "population": [
      1593,
      1593,
      1593,
      1593,
      1593,
      1593,
      1593,
      1593,
      1593,
      1593,
      1593,
      1593,
      1593,
      1593,
      1593,
      1593,
      1593,
      1593,
      1593,
      1593,
      1593,
      1593,
      1593,
      1593,
      1593,
      1593,
      1593,
      1593,
      1593,
      1593
    ],
    "size": 30,
    "total": 47790,
    "min": 1593,
    "q1": 1593,
    "median": 1593.0,
    "q3": 1593,
    "max": 1593,
    "mean": 1593.0,
    "sd": 0.0
  },
  "all_fp": {
    "name": "all_fp",
    "population": [
      1,
      1,
      1,
      1,
      1,
      1,
      1,
      1,
      1,
      1,
      1,
      1,
      1,
      1,
      1,
      1,
      1,
      1,
      1,
      1,
      1,
      1,
      1,
      1,
      1,
      1,
      1,
      1,
      1,
      1
    ],
    "size": 30,
    "total": 30,
    "min": 1,
    "q1": 1,
    "median": 1.0,
    "q3": 1,
    "max": 1,
    "mean": 1.0,
    "sd": 0.0
  },
  "all_fn": {
    "name": "all_fn",
    "population": [
      7,
      8,
      8,
      8,
      8,
      7,
      8,
      8,
      7,
      8,
      8,
      8,
      7,
      8,
      8,
      7,
      8,
      8,
      7,
      8,
      8,
      8,
      8,
      8,
      8,
      7,
      8,
      8,
      7,
      7
    ],
    "size": 30,
    "total": 231,
    "min": 7,
    "q1": 7,
    "median": 8.0,
    "q3": 8,
    "max": 8,
    "mean": 7.7,
    "sd": 0.458257569495584
  },
  "all_accuracy": {
    "name": "all_accuracy",
    "population": [
      0.9951219512195122,
      0.9945121951219512,
      0.9945121951219512,
      0.9945121951219512,
      0.9945121951219512,
      0.9951219512195122,
      0.9945121951219512,
      0.9945121951219512,
      0.9951219512195122,
      0.9945121951219512,
      0.9945121951219512,
      0.9945121951219512,
      0.9951219512195122,
      0.9945121951219512,
      0.9945121951219512,
      0.9951219512195122,
      0.9945121951219512,
      0.9945121951219512,
      0.9951219512195122,
      0.9945121951219512,
      0.9945121951219512,
      0.9945121951219512,
      0.9945121951219512,
      0.9945121951219512,
      0.9945121951219512,
      0.9951219512195122,
      0.9945121951219512,
      0.9945121951219512,
      0.9951219512195122,
      0.9951219512195122
    ],
    "size": 30,
    "total": 29.840853658536602,
    "min": 0.9945121951219512,
    "q1": 0.9945121951219512,
    "median": 0.9945121951219512,
    "q3": 0.9951219512195122,
    "max": 0.9951219512195122,
    "mean": 0.9946951219512201,
    "sd": 0.0002794253472534051
  },
  "all_balanced_accuracy": {
    "name": "all_balanced_accuracy",
    "population": [
      0.9853125,
      0.9846810487035347,
      0.9846810487035347,
      0.9846810487035347,
      0.9846810487035347,
      0.9853125,
      0.9846810487035347,
      0.9846810487035347,
      0.9853125,
      0.9846810487035347,
      0.9846810487035347,
      0.9846810487035347,
      0.9853125,
      0.9846810487035347,
      0.9846810487035347,
      0.9853125,
      0.9846810487035347,
      0.9846810487035347,
      0.9853125,
      0.9846810487035347,
      0.9846810487035347,
      0.9846810487035347,
      0.9846810487035347,
      0.9846810487035347,
      0.9846810487035347,
      0.9853125,
      0.9846810487035347,
      0.9846810487035347,
      0.9853125,
      0.9853125
    ],
    "size": 30,
    "total": 29.546114522774236,
    "min": 0.9846810487035347,
    "q1": 0.9846810487035347,
    "median": 0.9846810487035347,
    "q3": 0.9853125,
    "max": 0.9853125,
    "mean": 0.9848704840924746,
    "sd": 0.00028936733637305014
  },
  "all_f1": {
    "name": "all_f1",
    "population": [
      0.9069767441860466,
      0.8941176470588235,
      0.8941176470588235,
      0.8941176470588235,
      0.8941176470588235,
      0.9069767441860466,
      0.8941176470588235,
      0.8941176470588235,
      0.9069767441860466,
      0.8941176470588235,
      0.8941176470588235,
      0.8941176470588235,
      0.9069767441860466,
      0.8941176470588235,
      0.8941176470588235,
      0.9069767441860466,
      0.8941176470588235,
      0.8941176470588235,
      0.9069767441860466,
      0.8941176470588235,
      0.8941176470588235,
      0.8941176470588235,
      0.8941176470588235,
      0.8941176470588235,
      0.8941176470588235,
      0.9069767441860466,
      0.8941176470588235,
      0.8941176470588235,
      0.9069767441860466,
      0.9069767441860466
    ],
    "size": 30,
    "total": 26.939261285909716,
    "min": 0.8941176470588235,
    "q1": 0.8941176470588235,
    "median": 0.8941176470588235,
    "q3": 0.9069767441860466,
    "max": 0.9069767441860466,
    "mean": 0.8979753761969905,
    "sd": 0.005892778595428906
  },
  "all_recall": {
    "name": "all_recall",
    "population": [
      0.8478260869565217,
      0.8260869565217391,
      0.8260869565217391,
      0.8260869565217391,
      0.8260869565217391,
      0.8478260869565217,
      0.8260869565217391,
      0.8260869565217391,
      0.8478260869565217,
      0.8260869565217391,
      0.8260869565217391,
      0.8260869565217391,
      0.8478260869565217,
      0.8260869565217391,
      0.8260869565217391,
      0.8478260869565217,
      0.8260869565217391,
      0.8260869565217391,
      0.8478260869565217,
      0.8260869565217391,
      0.8260869565217391,
      0.8260869565217391,
      0.8260869565217391,
      0.8260869565217391,
      0.8260869565217391,
      0.8478260869565217,
      0.8260869565217391,
      0.8260869565217391,
      0.8478260869565217,
      0.8478260869565217
    ],
    "size": 30,
    "total": 24.97826086956521,
    "min": 0.8260869565217391,
    "q1": 0.8260869565217391,
    "median": 0.8260869565217391,
    "q3": 0.8478260869565217,
    "max": 0.8478260869565217,
    "mean": 0.8326086956521738,
    "sd": 0.00996212107599095
  },
  "all_precision": {
    "name": "all_precision",
    "population": [
      0.975,
      0.9743589743589743,
      0.9743589743589743,
      0.9743589743589743,
      0.9743589743589743,
      0.975,
      0.9743589743589743,
      0.9743589743589743,
      0.975,
      0.9743589743589743,
      0.9743589743589743,
      0.9743589743589743,
      0.975,
      0.9743589743589743,
      0.9743589743589743,
      0.975,
      0.9743589743589743,
      0.9743589743589743,
      0.975,
      0.9743589743589743,
      0.9743589743589743,
      0.9743589743589743,
      0.9743589743589743,
      0.9743589743589743,
      0.9743589743589743,
      0.975,
      0.9743589743589743,
      0.9743589743589743,
      0.975,
      0.975
    ],
    "size": 30,
    "total": 29.236538461538466,
    "min": 0.9743589743589743,
    "q1": 0.9743589743589743,
    "median": 0.9743589743589743,