{
  "prevalence": 0.02804878048780488,
  "all_n": {
    "name": "all_n",
    "population": [
      1640,
      1640,
      1640,
      1640,
      1640,
      1640,
      1640,
      1640,
      1640,
      1640,
      1640,
      1640,
      1640,
      1640,
      1640,
      1640,
      1640,
      1640,
      1640,
      1640,
      1640,
      1640,
      1640,
      1640,
      1640,
      1640,
      1640,
      1640,
      1640,
      1640
    ],
    "size": 30,
    "total": 49200,
    "min": 1640,
    "q1": 1640,
    "median": 1640.0,
    "q3": 1640,
    "max": 1640,
    "mean": 1640.0,
    "sd": 0.0
  },
  "all_tp": {
    "name": "all_tp",
    "population": [
      45,
      45,
      45,
      45,
      45,
      45,
      45,
      45,
      45,
      45,
      45,
      45,
      45,
      45,
      45,
      45,
      45,
      45,
      45,
      45,
      45,
      45,
      45,
      45,
      45,
      45,
      45,
      45,
      45,
      45
    ],
    "size": 30,
    "total": 1350,
    "min": 45,
    "q1": 45,
    "median": 45.0,
    "q3": 45,
    "max": 45,
    "mean": 45.0,
    "sd": 0.0
  },
  "all_tn": {
    "name": "all_tn",
    "population": [
      1594,
      1593,
      1594,
      1594,
      1594,
      1594,
      1594,
      1593,
      1593,
      1593,
      1594,
      1593,
      1594,
      1594,
      1593,
      1593,
      1594,
      1593,
      1593,
      1593,
      1593,
      1593,
      1594,
      1593,
      1594,
      1593,
      1593,
      1593,
      1594,
      1593
    ],
    "size": 30,
    "total": 47803,
    "min": 1593,
    "q1": 1593,
    "median": 1593.0,
    "q3": 1594,
    "max": 1594,
    "mean": 1593.4333333333334,
    "sd": 0.49553562491061676
  },
  "all_fp": {
    "name": "all_fp",
    "population": [
      0,
      1,
      0,
      0,
      0,
      0,
      0,
      1,
      1,
      1,
      0,
      1,
      0,
      0,
      1,
      1,
      0,
      1,
      1,
      1,
      1,
      1,
      0,
      1,
      0,
      1,
      1,
      1,
      0,
      1
    ],
    "size": 30,
    "total": 17,
    "min": 0,
    "q1": 0,
    "median": 1.0,
    "q3": 1,
    "max": 1,
    "mean": 0.5666666666666667,
    "sd": 0.4955356249106168
  },
  "all_fn": {
    "name": "all_fn",
    "population": [
      1,
      1,
      1,
      1,
      1,
      1,
      1,
      1,
      1,
      1,
      1,
      1,
      1,
      1,
      1,
      1,
      1,
      1,
      1,
      1,
      1,
      1,
      1,
      1,
      1,
      1,
      1,
      1,
      1,
      1
    ],
    "size": 30,
    "total": 30,
    "min": 1,
    "q1": 1,
    "median": 1.0,
    "q3": 1,
    "max": 1,
    "mean": 1.0,
    "sd": 0.0
  },
  "all_accuracy": {
    "name": "all_accuracy",
    "population": [
      0.999390243902439,
      0.998780487804878,
      0.999390243902439,
      0.999390243902439,
      0.999390243902439,
      0.999390243902439,
      0.999390243902439,
      0.998780487804878,
      0.998780487804878,
      0.998780487804878,
      0.999390243902439,
      0.998780487804878,
      0.999390243902439,
      0.999390243902439,
      0.998780487804878,
      0.998780487804878,
      0.999390243902439,
      0.998780487804878,
      0.998780487804878,
      0.998780487804878,
      0.998780487804878,
      0.998780487804878,
      0.999390243902439,
      0.998780487804878,
      0.999390243902439,
      0.998780487804878,
      0.998780487804878,
      0.998780487804878,
      0.999390243902439,
      0.998780487804878
    ],
    "size": 30,
    "total": 29.971341463414646,
    "min": 0.998780487804878,
    "q1": 0.998780487804878,
    "median": 0.998780487804878,
    "q3": 0.999390243902439,
    "max": 0.999390243902439,
    "mean": 0.9990447154471549,
    "sd": 0.0003021558688479373
  },
  "all_balanced_accuracy": {
    "name": "all_balanced_accuracy",
    "population": [
      0.9996865203761756,
      0.9888167584965359,
      0.9996865203761756,
      0.9996865203761756,
      0.9996865203761756,
      0.9996865203761756,
      0.9996865203761756,
      0.9888167584965359,
      0.9888167584965359,
      0.9888167584965359,
      0.9996865203761756,
      0.9888167584965359,
      0.9996865203761756,
      0.9996865203761756,
      0.9888167584965359,
      0.9888167584965359,
      0.9996865203761756,
      0.9888167584965359,
      0.9888167584965359,
      0.9888167584965359,
      0.9888167584965359,
      0.9888167584965359,
      0.9996865203761756,
      0.9888167584965359,
      0.9996865203761756,
      0.9888167584965359,
      0.9888167584965359,
      0.9888167584965359,
      0.9996865203761756,
      0.9888167584965359
    ],
    "size": 30,
    "total": 29.80580965933141,
    "min": 0.9888167584965359,
    "q1": 0.9888167584965359,
    "median": 0.9888167584965359,
    "q3": 0.9996865203761756,
    "max": 0.9996865203761756,
    "mean": 0.9935269886443803,
    "sd": 0.005386354245656817
  },
  "all_f1": {
    "name": "all_f1",
    "population": [
      0.989010989010989,
      0.9782608695652174,
      0.989010989010989,
      0.989010989010989,
      0.989010989010989,
      0.989010989010989,
      0.989010989010989,
      0.9782608695652174,
      0.9782608695652174,
      0.9782608695652174,
      0.989010989010989,
      0.9782608695652174,
      0.989010989010989,
      0.989010989010989,
      0.9782608695652174,
      0.9782608695652174,
      0.989010989010989,
      0.9782608695652174,
      0.9782608695652174,
      0.9782608695652174,
      0.9782608695652174,
      0.9782608695652174,
      0.989010989010989,
      0.9782608695652174,
      0.989010989010989,
      0.9782608695652174,
      0.9782608695652174,
      0.9782608695652174,
      0.989010989010989,
      0.9782608695652174
    ],
    "size": 30,
    "total": 29.487577639751564,
    "min": 0.9782608695652174,
    "q1": 0.9782608695652174,
    "median": 0.9782608695652174,
    "q3": 0.989010989010989,
    "max": 0.989010989010989,
    "mean": 0.9829192546583855,
    "sd": 0.005327067157424226
  },
  "all_recall": {
    "name": "all_recall",
    "population": [
      0.9782608695652174,
      0.9782608695652174,
      0.9782608695652174,
      0.9782608695652174,
      0.9782608695652174,
      0.9782608695652174,
      0.9782608695652174,
      0.9782608695652174,
      0.9782608695652174,
      0.9782608695652174,
      0.9782608695652174,
      0.9782608695652174,
      0.9782608695652174,
      0.9782608695652174,
      0.9782608695652174,
      0.9782608695652174,
      0.9782608695652174,
      0.9782608695652174,
      0.9782608695652174,
      0.9782608695652174,
      0.9782608695652174,
      0.9782608695652174,
      0.9782608695652174,
      0.9782608695652174,
      0.9782608695652174,
      0.9782608695652174,
      0.9782608695652174,
      0.9782608695652174,
      0.9782608695652174,
      0.9782608695652174
    ],
    "size": 30,
    "total": 29.347826086956534,
    "min": 0.9782608695652174,
    "q1": 0.9782608695652174,
    "median": 0.9782608695652174,
    "q3": 0.9782608695652174,
    "max": 0.9782608695652174,
    "mean": 0.9782608695652178,
    "sd": 4.440892098500626e-16
  },
  "all_precision": {
    "name": "all_precision",
    "population": [
      1.0,
      0.9782608695652174,
      1.0,
      1.0,
      1.0,
      1.0,
      1.0,
      0.9782608695652174,
      0.9782608695652174,
      0.9782608695652174,
      1.0,
      0.9782608695652174,
      1.0,
      1.0,
      0.9782608695652174,
      0.9782608695652174,
      1.0,
      0.9782608695652174,
      0.9782608695652174,
      0.9782608695652174,
      0.9782608695652174,
      0.9782608695652174,
      1.0,
      0.9782608695652174,
      1.0,
      0.9782608695652174,
      0.9782608695652174,
      0.9782608695652174,
      1.0,
      0.9782608695652174
    ],
    "size": 30,
    "total": 29.630434782608706,
    "min": 0.9782608695652174,
    "q1": 0.9782608695652174,
    "median": 0.9782608695652174,