{
  "prevalence": 0.02804878048780488,
  "all_n": {
    "name": "all_n",
    "population": [
      1640,
      1640,
      1640,
      1640,
      1640,
      1640,
      1640,
      1640,
      1640,
      1640,
      1640,
      1640,
      1640,
      1640,
      1640,
      1640,
      1640,
      1640,
      1640,
      1640,
      1640,
      1640,
      1640,
      1640,
      1640,
      1640,
      1640,
      1640,
      1640,
      1640
    ],
    "size": 30,
    "total": 49200,
    "min": 1640,
    "q1": 1640,
    "median": 1640.0,
    "q3": 1640,
    "max": 1640,
    "mean": 1640.0,
    "sd": 0.0
  },
  "all_tp": {
    "name": "all_tp",
    "population": [
      45,
      45,
      45,
      45,
      45,
      45,
      45,
      45,
      45,
      45,
      45,
      45,
      45,
      45,
      45,
      45,
      45,
      45,
      45,
      45,
      45,
      45,
      45,
      45,
      45,
      45,
      45,
      45,
      45,
      45
    ],
    "size": 30,
    "total": 1350,
    "min": 45,
    "q1": 45,
    "median": 45.0,
    "q3": 45,
    "max": 45,
    "mean": 45.0,
    "sd": 0.0
  },
  "all_tn": {
    "name": "all_tn",
    "population": [
      1583,
      1583,
      1583,
      1586,
      1586,
      1583,
      1583,
      1583,
      1583,
      1583,
      1583,
      1583,
      1583,
      1583,
      1586,
      1583,
      1586,
      1583,
      1583,
      1583,
      1583,
      1586,
      1586,
      1586,
      1586,
      1586,
      1583,
      1586,
      1583,
      1583
    ],
    "size": 30,
    "total": 47520,
    "min": 1583,
    "q1": 1583,
    "median": 1583.0,
    "q3": 1586,
    "max": 1586,
    "mean": 1584.0,
    "sd": 1.4142135623730951
  },
  "all_fp": {
    "name": "all_fp",
    "population": [
      11,
      11,
      11,
      8,
      8,
      11,
      11,
      11,
      11,
      11,
      11,
      11,
      11,
      11,
      8,
      11,
      8,
      11,
      11,
      11,
      11,
      8,
      8,
      8,
      8,
      8,
      11,
      8,
      11,
      11
    ],
    "size": 30,
    "total": 300,
    "min": 8,
    "q1": 8,
    "median": 11.0,
    "q3": 11,
    "max": 11,
    "mean": 10.0,
    "sd": 1.4142135623730951
  },
  "all_fn": {
    "name": "all_fn",
    "population": [
      1,
      1,
      1,
      1,
      1,
      1,
      1,
      1,
      1,
      1,
      1,
      1,
      1,
      1,
      1,
      1,
      1,
      1,
      1,
      1,
      1,
      1,
      1,
      1,
      1,
      1,
      1,
      1,
      1,
      1
    ],
    "size": 30,
    "total": 30,
    "min": 1,
    "q1": 1,
    "median": 1.0,
    "q3": 1,
    "max": 1,
    "mean": 1.0,
    "sd": 0.0
  },
  "all_accuracy": {
    "name": "all_accuracy",
    "population": [
      0.9926829268292683,
      0.9926829268292683,
      0.9926829268292683,
      0.9945121951219512,
      0.9945121951219512,
      0.9926829268292683,
      0.9926829268292683,
      0.9926829268292683,
      0.9926829268292683,
      0.9926829268292683,
      0.9926829268292683,
      0.9926829268292683,
      0.9926829268292683,
      0.9926829268292683,
      0.9945121951219512,
      0.9926829268292683,
      0.9945121951219512,
      0.9926829268292683,
      0.9926829268292683,
      0.9926829268292683,
      0.9926829268292683,
      0.9945121951219512,
      0.9945121951219512,
      0.9945121951219512,
      0.9945121951219512,
      0.9945121951219512,
      0.9926829268292683,
      0.9945121951219512,
      0.9926829268292683,
      0.9926829268292683
    ],
    "size": 30,
    "total": 29.79878048780488,
    "min": 0.9926829268292683,
    "q1": 0.9926829268292683,
    "median": 0.9926829268292683,
    "q3": 0.9945121951219512,
    "max": 0.9945121951219512,
    "mean": 0.9932926829268294,
    "sd": 0.0008623253429104245
  },
  "all_balanced_accuracy": {
    "name": "all_balanced_accuracy",
    "population": [
      0.9014700577200577,
      0.9014700577200577,
      0.9014700577200577,
      0.9242132420254188,
      0.9242132420254188,
      0.9014700577200577,
      0.9014700577200577,
      0.9014700577200577,
      0.9014700577200577,
      0.9014700577200577,
      0.9014700577200577,
      0.9014700577200577,
      0.9014700577200577,
      0.9014700577200577,
      0.9242132420254188,
      0.9014700577200577,
      0.9242132420254188,
      0.9014700577200577,
      0.9014700577200577,
      0.9014700577200577,
      0.9014700577200577,
      0.9242132420254188,
      0.9242132420254188,
      0.9242132420254188,
      0.9242132420254188,
      0.9242132420254188,
      0.9014700577200577,
      0.9242132420254188,
      0.9014700577200577,
      0.9014700577200577
    ],
    "size": 30,
    "total": 27.27153357465535,
    "min": 0.9014700577200577,
    "q1": 0.9014700577200577,
    "median": 0.9014700577200577,
    "q3": 0.9242132420254188,
    "max": 0.9242132420254188,
    "mean": 0.9090511191551783,
    "sd": 0.010721239898730835
  },
  "all_f1": {
    "name": "all_f1",
    "population": [
      0.8823529411764706,
      0.8823529411764706,
      0.8823529411764706,
      0.9090909090909092,
      0.9090909090909092,
      0.8823529411764706,
      0.8823529411764706,
      0.8823529411764706,
      0.8823529411764706,
      0.8823529411764706,
      0.8823529411764706,
      0.8823529411764706,
      0.8823529411764706,
      0.8823529411764706,
      0.9090909090909092,
      0.8823529411764706,
      0.9090909090909092,
      0.8823529411764706,
      0.8823529411764706,
      0.8823529411764706,
      0.8823529411764706,
      0.9090909090909092,
      0.9090909090909092,
      0.9090909090909092,
      0.9090909090909092,
      0.9090909090909092,
      0.8823529411764706,
      0.9090909090909092,
      0.8823529411764706,
      0.8823529411764706
    ],
    "size": 30,
    "total": 26.737967914438517,
    "min": 0.8823529411764706,
    "q1": 0.8823529411764706,
    "median": 0.8823529411764706,
    "q3": 0.9090909090909092,
    "max": 0.9090909090909092,
    "mean": 0.8912655971479506,
    "sd": 0.012604398951631913
  },
  "all_recall": {
    "name": "all_recall",
    "population": [
      0.9782608695652174,
      0.9782608695652174,
      0.9782608695652174,
      0.9782608695652174,
      0.9782608695652174,
      0.9782608695652174,
      0.9782608695652174,
      0.9782608695652174,
      0.9782608695652174,
      0.9782608695652174,
      0.9782608695652174,
      0.9782608695652174,
      0.9782608695652174,
      0.9782608695652174,
      0.9782608695652174,
      0.9782608695652174,
      0.9782608695652174,
      0.9782608695652174,
      0.9782608695652174,
      0.9782608695652174,
      0.9782608695652174,
      0.9782608695652174,
      0.9782608695652174,
      0.9782608695652174,
      0.9782608695652174,
      0.9782608695652174,
      0.9782608695652174,
      0.9782608695652174,
      0.9782608695652174,
      0.9782608695652174
    ],
    "size": 30,
    "total": 29.347826086956534,
    "min": 0.9782608695652174,
    "q1": 0.9782608695652174,
    "median": 0.9782608695652174,
    "q3": 0.9782608695652174,
    "max": 0.9782608695652174,
    "mean": 0.9782608695652178,
    "sd": 4.440892098500626e-16
  },
  "all_precision": {
    "name": "all_precision",