{
  "prevalence": 0.16666666666666666,
  "n": 120,
  "tp": 10,
  "tn": 98,
  "fp": 2,
  "fn": 10,
  "accuracy": 0.9,
  "balanced_accuracy": 0.8703703703703705,
  "f1": 0.625,
  "recall": 0.5,
  "precision": 0.8333333333333334,
  "specificity": 0.9074074074074074,
  "err": 0
}