{
  "prevalence": 0.02804878048780488,
  "n": 1640,
  "tp": 42,
  "tn": 1592,
  "fp": 2,
  "fn": 4,
  "accuracy": 0.9963414634146341,
  "balanced_accuracy": 0.9760195944406471,
  "f1": 0.9333333333333332,
  "recall": 0.9130434782608695,
  "precision": 0.9545454545454546,
  "specificity": 0.9974937343358395,
  "err": 1
}