{
  "prevalence": 0.02804878048780488,
  "n": 1640,
  "tp": 41,
  "tn": 1588,
  "fp": 6,
  "fn": 5,
  "accuracy": 0.9932926829268293,
  "balanced_accuracy": 0.9346008467898118,
  "f1": 0.8817204301075269,
  "recall": 0.8913043478260869,
  "precision": 0.8723404255319149,
  "specificity": 0.9968612680477087,
  "err": 0
}