{
  "prevalence": 0.02804878048780488,
  "n": 1640,
  "tp": 34,
  "tn": 1594,
  "fp": 0,
  "fn": 12,
  "accuracy": 0.9926829268292683,
  "balanced_accuracy": 0.9962640099626401,
  "f1": 0.85,
  "recall": 0.7391304347826086,
  "precision": 1.0,
  "specificity": 0.9925280199252802,
  "err": 0
}