{
  "prevalence": 0.02804878048780488,
  "n": 1640,
  "tp": 42,
  "tn": 1573,
  "fp": 21,
  "fn": 4,
  "accuracy": 0.9847560975609756,
  "balanced_accuracy": 0.8320651025153245,
  "f1": 0.7706422018348623,
  "recall": 0.9130434782608695,
  "precision": 0.6666666666666666,
  "specificity": 0.9974635383639823,
  "err": 3
}