{
  "prevalence": 0.16666666666666666,
  "n": 120,
  "tp": 7,
  "tn": 96,
  "fp": 4,
  "fn": 13,
  "accuracy": 0.8583333333333333,
  "balanced_accuracy": 0.7585487906588824,
  "f1": 0.45161290322580644,
  "recall": 0.35,
  "precision": 0.6363636363636364,
  "specificity": 0.8807339449541285,
  "err": 0
}