{
  "prevalence": 0.02804878048780488,
  "n": 1640,
  "tp": 44,
  "tn": 1587,
  "fp": 7,
  "fn": 2,
  "accuracy": 0.9945121951219512,
  "balanced_accuracy": 0.9307432223990918,
  "f1": 0.9072164948453608,
  "recall": 0.9565217391304348,
  "precision": 0.8627450980392157,
  "specificity": 0.9987413467589679,
  "err": 0
}