{
  "prevalence": 0.02804878048780488,
  "n": 1640,
  "tp": 40,
  "tn": 1594,
  "fp": 0,
  "fn": 6,
  "accuracy": 0.9963414634146341,
  "balanced_accuracy": 0.9981249999999999,
  "f1": 0.9302325581395349,
  "recall": 0.8695652173913043,
  "precision": 1.0,
  "specificity": 0.99625,
  "err": 0
}