{
  "prevalence": 0.02804878048780488,
  "n": 1640,
  "tp": 14,
  "tn": 1594,
  "fp": 0,
  "fn": 32,
  "accuracy": 0.9804878048780488,
  "balanced_accuracy": 0.990159901599016,
  "f1": 0.4666666666666667,
  "recall": 0.30434782608695654,
  "precision": 1.0,
  "specificity": 0.980319803198032,
  "err": 0
}