{
  "prevalence": 0.02804878048780488,
  "n": 1640,
  "tp": 36,
  "tn": 1594,
  "fp": 0,
  "fn": 10,
  "accuracy": 0.9939024390243902,
  "balanced_accuracy": 0.9968827930174564,
  "f1": 0.878048780487805,
  "recall": 0.782608695652174,
  "precision": 1.0,
  "specificity": 0.9937655860349127,
  "err": 0
}