{
  "prevalence": 0.02804878048780488,
  "n": 1640,
  "tp": 44,
  "tn": 1594,
  "fp": 0,
  "fn": 2,
  "accuracy": 0.998780487804878,
  "balanced_accuracy": 0.9993734335839599,
  "f1": 0.9777777777777777,
  "recall": 0.9565217391304348,
  "precision": 1.0,
  "specificity": 0.9987468671679198,
  "err": 0
}