{
  "prevalence": 0.16666666666666666,
  "n": 120,
  "tp": 12,
  "tn": 95,
  "fp": 5,
  "fn": 8,
  "accuracy": 0.8916666666666667,
  "balanced_accuracy": 0.8141062250142777,
  "f1": 0.6486486486486486,
  "recall": 0.6,
  "precision": 0.7058823529411765,
  "specificity": 0.9223300970873787,
  "err": 0
}