{
  "prevalence": 0.16666666666666666,
  "n": 120,
  "tp": 14,
  "tn": 84,
  "fp": 16,
  "fn": 6,
  "accuracy": 0.8166666666666667,
  "balanced_accuracy": 0.7,
  "f1": 0.56,
  "recall": 0.7,
  "precision": 0.4666666666666667,
  "specificity": 0.9333333333333333,
  "err": 0
}