{
  "prevalence": 0.16666666666666666,
  "n": 120,
  "tp": 17,
  "tn": 87,
  "fp": 13,
  "fn": 3,
  "accuracy": 0.8666666666666667,
  "balanced_accuracy": 0.7666666666666666,
  "f1": 0.68,
  "recall": 0.85,
  "precision": 0.5666666666666667,
  "specificity": 0.9666666666666667,
  "err": 0
}