{
  "prevalence": 0.16666666666666666,
  "n": 120,
  "tp": 18,
  "tn": 95,
  "fp": 5,
  "fn": 2,
  "accuracy": 0.9416666666666667,
  "balanced_accuracy": 0.8809950694755715,
  "f1": 0.8372093023255814,
  "recall": 0.9,
  "precision": 0.782608695652174,
  "specificity": 0.979381443298969,
  "err": 0
}