{
  "prevalence": 0.16666666666666666,
  "n": 120,
  "tp": 14,
  "tn": 97,
  "fp": 3,
  "fn": 6,
  "accuracy": 0.925,
  "balanced_accuracy": 0.8826384922901199,
  "f1": 0.7567567567567567,
  "recall": 0.7,
  "precision": 0.8235294117647058,
  "specificity": 0.941747572815534,
  "err": 0
}