{
  "prevalence": 0.02804878048780488,
  "n": 1640,
  "tp": 44,
  "tn": 1585,
  "fp": 9,
  "fn": 2,
  "accuracy": 0.9932926829268293,
  "balanced_accuracy": 0.9144642198998942,
  "f1": 0.888888888888889,
  "recall": 0.9565217391304348,
  "precision": 0.8301886792452831,
  "specificity": 0.9987397605545053,
  "err": 0
}