{
  "prevalence": 0.02804878048780488,
  "n": 1640,
  "tp": 35,
  "tn": 1534,
  "fp": 60,
  "fn": 11,
  "accuracy": 0.9567073170731707,
  "balanced_accuracy": 0.6806506557656277,
  "f1": 0.4964539007092198,
  "recall": 0.7608695652173914,
  "precision": 0.3684210526315789,
  "specificity": 0.9928802588996763,
  "err": 5
}