{
  "prevalence": 0.02804878048780488,
  "n": 1640,
  "tp": 41,
  "tn": 1593,
  "fp": 1,
  "fn": 5,
  "accuracy": 0.9963414634146341,
  "balanced_accuracy": 0.9865307825257763,
  "f1": 0.9318181818181818,
  "recall": 0.8913043478260869,
  "precision": 0.9761904761904762,
  "specificity": 0.9968710888610763,
  "err": 0
}