{
  "prevalence": 0.16666666666666666,
  "n": 120,
  "tp": 17,
  "tn": 93,
  "fp": 7,
  "fn": 3,
  "accuracy": 0.9166666666666666,
  "balanced_accuracy": 0.8385416666666667,
  "f1": 0.7727272727272727,
  "recall": 0.85,
  "precision": 0.7083333333333334,
  "specificity": 0.96875,
  "err": 0
}