{
  "prevalence": 0.02804878048780488,
  "n": 1640,
  "tp": 44,
  "tn": 1589,
  "fp": 5,
  "fn": 2,
  "accuracy": 0.9957317073170732,
  "balanced_accuracy": 0.9483510563244782,
  "f1": 0.9263157894736843,
  "recall": 0.9565217391304348,
  "precision": 0.8979591836734694,
  "specificity": 0.9987429289754871,
  "err": 0
}