{
  "prevalence": 0.16666666666666666,
  "n": 120,
  "tp": 14,
  "tn": 90,
  "fp": 10,
  "fn": 6,
  "accuracy": 0.8666666666666667,
  "balanced_accuracy": 0.7604166666666667,
  "f1": 0.6363636363636365,
  "recall": 0.7,
  "precision": 0.5833333333333334,
  "specificity": 0.9375,
  "err": 0
}