{
  "prevalence": 0.02804878048780488,
  "n": 1640,
  "tp": 17,
  "tn": 1544,
  "fp": 50,
  "fn": 29,
  "accuracy": 0.9518292682926829,
  "balanced_accuracy": 0.6176476169691909,
  "f1": 0.3008849557522124,
  "recall": 0.3695652173913043,
  "precision": 0.2537313432835821,
  "specificity": 0.9815638906547998,
  "err": 20
}