{
  "prevalence": 0.16666666666666666,
  "n": 120,
  "tp": 18,
  "tn": 75,
  "fp": 25,
  "fn": 2,
  "accuracy": 0.775,
  "balanced_accuracy": 0.6963153125943824,
  "f1": 0.5714285714285715,
  "recall": 0.9,
  "precision": 0.4186046511627907,
  "specificity": 0.974025974025974,
  "err": 0
}