{
  "prevalence": 0.16666666666666666,
  "n": 120,
  "tp": 3,
  "tn": 100,
  "fp": 0,
  "fn": 17,
  "accuracy": 0.8583333333333333,
  "balanced_accuracy": 0.9273504273504274,
  "f1": 0.2608695652173913,
  "recall": 0.15,
  "precision": 1.0,
  "specificity": 0.8547008547008547,
  "err": 0
}