{
  "prevalence": 0.16666666666666666,
  "n": 120,
  "tp": 15,
  "tn": 88,
  "fp": 12,
  "fn": 5,
  "accuracy": 0.8583333333333333,
  "balanced_accuracy": 0.7508960573476703,
  "f1": 0.6382978723404256,
  "recall": 0.75,
  "precision": 0.5555555555555556,
  "specificity": 0.946236559139785,
  "err": 0
}