{
  "prevalence": 0.02804878048780488,
  "n": 1640,
  "tp": 11,
  "tn": 1594,
  "fp": 0,
  "fn": 35,
  "accuracy": 0.9786585365853658,
  "balanced_accuracy": 0.9892572130141191,
  "f1": 0.3859649122807018,
  "recall": 0.2391304347826087,
  "precision": 1.0,
  "specificity": 0.9785144260282382,
  "err": 1
}