{
  "prevalence": 0.16666666666666666,
  "n": 120,
  "tp": 14,
  "tn": 99,
  "fp": 1,
  "fn": 6,
  "accuracy": 0.9416666666666667,
  "balanced_accuracy": 0.9380952380952381,
  "f1": 0.8,
  "recall": 0.7,
  "precision": 0.9333333333333333,
  "specificity": 0.9428571428571428,
  "err": 0
}