{
  "prevalence": 0.16666666666666666,
  "all_n": {
    "name": "all_n",
    "population": [
      120,
      120,
      120
    ],
    "size": 3,
    "total": 360,
    "min": 120,
    "q1": 120,
    "median": 120,
    "q3": 120,
    "max": 120,
    "mean": 120.0,
    "sd": 0.0
  },
  "all_tp": {
    "name": "all_tp",
    "population": [
      2,
      2,
      3
    ],
    "size": 3,
    "total": 7,
    "min": 2,
    "q1": 2,
    "median": 2,
    "q3": 3,
    "max": 3,
    "mean": 2.3333333333333335,
    "sd": 0.4714045207910317
  },
  "all_tn": {
    "name": "all_tn",
    "population": [
      100,
      100,
      100
    ],
    "size": 3,
    "total": 300,
    "min": 100,
    "q1": 100,
    "median": 100,
    "q3": 100,
    "max": 100,
    "mean": 100.0,
    "sd": 0.0
  },
  "all_fp": {
    "name": "all_fp",
    "population": [
      0,
      0,
      0
    ],
    "size": 3,
    "total": 0,
    "min": 0,
    "q1": 0,
    "median": 0,
    "q3": 0,
    "max": 0,
    "mean": 0.0,
    "sd": 0.0
  },
  "all_fn": {
    "name": "all_fn",
    "population": [
      18,
      18,
      17
    ],
    "size": 3,
    "total": 53,
    "min": 17,
    "q1": 17,
    "median": 18,
    "q3": 18,
    "max": 18,
    "mean": 17.666666666666668,
    "sd": 0.4714045207910317
  },
  "all_accuracy": {
    "name": "all_accuracy",
    "population": [
      0.85,
      0.85,
      0.8583333333333333
    ],
    "size": 3,
    "total": 2.558333333333333,
    "min": 0.85,
    "q1": 0.85,
    "median": 0.85,
    "q3": 0.8583333333333333,
    "max": 0.8583333333333333,
    "mean": 0.8527777777777777,
    "sd": 0.003928371006591917
  },
  "all_balanced_accuracy": {
    "name": "all_balanced_accuracy",
    "population": [
      0.923728813559322,
      0.923728813559322,
      0.9273504273504274
    ],
    "size": 3,
    "total": 2.774808054469071,
    "min": 0.923728813559322,
    "q1": 0.923728813559322,
    "median": 0.923728813559322,
    "q3": 0.9273504273504274,
    "max": 0.9273504273504274,
    "mean": 0.9249360181563571,
    "sd": 0.001707245113686219
  },
  "all_f1": {
    "name": "all_f1",
    "population": [
      0.18181818181818182,
      0.18181818181818182,
      0.2608695652173913
    ],
    "size": 3,
    "total": 0.6245059288537549,
    "min": 0.18181818181818182,
    "q1": 0.18181818181818182,
    "median": 0.18181818181818182,
    "q3": 0.2608695652173913,
    "max": 0.2608695652173913,
    "mean": 0.20816864295125162,
    "sd": 0.03726517950917246
  },
  "all_recall": {
    "name": "all_recall",
    "population": [
      0.1,
      0.1,
      0.15
    ],
    "size": 3,
    "total": 0.35,
    "min": 0.1,
    "q1": 0.1,
    "median": 0.1,
    "q3": 0.15,
    "max": 0.15,
    "mean": 0.11666666666666665,
    "sd": 0.02357022603955158
  },
  "all_precision": {
    "name": "all_precision",
    "population": [
      1.0,
      1.0,
      1.0
    ],
    "size": 3,
    "total": 3.0,
    "min": 1.0,
    "q1": 1.0,
    "median": 1.0,
    "q3": 1.0,
    "max": 1.0,
    "mean": 1.0,
    "sd": 0.0
  },
  "all_specificity": {
    "name": "all_specificity",
    "population": [
      0.847457627118644,
      0.847457627118644,
      0.8547008547008547
    ],
    "size": 3,
    "total": 2.549616108938143,
    "min": 0.847457627118644,
    "q1": 0.847457627118644,
    "median": 0.847457627118644,
    "q3": 0.8547008547008547,
    "max": 0.8547008547008547,
    "mean": 0.8498720363127142,
    "sd": 0.0034144902273723857
  },
  "frequency_table": {
    "true": {
      "4.2": {},
      "4.2.1": {
        "HSP/AG/IAC/BV-02-I": 3,
        "HSP/HS/IAC/BV-02-I": 3
      },
      "4.2.2": {},
      "4.3": {},
      "4.5": {},
      "4.6.1": {
        "HSP/AG/ACT/BV-01-I": 1
      },
      "4.6.2": {},
      "4.7": {}
    },
    "false": {
      "4.2": {},
      "4.2.1": {},
      "4.2.2": {},
      "4.3": {},
      "4.5": {},
      "4.6.1": {},
      "4.6.2": {},
      "4.7": {}
    }
  },
  "all_err": {
    "name": "all_err",
    "population": [
      0,
      0,
      0
    ],
    "size": 3,
    "total": 0,
    "min": 0,
    "q1": 0,
    "median": 0,
    "q3": 0,
    "max": 0,
    "mean": 0.0,
    "sd": 0.0
  }
}