{
  "prevalence": 0.16666666666666666,
  "all_n": {
    "name": "all_n",
    "population": [
      120,
      120,
      120,
      120,
      120
    ],
    "size": 5,
    "total": 600,
    "min": 120,
    "q1": 120.0,
    "median": 120,
    "q3": 120.0,
    "max": 120,
    "mean": 120.0,
    "sd": 0.0
  },
  "all_tp": {
    "name": "all_tp",
    "population": [
      11,
      11,
      12,
      13,
      12
    ],
    "size": 5,
    "total": 59,
    "min": 11,
    "q1": 11.0,
    "median": 12,
    "q3": 12.5,
    "max": 13,
    "mean": 11.8,
    "sd": 0.7483314773547883
  },
  "all_tn": {
    "name": "all_tn",
    "population": [
      96,
      96,
      97,
      97,
      99
    ],
    "size": 5,
    "total": 485,
    "min": 96,
    "q1": 96.0,
    "median": 97,
    "q3": 98.0,
    "max": 99,
    "mean": 97.0,
    "sd": 1.0954451150103321
  },
  "all_fp": {
    "name": "all_fp",
    "population": [
      4,
      4,
      3,
      3,
      1
    ],
    "size": 5,
    "total": 15,
    "min": 1,
    "q1": 2.0,
    "median": 3,
    "q3": 4.0,
    "max": 4,
    "mean": 3.0,
    "sd": 1.0954451150103321
  },
  "all_fn": {
    "name": "all_fn",
    "population": [
      9,
      9,
      8,
      7,
      8
    ],
    "size": 5,
    "total": 41,
    "min": 7,
    "q1": 7.5,
    "median": 8,
    "q3": 9.0,
    "max": 9,
    "mean": 8.2,
    "sd": 0.7483314773547883
  },
  "all_accuracy": {
    "name": "all_accuracy",
    "population": [
      0.8916666666666667,
      0.8916666666666667,
      0.9083333333333333,
      0.9166666666666666,
      0.925
    ],
    "size": 5,
    "total": 4.533333333333333,
    "min": 0.8916666666666667,
    "q1": 0.8916666666666667,
    "median": 0.9083333333333333,
    "q3": 0.9208333333333334,
    "max": 0.925,
    "mean": 0.9066666666666666,
    "sd": 0.013333333333333317
  },
  "all_balanced_accuracy": {
    "name": "all_balanced_accuracy",
    "population": [
      0.8238095238095238,
      0.8238095238095238,
      0.861904761904762,
      0.8725961538461539,
      0.9241552839683681
    ],
    "size": 5,
    "total": 4.3062752473383314,
    "min": 0.8238095238095238,
    "q1": 0.8238095238095238,
    "median": 0.861904761904762,
    "q3": 0.898375718907261,
    "max": 0.9241552839683681,
    "mean": 0.8612550494676663,
    "sd": 0.03712092956445774
  },
  "all_f1": {
    "name": "all_f1",
    "population": [
      0.6285714285714286,
      0.6285714285714286,
      0.6857142857142857,
      0.7222222222222223,
      0.7272727272727274
    ],
    "size": 5,
    "total": 3.392352092352093,
    "min": 0.6285714285714286,
    "q1": 0.6285714285714286,
    "median": 0.6857142857142857,
    "q3": 0.7247474747474749,
    "max": 0.7272727272727274,
    "mean": 0.6784704184704186,
    "sd": 0.04319300330955939
  },
  "all_recall": {
    "name": "all_recall",
    "population": [
      0.55,
      0.55,
      0.6,
      0.65,
      0.6
    ],
    "size": 5,
    "total": 2.95,
    "min": 0.55,
    "q1": 0.55,
    "median": 0.6,
    "q3": 0.625,
    "max": 0.65,
    "mean": 0.5900000000000001,
    "sd": 0.037416573867739396
  },
  "all_precision": {
    "name": "all_precision",
    "population": [
      0.7333333333333333,
      0.7333333333333333,
      0.8,
      0.8125,
      0.9230769230769231
    ],
    "size": 5,
    "total": 4.00224358974359,
    "min": 0.7333333333333333,
    "q1": 0.7333333333333333,
    "median": 0.8,
    "q3": 0.8677884615384616,
    "max": 0.9230769230769231,
    "mean": 0.800448717948718,
    "sd": 0.06955869628448229
  },
  "all_specificity": {
    "name": "all_specificity",
    "population": [
      0.9142857142857143,
      0.9142857142857143,
      0.9238095238095239,
      0.9326923076923077,
      0.9252336448598131
    ],
    "size": 5,
    "total": 4.610306904933073,
    "min": 0.9142857142857143,
    "q1": 0.9142857142857143,
    "median": 0.9238095238095239,
    "q3": 0.9289629762760604,
    "max": 0.9326923076923077,
    "mean": 0.9220613809866146,
    "sd": 0.0070293363743569575
  },
  "frequency_table": {
    "true": {
      "4.2": {
        "HSP/AG/IAC/BV-01-I": 5,
        "HSP/HS/IAC/BV-01-I": 5,
        "HSP/AG/OAC/BV-01-I": 5,
        "HSP/HS/OAC/BV-01-I": 5,
        "HSP/AG/IAC/BV-02-I": 5,
        "HSP/HS/IAC/BV-02-I": 5
      },
      "4.2.1": {
        "HSP/AG/IAC/BV-02-I": 5,
        "HSP/HS/IAC/BV-02-I": 5
      },
      "4.2.2": {},
      "4.3": {},
      "4.5": {
        "HSP/AG/ACR/BV-01-I": 4,
        "HSP/HS/ACR/BV-01-I": 5
      },
      "4.6.1": {
        "HSP/AG/ACT/BV-01-I": 5
      },
      "4.6.2": {
        "HSP/AG/ACT/BV-02-I": 2
      },
      "4.7": {
        "HSP/AG/RAV/BV-02-I": 3
      }
    },
    "false": {
      "4.2": {},
      "4.2.1": {},
      "4.2.2": {
        "HSP/AG/IAC/BV-02-I": 4,
        "HSP/HS/IAC/BV-02-I": 4
      },
      "4.3": {
        "HSP/HS/ACR/BV-01-I": 4
      },
      "4.5": {},
      "4.6.1": {},
      "4.6.2": {
        "HSP/AG/ACT/BV-01-I": 3
      },
      "4.7": {}
    }
  },
  "all_err": {
    "name": "all_err",
    "population": [
      0,
      0,
      0,
      0,
      0
    ],
    "size": 5,
    "total": 0,
    "min": 0,
    "q1": 0.0,
    "median": 0,
    "q3": 0.0,
    "max": 0,
    "mean": 0.0,
    "sd": 0.0
  }
}
