{
  "prevalence": 0.16666666666666666,
  "all_n": {
    "name": "all_n",
    "population": [
      120,
      120,
      120,
      120,
      120
    ],
    "size": 5,
    "total": 600,
    "min": 120,
    "q1": 120.0,
    "median": 120,
    "q3": 120.0,
    "max": 120,
    "mean": 120.0,
    "sd": 0.0
  },
  "all_tp": {
    "name": "all_tp",
    "population": [
      2,
      0,
      1,
      1,
      2
    ],
    "size": 5,
    "total": 6,
    "min": 0,
    "q1": 0.5,
    "median": 1,
    "q3": 2.0,
    "max": 2,
    "mean": 1.2,
    "sd": 0.7483314773547883
  },
  "all_tn": {
    "name": "all_tn",
    "population": [
      100,
      100,
      100,
      99,
      100
    ],
    "size": 5,
    "total": 499,
    "min": 99,
    "q1": 99.5,
    "median": 100,
    "q3": 100.0,
    "max": 100,
    "mean": 99.8,
    "sd": 0.4
  },
  "all_fp": {
    "name": "all_fp",
    "population": [
      0,
      0,
      0,
      1,
      0
    ],
    "size": 5,
    "total": 1,
    "min": 0,
    "q1": 0.0,
    "median": 0,
    "q3": 0.5,
    "max": 1,
    "mean": 0.2,
    "sd": 0.4
  },
  "all_fn": {
    "name": "all_fn",
    "population": [
      18,
      20,
      19,
      19,
      18
    ],
    "size": 5,
    "total": 94,
    "min": 18,
    "q1": 18.0,
    "median": 19,
    "q3": 19.5,
    "max": 20,
    "mean": 18.8,
    "sd": 0.7483314773547882
  },
  "all_accuracy": {
    "name": "all_accuracy",
    "population": [
      0.85,
      0.8333333333333334,
      0.8416666666666667,
      0.8333333333333334,
      0.85
    ],
    "size": 5,
    "total": 4.208333333333333,
    "min": 0.8333333333333334,
    "q1": 0.8333333333333334,
    "median": 0.8416666666666667,
    "q3": 0.85,
    "max": 0.85,
    "mean": 0.8416666666666666,
    "sd": 0.007453559924999272
  },
  "all_balanced_accuracy": {
    "name": "all_balanced_accuracy",
    "population": [
      0.923728813559322,
      0.4166666666666667,
      0.9201680672268908,
      0.6694915254237288,
      0.923728813559322
    ],
    "size": 5,
    "total": 3.853783886435931,
    "min": 0.4166666666666667,
    "q1": 0.5430790960451978,
    "median": 0.9201680672268908,
    "q3": 0.923728813559322,
    "max": 0.923728813559322,
    "mean": 0.7707567772871862,
    "sd": 0.2023655499328653
  },
  "all_f1": {
    "name": "all_f1",
    "population": [
      0.18181818181818182,
      0.0,
      0.09523809523809523,
      0.09090909090909091,
      0.18181818181818182
    ],
    "size": 5,
    "total": 0.5497835497835497,
    "min": 0.0,
    "q1": 0.045454545454545456,
    "median": 0.09523809523809523,
    "q3": 0.18181818181818182,
    "max": 0.18181818181818182,
    "mean": 0.10995670995670995,
    "sd": 0.06782045377512085
  },
  "all_recall": {
    "name": "all_recall",
    "population": [
      0.1,
      0.0,
      0.05,
      0.05,
      0.1
    ],
    "size": 5,
    "total": 0.30000000000000004,
    "min": 0.0,
    "q1": 0.025,
    "median": 0.05,
    "q3": 0.1,
    "max": 0.1,
    "mean": 0.06000000000000001,
    "sd": 0.03741657386773942
  },
  "all_precision": {
    "name": "all_precision",
    "population": [
      1.0,
      0.0,
      1.0,
      0.5,
      1.0
    ],
    "size": 5,
    "total": 3.5,
    "min": 0.0,
    "q1": 0.25,
    "median": 1.0,
    "q3": 1.0,
    "max": 1.0,
    "mean": 0.7,
    "sd": 0.4
  },
  "all_specificity": {
    "name": "all_specificity",
    "population": [
      0.847457627118644,
      0.8333333333333334,
      0.8403361344537815,
      0.8389830508474576,
      0.847457627118644
    ],
    "size": 5,
    "total": 4.207567772871861,
    "min": 0.8333333333333334,
    "q1": 0.8361581920903955,
    "median": 0.8403361344537815,
    "q3": 0.847457627118644,
    "max": 0.847457627118644,
    "mean": 0.8415135545743722,
    "sd": 0.005392027144363715
  },
  "frequency_table": {
    "true": {
      "4.2": {},
      "4.2.1": {
        "HSP/AG/IAC/BV-02-I": 2,
        "HSP/HS/IAC/BV-02-I": 2
      },
      "4.2.2": {},
      "4.3": {},
      "4.5": {},
      "4.6.1": {
        "HSP/AG/ACT/BV-01-I": 2
      },
      "4.6.2": {},
      "4.7": {}
    },
    "false": {
      "4.2": {},
      "4.2.1": {},
      "4.2.2": {},
      "4.3": {},
      "4.5": {},
      "4.6.1": {},
      "4.6.2": {
        "HSP/AG/ACT/BV-01-I": 1
      },
      "4.7": {}
    }
  },
  "all_err": {
    "name": "all_err",
    "population": [
      0,
      0,
      0,
      0,
      0
    ],
    "size": 5,
    "total": 0,
    "min": 0,
    "q1": 0.0,
    "median": 0,
    "q3": 0.0,
    "max": 0,
    "mean": 0.0,
    "sd": 0.0
  }
}
