{
  "prevalence": 0.16666666666666666,
  "all_n": {
    "name": "all_n",
    "population": [
      120,
      120,
      120,
      120,
      120
    ],
    "size": 5,
    "total": 600,
    "min": 120,
    "q1": 120.0,
    "median": 120,
    "q3": 120.0,
    "max": 120,
    "mean": 120.0,
    "sd": 0.0
  },
  "all_tp": {
    "name": "all_tp",
    "population": [
      6,
      6,
      6,
      6,
      6
    ],
    "size": 5,
    "total": 30,
    "min": 6,
    "q1": 6.0,
    "median": 6,
    "q3": 6.0,
    "max": 6,
    "mean": 6.0,
    "sd": 0.0
  },
  "all_tn": {
    "name": "all_tn",
    "population": [
      100,
      100,
      100,
      100,
      100
    ],
    "size": 5,
    "total": 500,
    "min": 100,
    "q1": 100.0,
    "median": 100,
    "q3": 100.0,
    "max": 100,
    "mean": 100.0,
    "sd": 0.0
  },
  "all_fp": {
    "name": "all_fp",
    "population": [
      0,
      0,
      0,
      0,
      0
    ],
    "size": 5,
    "total": 0,
    "min": 0,
    "q1": 0.0,
    "median": 0,
    "q3": 0.0,
    "max": 0,
    "mean": 0.0,
    "sd": 0.0
  },
  "all_fn": {
    "name": "all_fn",
    "population": [
      14,
      14,
      14,
      14,
      14
    ],
    "size": 5,
    "total": 70,
    "min": 14,
    "q1": 14.0,
    "median": 14,
    "q3": 14.0,
    "max": 14,
    "mean": 14.0,
    "sd": 0.0
  },
  "all_accuracy": {
    "name": "all_accuracy",
    "population": [
      0.8833333333333333,
      0.8833333333333333,
      0.8833333333333333,
      0.8833333333333333,
      0.8833333333333333
    ],
    "size": 5,
    "total": 4.416666666666666,
    "min": 0.8833333333333333,
    "q1": 0.8833333333333333,
    "median": 0.8833333333333333,
    "q3": 0.8833333333333333,
    "max": 0.8833333333333333,
    "mean": 0.8833333333333332,
    "sd": 1.1102230246251565e-16
  },
  "all_balanced_accuracy": {
    "name": "all_balanced_accuracy",
    "population": [
      0.9385964912280702,
      0.9385964912280702,
      0.9385964912280702,
      0.9385964912280702,
      0.9385964912280702
    ],
    "size": 5,
    "total": 4.692982456140351,
    "min": 0.9385964912280702,
    "q1": 0.9385964912280702,
    "median": 0.9385964912280702,
    "q3": 0.9385964912280702,
    "max": 0.9385964912280702,
    "mean": 0.9385964912280702,
    "sd": 0.0
  },
  "all_f1": {
    "name": "all_f1",
    "population": [
      0.4615384615384615,
      0.4615384615384615,
      0.4615384615384615,
      0.4615384615384615,
      0.4615384615384615
    ],
    "size": 5,
    "total": 2.3076923076923075,
    "min": 0.4615384615384615,
    "q1": 0.4615384615384615,
    "median": 0.4615384615384615,
    "q3": 0.4615384615384615,
    "max": 0.4615384615384615,
    "mean": 0.4615384615384615,
    "sd": 0.0
  },
  "all_recall": {
    "name": "all_recall",
    "population": [
      0.3,
      0.3,
      0.3,
      0.3,
      0.3
    ],
    "size": 5,
    "total": 1.5,
    "min": 0.3,
    "q1": 0.3,
    "median": 0.3,
    "q3": 0.3,
    "max": 0.3,
    "mean": 0.3,
    "sd": 0.0
  },
  "all_precision": {
    "name": "all_precision",
    "population": [
      1.0,
      1.0,
      1.0,
      1.0,
      1.0
    ],
    "size": 5,
    "total": 5.0,
    "min": 1.0,
    "q1": 1.0,
    "median": 1.0,
    "q3": 1.0,
    "max": 1.0,
    "mean": 1.0,
    "sd": 0.0
  },
  "all_specificity": {
    "name": "all_specificity",
    "population": [
      0.8771929824561403,
      0.8771929824561403,
      0.8771929824561403,
      0.8771929824561403,
      0.8771929824561403
    ],
    "size": 5,
    "total": 4.385964912280701,
    "min": 0.8771929824561403,
    "q1": 0.8771929824561403,
    "median": 0.8771929824561403,
    "q3": 0.8771929824561403,
    "max": 0.8771929824561403,
    "mean": 0.8771929824561402,
    "sd": 1.1102230246251565e-16
  },
  "frequency_table": {
    "true": {
      "4.2": {
        "HSP/AG/IAC/BV-01-I": 5,
        "HSP/HS/IAC/BV-01-I": 5,
        "HSP/AG/OAC/BV-01-I": 5,
        "HSP/HS/OAC/BV-01-I": 5,
        "HSP/AG/IAC/BV-02-I": 5,
        "HSP/HS/IAC/BV-02-I": 5
      },
      "4.2.1": {},
      "4.2.2": {},
      "4.3": {},
      "4.5": {},
      "4.6.1": {},
      "4.6.2": {},
      "4.7": {}
    },
    "false": {
      "4.2": {},
      "4.2.1": {},
      "4.2.2": {},
      "4.3": {},
      "4.5": {},
      "4.6.1": {},
      "4.6.2": {},
      "4.7": {}
    }
  },
  "all_err": {
    "name": "all_err",
    "population": [
      0,
      0,
      0,
      0,
      0
    ],
    "size": 5,
    "total": 0,
    "min": 0,
    "q1": 0.0,
    "median": 0,
    "q3": 0.0,
    "max": 0,
    "mean": 0.0,
    "sd": 0.0
  }
}
