{
  "prevalence": 0.16666666666666666,
  "all_n": {
    "name": "all_n",
    "population": [
      120,
      120,
      120,
      120,
      120
    ],
    "size": 5,
    "total": 600,
    "min": 120,
    "q1": 120.0,
    "median": 120,
    "q3": 120.0,
    "max": 120,
    "mean": 120.0,
    "sd": 0.0
  },
  "all_tp": {
    "name": "all_tp",
    "population": [
      0,
      0,
      3,
      0,
      0
    ],
    "size": 5,
    "total": 3,
    "min": 0,
    "q1": 0.0,
    "median": 0,
    "q3": 1.5,
    "max": 3,
    "mean": 0.6,
    "sd": 1.2
  },
  "all_tn": {
    "name": "all_tn",
    "population": [
      100,
      100,
      100,
      100,
      100
    ],
    "size": 5,
    "total": 500,
    "min": 100,
    "q1": 100.0,
    "median": 100,
    "q3": 100.0,
    "max": 100,
    "mean": 100.0,
    "sd": 0.0
  },
  "all_fp": {
    "name": "all_fp",
    "population": [
      0,
      0,
      0,
      0,
      0
    ],
    "size": 5,
    "total": 0,
    "min": 0,
    "q1": 0.0,
    "median": 0,
    "q3": 0.0,
    "max": 0,
    "mean": 0.0,
    "sd": 0.0
  },
  "all_fn": {
    "name": "all_fn",
    "population": [
      20,
      20,
      17,
      20,
      20
    ],
    "size": 5,
    "total": 97,
    "min": 17,
    "q1": 18.5,
    "median": 20,
    "q3": 20.0,
    "max": 20,
    "mean": 19.4,
    "sd": 1.2000000000000002
  },
  "all_accuracy": {
    "name": "all_accuracy",
    "population": [
      0.8333333333333334,
      0.8333333333333334,
      0.8583333333333333,
      0.8333333333333334,
      0.8333333333333334
    ],
    "size": 5,
    "total": 4.191666666666666,
    "min": 0.8333333333333334,
    "q1": 0.8333333333333334,
    "median": 0.8333333333333334,
    "q3": 0.8458333333333333,
    "max": 0.8583333333333333,
    "mean": 0.8383333333333333,
    "sd": 0.009999999999999964
  },
  "all_balanced_accuracy": {
    "name": "all_balanced_accuracy",
    "population": [
      0.4166666666666667,
      0.4166666666666667,
      0.9273504273504274,
      0.4166666666666667,
      0.4166666666666667
    ],
    "size": 5,
    "total": 2.5940170940170937,
    "min": 0.4166666666666667,
    "q1": 0.4166666666666667,
    "median": 0.4166666666666667,
    "q3": 0.6720085470085471,
    "max": 0.9273504273504274,
    "mean": 0.5188034188034187,
    "sd": 0.2042735042735043
  },
  "all_f1": {
    "name": "all_f1",
    "population": [
      0.0,
      0.0,
      0.2608695652173913,
      0.0,
      0.0
    ],
    "size": 5,
    "total": 0.2608695652173913,
    "min": 0.0,
    "q1": 0.0,
    "median": 0.0,
    "q3": 0.13043478260869565,
    "max": 0.2608695652173913,
    "mean": 0.05217391304347826,
    "sd": 0.10434782608695652
  },
  "all_recall": {
    "name": "all_recall",
    "population": [
      0.0,
      0.0,
      0.15,
      0.0,
      0.0
    ],
    "size": 5,
    "total": 0.15,
    "min": 0.0,
    "q1": 0.0,
    "median": 0.0,
    "q3": 0.075,
    "max": 0.15,
    "mean": 0.03,
    "sd": 0.060000000000000005
  },
  "all_precision": {
    "name": "all_precision",
    "population": [
      0.0,
      0.0,
      1.0,
      0.0,
      0.0
    ],
    "size": 5,
    "total": 1.0,
    "min": 0.0,
    "q1": 0.0,
    "median": 0.0,
    "q3": 0.5,
    "max": 1.0,
    "mean": 0.2,
    "sd": 0.4000000000000001
  },
  "all_specificity": {
    "name": "all_specificity",
    "population": [
      0.8333333333333334,
      0.8333333333333334,
      0.8547008547008547,
      0.8333333333333334,
      0.8333333333333334
    ],
    "size": 5,
    "total": 4.188034188034188,
    "min": 0.8333333333333334,
    "q1": 0.8333333333333334,
    "median": 0.8333333333333334,
    "q3": 0.844017094017094,
    "max": 0.8547008547008547,
    "mean": 0.8376068376068376,
    "sd": 0.008547008547008517
  },
  "frequency_table": {
    "true": {
      "4.2": {},
      "4.2.1": {
        "HSP/AG/IAC/BV-02-I": 1,
        "HSP/HS/IAC/BV-02-I": 1
      },
      "4.2.2": {},
      "4.3": {},
      "4.5": {},
      "4.6.1": {
        "HSP/AG/ACT/BV-01-I": 1
      },
      "4.6.2": {},
      "4.7": {}
    },
    "false": {
      "4.2": {},
      "4.2.1": {},
      "4.2.2": {},
      "4.3": {},
      "4.5": {},
      "4.6.1": {},
      "4.6.2": {},
      "4.7": {}
    }
  },
  "all_err": {
    "name": "all_err",
    "population": [
      0,
      0,
      0,
      0,
      0
    ],
    "size": 5,
    "total": 0,
    "min": 0,
    "q1": 0.0,
    "median": 0,
    "q3": 0.0,
    "max": 0,
    "mean": 0.0,
    "sd": 0.0
  }
}
