{
  "prevalence": 0.16666666666666666,
  "all_n": {
    "name": "all_n",
    "population": [
      120,
      120,
      120,
      120,
      120
    ],
    "size": 5,
    "total": 600,
    "min": 120,
    "q1": 120.0,
    "median": 120,
    "q3": 120.0,
    "max": 120,
    "mean": 120.0,
    "sd": 0.0
  },
  "all_tp": {
    "name": "all_tp",
    "population": [
      0,
      1,
      3,
      1,
      1
    ],
    "size": 5,
    "total": 6,
    "min": 0,
    "q1": 0.5,
    "median": 1,
    "q3": 2.0,
    "max": 3,
    "mean": 1.2,
    "sd": 0.9797958971132713
  },
  "all_tn": {
    "name": "all_tn",
    "population": [
      100,
      100,
      100,
      100,
      100
    ],
    "size": 5,
    "total": 500,
    "min": 100,
    "q1": 100.0,
    "median": 100,
    "q3": 100.0,
    "max": 100,
    "mean": 100.0,
    "sd": 0.0
  },
  "all_fp": {
    "name": "all_fp",
    "population": [
      0,
      0,
      0,
      0,
      0
    ],
    "size": 5,
    "total": 0,
    "min": 0,
    "q1": 0.0,
    "median": 0,
    "q3": 0.0,
    "max": 0,
    "mean": 0.0,
    "sd": 0.0
  },
  "all_fn": {
    "name": "all_fn",
    "population": [
      20,
      19,
      17,
      19,
      19
    ],
    "size": 5,
    "total": 94,
    "min": 17,
    "q1": 18.0,
    "median": 19,
    "q3": 19.5,
    "max": 20,
    "mean": 18.8,
    "sd": 0.9797958971132713
  },
  "all_accuracy": {
    "name": "all_accuracy",
    "population": [
      0.8333333333333334,
      0.8416666666666667,
      0.8583333333333333,
      0.8416666666666667,
      0.8416666666666667
    ],
    "size": 5,
    "total": 4.216666666666667,
    "min": 0.8333333333333334,
    "q1": 0.8375,
    "median": 0.8416666666666667,
    "q3": 0.85,
    "max": 0.8583333333333333,
    "mean": 0.8433333333333334,
    "sd": 0.008164965809277232
  },
  "all_balanced_accuracy": {
    "name": "all_balanced_accuracy",
    "population": [
      0.4166666666666667,
      0.9201680672268908,
      0.9273504273504274,
      0.9201680672268908,
      0.9201680672268908
    ],
    "size": 5,
    "total": 4.104521295697767,
    "min": 0.4166666666666667,
    "q1": 0.6684173669467788,
    "median": 0.9201680672268908,
    "q3": 0.9237592472886591,
    "max": 0.9273504273504274,
    "mean": 0.8209042591395533,
    "sd": 0.20213793740070296
  },
  "all_f1": {
    "name": "all_f1",
    "population": [
      0.0,
      0.09523809523809523,
      0.2608695652173913,
      0.09523809523809523,
      0.09523809523809523
    ],
    "size": 5,
    "total": 0.5465838509316769,
    "min": 0.0,
    "q1": 0.047619047619047616,
    "median": 0.09523809523809523,
    "q3": 0.17805383022774326,
    "max": 0.2608695652173913,
    "mean": 0.10931677018633539,
    "sd": 0.08427696386390758
  },
  "all_recall": {
    "name": "all_recall",
    "population": [
      0.0,
      0.05,
      0.15,
      0.05,
      0.05
    ],
    "size": 5,
    "total": 0.3,
    "min": 0.0,
    "q1": 0.025,
    "median": 0.05,
    "q3": 0.1,
    "max": 0.15,
    "mean": 0.06,
    "sd": 0.04898979485566356
  },
  "all_precision": {
    "name": "all_precision",
    "population": [
      0.0,
      1.0,
      1.0,
      1.0,
      1.0
    ],
    "size": 5,
    "total": 4.0,
    "min": 0.0,
    "q1": 0.5,
    "median": 1.0,
    "q3": 1.0,
    "max": 1.0,
    "mean": 0.8,
    "sd": 0.4000000000000001
  },
  "all_specificity": {
    "name": "all_specificity",
    "population": [
      0.8333333333333334,
      0.8403361344537815,
      0.8547008547008547,
      0.8403361344537815,
      0.8403361344537815
    ],
    "size": 5,
    "total": 4.209042591395533,
    "min": 0.8333333333333334,
    "q1": 0.8368347338935574,
    "median": 0.8403361344537815,
    "q3": 0.8475184945773181,
    "max": 0.8547008547008547,
    "mean": 0.8418085182791065,
    "sd": 0.0069934947009893346
  },
  "frequency_table": {
    "true": {
      "4.2": {},
      "4.2.1": {
        "HSP/AG/IAC/BV-02-I": 1,
        "HSP/HS/IAC/BV-02-I": 1
      },
      "4.2.2": {},
      "4.3": {},
      "4.5": {},
      "4.6.1": {},
      "4.6.2": {},
      "4.7": {
        "HSP/AG/RAV/BV-02-I": 4
      }
    },
    "false": {
      "4.2": {},
      "4.2.1": {},
      "4.2.2": {},
      "4.3": {},
      "4.5": {},
      "4.6.1": {},
      "4.6.2": {},
      "4.7": {}
    }
  },
  "all_err": {
    "name": "all_err",
    "population": [
      0,
      0,
      0,
      0,
      0
    ],
    "size": 5,
    "total": 0,
    "min": 0,
    "q1": 0.0,
    "median": 0,
    "q3": 0.0,
    "max": 0,
    "mean": 0.0,
    "sd": 0.0
  }
}
