{
  "prevalence": 0.16666666666666666,
  "all_n": {
    "name": "all_n",
    "population": [
      120,
      120,
      120,
      120,
      120
    ],
    "size": 5,
    "total": 600,
    "min": 120,
    "q1": 120.0,
    "median": 120,
    "q3": 120.0,
    "max": 120,
    "mean": 120.0,
    "sd": 0.0
  },
  "all_tp": {
    "name": "all_tp",
    "population": [
      0,
      0,
      0,
      0,
      0
    ],
    "size": 5,
    "total": 0,
    "min": 0,
    "q1": 0.0,
    "median": 0,
    "q3": 0.0,
    "max": 0,
    "mean": 0.0,
    "sd": 0.0
  },
  "all_tn": {
    "name": "all_tn",
    "population": [
      100,
      100,
      100,
      100,
      100
    ],
    "size": 5,
    "total": 500,
    "min": 100,
    "q1": 100.0,
    "median": 100,
    "q3": 100.0,
    "max": 100,
    "mean": 100.0,
    "sd": 0.0
  },
  "all_fp": {
    "name": "all_fp",
    "population": [
      0,
      0,
      0,
      0,
      0
    ],
    "size": 5,
    "total": 0,
    "min": 0,
    "q1": 0.0,
    "median": 0,
    "q3": 0.0,
    "max": 0,
    "mean": 0.0,
    "sd": 0.0
  },
  "all_fn": {
    "name": "all_fn",
    "population": [
      20,
      20,
      20,
      20,
      20
    ],
    "size": 5,
    "total": 100,
    "min": 20,
    "q1": 20.0,
    "median": 20,
    "q3": 20.0,
    "max": 20,
    "mean": 20.0,
    "sd": 0.0
  },
  "all_accuracy": {
    "name": "all_accuracy",
    "population": [
      0.8333333333333334,
      0.8333333333333334,
      0.8333333333333334,
      0.8333333333333334,
      0.8333333333333334
    ],
    "size": 5,
    "total": 4.166666666666667,
    "min": 0.8333333333333334,
    "q1": 0.8333333333333334,
    "median": 0.8333333333333334,
    "q3": 0.8333333333333334,
    "max": 0.8333333333333334,
    "mean": 0.8333333333333334,
    "sd": 0.0
  },
  "all_balanced_accuracy": {
    "name": "all_balanced_accuracy",
    "population": [
      0.4166666666666667,
      0.4166666666666667,
      0.4166666666666667,
      0.4166666666666667,
      0.4166666666666667
    ],
    "size": 5,
    "total": 2.0833333333333335,
    "min": 0.4166666666666667,
    "q1": 0.4166666666666667,
    "median": 0.4166666666666667,
    "q3": 0.4166666666666667,
    "max": 0.4166666666666667,
    "mean": 0.4166666666666667,
    "sd": 0.0
  },
  "all_f1": {
    "name": "all_f1",
    "population": [
      0.0,
      0.0,
      0.0,
      0.0,
      0.0
    ],
    "size": 5,
    "total": 0.0,
    "min": 0.0,
    "q1": 0.0,
    "median": 0.0,
    "q3": 0.0,
    "max": 0.0,
    "mean": 0.0,
    "sd": 0.0
  },
  "all_recall": {
    "name": "all_recall",
    "population": [
      0.0,
      0.0,
      0.0,
      0.0,
      0.0
    ],
    "size": 5,
    "total": 0.0,
    "min": 0.0,
    "q1": 0.0,
    "median": 0.0,
    "q3": 0.0,
    "max": 0.0,
    "mean": 0.0,
    "sd": 0.0
  },
  "all_precision": {
    "name": "all_precision",
    "population": [
      0.0,
      0.0,
      0.0,
      0.0,
      0.0
    ],
    "size": 5,
    "total": 0.0,
    "min": 0.0,
    "q1": 0.0,
    "median": 0.0,
    "q3": 0.0,
    "max": 0.0,
    "mean": 0.0,
    "sd": 0.0
  },
  "all_specificity": {
    "name": "all_specificity",
    "population": [
      0.8333333333333334,
      0.8333333333333334,
      0.8333333333333334,
      0.8333333333333334,
      0.8333333333333334
    ],
    "size": 5,
    "total": 4.166666666666667,
    "min": 0.8333333333333334,
    "q1": 0.8333333333333334,
    "median": 0.8333333333333334,
    "q3": 0.8333333333333334,
    "max": 0.8333333333333334,
    "mean": 0.8333333333333334,
    "sd": 0.0
  },
  "frequency_table": {
    "true": {
      "4.2": {},
      "4.2.1": {},
      "4.2.2": {},
      "4.3": {},
      "4.5": {},
      "4.6.1": {},
      "4.6.2": {},
      "4.7": {}
    },
    "false": {
      "4.2": {},
      "4.2.1": {},
      "4.2.2": {},
      "4.3": {},
      "4.5": {},
      "4.6.1": {},
      "4.6.2": {},
      "4.7": {}
    }
  },
  "all_err": {
    "name": "all_err",
    "population": [
      0,
      0,
      0,
      0,
      0
    ],
    "size": 5,
    "total": 0,
    "min": 0,
    "q1": 0.0,
    "median": 0,
    "q3": 0.0,
    "max": 0,
    "mean": 0.0,
    "sd": 0.0
  }
}
