{
  "prevalence": 0.16666666666666666,
  "n": 120,
  "tp": 11,
  "tn": 92,
  "fp": 8,
  "fn": 9,
  "accuracy": 0.8583333333333333,
  "balanced_accuracy": 0.7449192287649817,
  "f1": 0.5641025641025641,
  "recall": 0.55,
  "precision": 0.5789473684210527,
  "specificity": 0.9108910891089109,
  "err": 0
}