{
  "prevalence": 0.16666666666666666,
  "n": 120,
  "tp": 7,
  "tn": 98,
  "fp": 2,
  "fn": 13,
  "accuracy": 0.875,
  "balanced_accuracy": 0.8303303303303303,
  "f1": 0.48275862068965514,
  "recall": 0.35,
  "precision": 0.7777777777777778,
  "specificity": 0.8828828828828829,
  "err": 0
}