{
  "prevalence": 0.16666666666666666,
  "n": 120,
  "tp": 18,
  "tn": 94,
  "fp": 6,
  "fn": 2,
  "accuracy": 0.9333333333333333,
  "balanced_accuracy": 0.8645833333333333,
  "f1": 0.8181818181818182,
  "recall": 0.9,
  "precision": 0.75,
  "specificity": 0.9791666666666666,
  "err": 0
}