{
  "prevalence": 0.16666666666666666,
  "n": 120,
  "tp": 16,
  "tn": 89,
  "fp": 11,
  "fn": 4,
  "accuracy": 0.875,
  "balanced_accuracy": 0.7747909199522103,
  "f1": 0.6808510638297872,
  "recall": 0.8,
  "precision": 0.5925925925925926,
  "specificity": 0.956989247311828,
  "err": 0
}