{
  "prevalence": 0.02804878048780488,
  "n": 1640,
  "tp": 19,
  "tn": 1552,
  "fp": 42,
  "fn": 27,
  "accuracy": 0.9579268292682926,
  "balanced_accuracy": 0.6471879899085331,
  "f1": 0.3551401869158879,
  "recall": 0.41304347826086957,
  "precision": 0.3114754098360656,
  "specificity": 0.9829005699810006,
  "err": 18
}