{
  "prevalence": 0.16666666666666666,
  "all_n": {
    "name": "all_n",
    "population": [
      120,
      120,
      120,
      120,
      120,
      120,
      120,
      120,
      120,
      120,
      120,
      120,
      120,
      120,
      120,
      120,
      120,
      120,
      120,
      120,
      120,
      120,
      120,
      120,
      120,
      120,
      120,
      120,
      120,
      120
    ],
    "size": 30,
    "total": 3600,
    "min": 120,
    "q1": 120,
    "median": 120.0,
    "q3": 120,
    "max": 120,
    "mean": 120.0,
    "sd": 0.0
  },
  "all_tp": {
    "name": "all_tp",
    "population": [
      6,
      6,
      6,
      6,
      6,
      6,
      6,
      6,
      6,
      6,
      6,
      6,
      6,
      6,
      6,
      6,
      6,
      6,
      6,
      6,
      6,
      6,
      6,
      6,
      6,
      6,
      6,
      3,
      6,
      3
    ],
    "size": 30,
    "total": 174,
    "min": 3,
    "q1": 6,
    "median": 6.0,
    "q3": 6,
    "max": 6,
    "mean": 5.8,
    "sd": 0.7483314773547883
  },
  "all_tn": {
    "name": "all_tn",
    "population": [
      100,
      100,
      100,
      100,
      100,
      100,
      100,
      100,
      100,
      100,
      100,
      100,
      100,
      100,
      100,
      100,
      100,
      100,
      100,
      100,
      100,
      100,
      100,
      100,
      100,
      100,
      100,
      100,
      100,
      100
    ],
    "size": 30,
    "total": 3000,
    "min": 100,
    "q1": 100,
    "median": 100.0,
    "q3": 100,
    "max": 100,
    "mean": 100.0,
    "sd": 0.0
  },
  "all_fp": {
    "name": "all_fp",
    "population": [
      0,
      0,
      0,
      0,
      0,
      0,
      0,
      0,
      0,
      0,
      0,
      0,
      0,
      0,
      0,
      0,
      0,
      0,
      0,
      0,
      0,
      0,
      0,
      0,
      0,
      0,
      0,
      0,
      0,
      0
    ],
    "size": 30,
    "total": 0,
    "min": 0,
    "q1": 0,
    "median": 0.0,
    "q3": 0,
    "max": 0,
    "mean": 0.0,
    "sd": 0.0
  },
  "all_fn": {
    "name": "all_fn",
    "population": [
      14,
      14,
      14,
      14,
      14,
      14,
      14,
      14,
      14,
      14,
      14,
      14,
      14,
      14,
      14,
      14,
      14,
      14,
      14,
      14,
      14,
      14,
      14,
      14,
      14,
      14,
      14,
      17,
      14,
      17
    ],
    "size": 30,
    "total": 426,
    "min": 14,
    "q1": 14,
    "median": 14.0,
    "q3": 14,
    "max": 17,
    "mean": 14.2,
    "sd": 0.7483314773547883
  },
  "all_accuracy": {
    "name": "all_accuracy",
    "population": [
      0.8833333333333333,
      0.8833333333333333,
      0.8833333333333333,
      0.8833333333333333,
      0.8833333333333333,
      0.8833333333333333,
      0.8833333333333333,
      0.8833333333333333,
      0.8833333333333333,
      0.8833333333333333,
      0.8833333333333333,
      0.8833333333333333,
      0.8833333333333333,
      0.8833333333333333,
      0.8833333333333333,
      0.8833333333333333,
      0.8833333333333333,
      0.8833333333333333,
      0.8833333333333333,
      0.8833333333333333,
      0.8833333333333333,
      0.8833333333333333,
      0.8833333333333333,
      0.8833333333333333,
      0.8833333333333333,
      0.8833333333333333,
      0.8833333333333333,
      0.8583333333333333,
      0.8833333333333333,
      0.8583333333333333
    ],
    "size": 30,
    "total": 26.449999999999992,
    "min": 0.8583333333333333,
    "q1": 0.8833333333333333,
    "median": 0.8833333333333333,
    "q3": 0.8833333333333333,
    "max": 0.8833333333333333,
    "mean": 0.8816666666666664,
    "sd": 0.006236095644623242
  },
  "all_balanced_accuracy": {
    "name": "all_balanced_accuracy",
    "population": [
      0.9385964912280702,
      0.9385964912280702,
      0.9385964912280702,
      0.9385964912280702,
      0.9385964912280702,
      0.9385964912280702,
      0.9385964912280702,
      0.9385964912280702,
      0.9385964912280702,
      0.9385964912280702,
      0.9385964912280702,
      0.9385964912280702,
      0.9385964912280702,
      0.9385964912280702,
      0.9385964912280702,
      0.9385964912280702,
      0.9385964912280702,
      0.9385964912280702,
      0.9385964912280702,
      0.9385964912280702,
      0.9385964912280702,
      0.9385964912280702,
      0.9385964912280702,
      0.9385964912280702,
      0.9385964912280702,
      0.9385964912280702,
      0.9385964912280702,
      0.9273504273504274,
      0.9385964912280702,
      0.9273504273504274
    ],
    "size": 30,
    "total": 28.135402609086803,
    "min": 0.9273504273504274,
    "q1": 0.9385964912280702,
    "median": 0.9385964912280702,
    "q3": 0.9385964912280702,
    "max": 0.9385964912280702,
    "mean": 0.9378467536362268,
    "sd": 0.0028052611986609235
  },
  "all_f1": {
    "name": "all_f1",
    "population": [
      0.4615384615384615,
      0.4615384615384615,
      0.4615384615384615,
      0.4615384615384615,
      0.4615384615384615,
      0.4615384615384615,
      0.4615384615384615,
      0.4615384615384615,
      0.4615384615384615,
      0.4615384615384615,
      0.4615384615384615,
      0.4615384615384615,
      0.4615384615384615,
      0.4615384615384615,
      0.4615384615384615,
      0.4615384615384615,
      0.4615384615384615,
      0.4615384615384615,
      0.4615384615384615,
      0.4615384615384615,
      0.4615384615384615,
      0.4615384615384615,
      0.4615384615384615,
      0.4615384615384615,
      0.4615384615384615,
      0.4615384615384615,
      0.4615384615384615,
      0.2608695652173913,
      0.4615384615384615,
      0.2608695652173913
    ],
    "size": 30,
    "total": 13.444816053511706,
    "min": 0.2608695652173913,
    "q1": 0.4615384615384615,
    "median": 0.4615384615384615,
    "q3": 0.4615384615384615,
    "max": 0.4615384615384615,
    "mean": 0.4481605351170569,
    "sd": 0.050055617214367104
  },
  "all_recall": {
    "name": "all_recall",
    "population": [
      0.3,
      0.3,
      0.3,
      0.3,
      0.3,
      0.3,
      0.3,
      0.3,
      0.3,
      0.3,
      0.3,
      0.3,
      0.3,
      0.3,
      0.3,
      0.3,
      0.3,
      0.3,
      0.3,
      0.3,
      0.3,
      0.3,
      0.3,
      0.3,
      0.3,
      0.3,
      0.3,
      0.15,
      0.3,
      0.15
    ],
    "size": 30,
    "total": 8.7,
    "min": 0.15,
    "q1": 0.3,
    "median": 0.3,
    "q3": 0.3,
    "max": 0.3,
    "mean": 0.29,
    "sd": 0.03741657386773941
  },
  "all_precision": {
    "name": "all_precision",
    "population": [
      1.0,
      1.0,
      1.0,
      1.0,
      1.0,
      1.0,
      1.0,
      1.0,
      1.0,
      1.0,
      1.0,
      1.0,
      1.0,
      1.0,
      1.0,
      1.0,
      1.0,
      1.0,
      1.0,
      1.0,
      1.0,
      1.0,
      1.0,
      1.0,
      1.0,
      1.0,
      1.0,
      1.0,
      1.0,
      1.0
    ],
    "size": 30,
    "total": 30.0,
    "min": 1.0,
    "q1": 1.0,
    "median": 1.0,
    "q3": 1.0,
    "max": 1.0,
    "mean": 1.0,
    "sd": 0.0
  },
  "all_specificity": {
    "name": "all_specificity",
    "population": [
      0.8771929824561403,
      0.8771929824561403,
      0.8771929824561403,
      0.8771929824561403,
      0.8771929824561403,
      0.8771929824561403,
      0.8771929824561403,
      0.8771929824561403,
      0.8771929824561403,
      0.8771929824561403,
      0.8771929824561403,
      0.8771929824561403,
      0.8771929824561403,
      0.8771929824561403,
      0.8771929824561403,
      0.8771929824561403,
      0.8771929824561403,
      0.8771929824561403,
      0.8771929824561403,
      0.8771929824561403,
      0.8771929824561403,
      0.8771929824561403,
      0.8771929824561403,
      0.8771929824561403,
      0.8771929824561403,
      0.8771929824561403,
      0.8771929824561403,
      0.8547008547008547,
      0.8771929824561403,
      0.8547008547008547
    ],