{
  "prevalence": 0.16666666666666666,
  "all_n": {
    "name": "all_n",
    "population": [
      120,
      120,
      120,
      120,
      120,
      120,
      120,
      120,
      120,
      120,
      120,
      120,
      120,
      120,
      120,
      120,
      120,
      120,
      120,
      120,
      120,
      120,
      120,
      120,
      120,
      120,
      120,
      120,
      120,
      120
    ],
    "size": 30,
    "total": 3600,
    "min": 120,
    "q1": 120,
    "median": 120.0,
    "q3": 120,
    "max": 120,
    "mean": 120.0,
    "sd": 0.0
  },
  "all_tp": {
    "name": "all_tp",
    "population": [
      8,
      8,
      8,
      8,
      7,
      8,
      8,
      8,
      10,
      8,
      8,
      9,
      9,
      8,
      8,
      8,
      9,
      7,
      8,
      8,
      7,
      9,
      8,
      8,
      8,
      8,
      9,
      8,
      9,
      9
    ],
    "size": 30,
    "total": 246,
    "min": 7,
    "q1": 8,
    "median": 8.0,
    "q3": 9,
    "max": 10,
    "mean": 8.2,
    "sd": 0.6531972647421808
  },
  "all_tn": {
    "name": "all_tn",
    "population": [
      99,
      99,
      99,
      99,
      99,
      99,
      99,
      99,
      99,
      99,
      99,
      99,
      99,
      99,
      99,
      99,
      99,
      99,
      99,
      99,
      99,
      98,
      99,
      98,
      99,
      99,
      99,
      99,
      99,
      99
    ],
    "size": 30,
    "total": 2968,
    "min": 98,
    "q1": 99,
    "median": 99.0,
    "q3": 99,
    "max": 99,
    "mean": 98.93333333333334,
    "sd": 0.24944382578492946
  },
  "all_fp": {
    "name": "all_fp",
    "population": [
      1,
      1,
      1,
      1,
      1,
      1,
      1,
      1,
      1,
      1,
      1,
      1,
      1,
      1,
      1,
      1,
      1,
      1,
      1,
      1,
      1,
      2,
      1,
      2,
      1,
      1,
      1,
      1,
      1,
      1
    ],
    "size": 30,
    "total": 32,
    "min": 1,
    "q1": 1,
    "median": 1.0,
    "q3": 1,
    "max": 2,
    "mean": 1.0666666666666667,
    "sd": 0.24944382578492943
  },
  "all_fn": {
    "name": "all_fn",
    "population": [
      12,
      12,
      12,
      12,
      13,
      12,
      12,
      12,
      10,
      12,
      12,
      11,
      11,
      12,
      12,
      12,
      11,
      13,
      12,
      12,
      13,
      11,
      12,
      12,
      12,
      12,
      11,
      12,
      11,
      11
    ],
    "size": 30,
    "total": 354,
    "min": 10,
    "q1": 11,
    "median": 12.0,
    "q3": 12,
    "max": 13,
    "mean": 11.8,
    "sd": 0.6531972647421808
  },
  "all_accuracy": {
    "name": "all_accuracy",
    "population": [
      0.8916666666666667,
      0.8916666666666667,
      0.8916666666666667,
      0.8916666666666667,
      0.8833333333333333,
      0.8916666666666667,
      0.8916666666666667,
      0.8916666666666667,
      0.9083333333333333,
      0.8916666666666667,
      0.8916666666666667,
      0.9,
      0.9,
      0.8916666666666667,
      0.8916666666666667,
      0.8916666666666667,
      0.9,
      0.8833333333333333,
      0.8916666666666667,
      0.8916666666666667,
      0.8833333333333333,
      0.8916666666666667,
      0.8916666666666667,
      0.8833333333333333,
      0.8916666666666667,
      0.8916666666666667,
      0.9,
      0.8916666666666667,
      0.9,
      0.9
    ],
    "size": 30,
    "total": 26.783333333333328,
    "min": 0.8833333333333333,
    "q1": 0.8916666666666667,
    "median": 0.8916666666666667,
    "q3": 0.8916666666666667,
    "max": 0.9083333333333333,
    "mean": 0.8927777777777776,
    "sd": 0.005583264233956055
  },
  "all_balanced_accuracy": {
    "name": "all_balanced_accuracy",
    "population": [
      0.8903903903903904,
      0.8903903903903904,
      0.8903903903903904,
      0.8903903903903904,
      0.8794642857142857,
      0.8903903903903904,
      0.8903903903903904,
      0.8903903903903904,
      0.908673894912427,
      0.8903903903903904,
      0.8903903903903904,
      0.9,
      0.9,
      0.8903903903903904,
      0.8903903903903904,
      0.8903903903903904,
      0.9,
      0.8794642857142857,
      0.8903903903903904,
      0.8903903903903904,
      0.8794642857142857,
      0.8586321934945789,
      0.8903903903903904,
      0.8454545454545455,
      0.8903903903903904,
      0.8903903903903904,
      0.9,
      0.8903903903903904,
      0.9,
      0.9
    ],
    "size": 30,
    "total": 26.67818051803143,
    "min": 0.8454545454545455,
    "q1": 0.8903903903903904,
    "median": 0.8903903903903904,
    "q3": 0.8903903903903904,
    "max": 0.908673894912427,
    "mean": 0.889272683934381,
    "sd": 0.011883922763407192
  },
  "all_f1": {
    "name": "all_f1",
    "population": [
      0.5517241379310346,
      0.5517241379310346,
      0.5517241379310346,
      0.5517241379310346,
      0.4999999999999999,
      0.5517241379310346,
      0.5517241379310346,
      0.5517241379310346,
      0.6451612903225806,
      0.5517241379310346,
      0.5517241379310346,
      0.6,
      0.6,
      0.5517241379310346,
      0.5517241379310346,
      0.5517241379310346,
      0.6,
      0.4999999999999999,
      0.5517241379310346,
      0.5517241379310346,
      0.4999999999999999,
      0.5806451612903226,
      0.5517241379310346,
      0.5333333333333333,
      0.5517241379310346,
      0.5517241379310346,
      0.6,
      0.5517241379310346,
      0.6,
      0.6
    ],
    "size": 30,
    "total": 16.790174267704852,
    "min": 0.4999999999999999,
    "q1": 0.5517241379310346,
    "median": 0.5517241379310346,
    "q3": 0.5806451612903226,
    "max": 0.6451612903225806,
    "mean": 0.5596724755901618,
    "sd": 0.03163298862041122
  },
  "all_recall": {
    "name": "all_recall",
    "population": [
      0.4,
      0.4,
      0.4,
      0.4,
      0.35,
      0.4,
      0.4,
      0.4,
      0.5,
      0.4,
      0.4,
      0.45,
      0.45,
      0.4,
      0.4,
      0.4,
      0.45,
      0.35,
      0.4,
      0.4,
      0.35,
      0.45,
      0.4,
      0.4,
      0.4,
      0.4,
      0.45,
      0.4,
      0.45,
      0.45
    ],
    "size": 30,
    "total": 12.3,
    "min": 0.35,
    "q1": 0.4,
    "median": 0.4,
    "q3": 0.45,
    "max": 0.5,
    "mean": 0.41000000000000003,
    "sd": 0.03265986323710904
  },
  "all_precision": {
    "name": "all_precision",
    "population": [
      0.8888888888888888,
      0.8888888888888888,
      0.8888888888888888,
      0.8888888888888888,
      0.875,
      0.8888888888888888,
      0.8888888888888888,
      0.8888888888888888,
      0.9090909090909091,
      0.8888888888888888,
      0.8888888888888888,
      0.9,
      0.9,
      0.8888888888888888,
      0.8888888888888888,
      0.8888888888888888,
      0.9,
      0.875,
      0.8888888888888888,
      0.8888888888888888,
      0.875,
      0.8181818181818182,
      0.8888888888888888,
      0.8,
      0.8888888888888888,
      0.8888888888888888,
      0.9,
      0.8888888888888888,
      0.9,
      0.9
    ],
    "size": 30,
    "total": 26.55227272727273,
    "min": 0.8,
    "q1": 0.8888888888888888,
    "median": 0.8888888888888888,
    "q3": 0.8888888888888888,
    "max": 0.9090909090909091,
    "mean": 0.8850757575757576,
    "sd": 0.021750165798776273
  },
  "all_specificity": {
    "name": "all_specificity",