{
  "prevalence": 0.16666666666666666,
  "all_n": {
    "name": "all_n",
    "population": [
      120,
      120,
      120,
      120,
      120,
      120,
      120,
      120,
      120,
      120,
      120,
      120,
      120,
      120,
      120,
      120,
      120,
      120,
      120,
      120,
      120,
      120,
      120,
      120,
      120,
      120,
      120,
      120,
      120,
      120
    ],
    "size": 30,
    "total": 3600,
    "min": 120,
    "q1": 120,
    "median": 120.0,
    "q3": 120,
    "max": 120,
    "mean": 120.0,
    "sd": 0.0
  },
  "all_tp": {
    "name": "all_tp",
    "population": [
      18,
      17,
      17,
      17,
      18,
      18,
      18,
      18,
      18,
      17,
      18,
      17,
      18,
      17,
      18,
      17,
      17,
      17,
      18,
      18,
      18,
      17,
      18,
      18,
      18,
      17,
      18,
      18,
      17,
      17
    ],
    "size": 30,
    "total": 527,
    "min": 17,
    "q1": 17,
    "median": 18.0,
    "q3": 18,
    "max": 18,
    "mean": 17.566666666666666,
    "sd": 0.49553562491061676
  },
  "all_tn": {
    "name": "all_tn",
    "population": [
      94,
      95,
      95,
      95,
      94,
      95,
      95,
      94,
      95,
      95,
      95,
      95,
      95,
      95,
      95,
      95,
      95,
      95,
      95,
      94,
      95,
      95,
      94,
      95,
      95,
      95,
      95,
      95,
      95,
      95
    ],
    "size": 30,
    "total": 2845,
    "min": 94,
    "q1": 95,
    "median": 95.0,
    "q3": 95,
    "max": 95,
    "mean": 94.83333333333333,
    "sd": 0.372677996249965
  },
  "all_fp": {
    "name": "all_fp",
    "population": [
      6,
      5,
      5,
      5,
      6,
      5,
      5,
      6,
      5,
      5,
      5,
      5,
      5,
      5,
      5,
      5,
      5,
      5,
      5,
      6,
      5,
      5,
      6,
      5,
      5,
      5,
      5,
      5,
      5,
      5
    ],
    "size": 30,
    "total": 155,
    "min": 5,
    "q1": 5,
    "median": 5.0,
    "q3": 5,
    "max": 6,
    "mean": 5.166666666666667,
    "sd": 0.3726779962499648
  },
  "all_fn": {
    "name": "all_fn",
    "population": [
      2,
      3,
      3,
      3,
      2,
      2,
      2,
      2,
      2,
      3,
      2,
      3,
      2,
      3,
      2,
      3,
      3,
      3,
      2,
      2,
      2,
      3,
      2,
      2,
      2,
      3,
      2,
      2,
      3,
      3
    ],
    "size": 30,
    "total": 73,
    "min": 2,
    "q1": 2,
    "median": 2.0,
    "q3": 3,
    "max": 3,
    "mean": 2.433333333333333,
    "sd": 0.49553562491061703
  },
  "all_accuracy": {
    "name": "all_accuracy",
    "population": [
      0.9333333333333333,
      0.9333333333333333,
      0.9333333333333333,
      0.9333333333333333,
      0.9333333333333333,
      0.9416666666666667,
      0.9416666666666667,
      0.9333333333333333,
      0.9416666666666667,
      0.9333333333333333,
      0.9416666666666667,
      0.9333333333333333,
      0.9416666666666667,
      0.9333333333333333,
      0.9416666666666667,
      0.9333333333333333,
      0.9333333333333333,
      0.9333333333333333,
      0.9416666666666667,
      0.9333333333333333,
      0.9416666666666667,
      0.9333333333333333,
      0.9333333333333333,
      0.9416666666666667,
      0.9416666666666667,
      0.9333333333333333,
      0.9416666666666667,
      0.9416666666666667,
      0.9333333333333333,
      0.9333333333333333
    ],
    "size": 30,
    "total": 28.1,
    "min": 0.9333333333333333,
    "q1": 0.9333333333333333,
    "median": 0.9333333333333333,
    "q3": 0.9416666666666667,
    "max": 0.9416666666666667,
    "mean": 0.9366666666666668,
    "sd": 0.004082482904638616
  },
  "all_balanced_accuracy": {
    "name": "all_balanced_accuracy",
    "population": [
      0.8645833333333333,
      0.8710575139146568,
      0.8710575139146568,
      0.8710575139146568,
      0.8645833333333333,
      0.8809950694755715,
      0.8809950694755715,
      0.8645833333333333,
      0.8809950694755715,
      0.8710575139146568,
      0.8809950694755715,
      0.8710575139146568,
      0.8809950694755715,
      0.8710575139146568,
      0.8809950694755715,
      0.8710575139146568,
      0.8710575139146568,
      0.8710575139146568,
      0.8809950694755715,
      0.8645833333333333,
      0.8809950694755715,
      0.8710575139146568,
      0.8645833333333333,
      0.8809950694755715,
      0.8809950694755715,
      0.8710575139146568,
      0.8809950694755715,
      0.8809950694755715,
      0.8710575139146568,
      0.8710575139146568
    ],
    "size": 30,
    "total": 26.218605181264056,
    "min": 0.8645833333333333,
    "q1": 0.8710575139146568,
    "median": 0.8710575139146568,
    "q3": 0.8809950694755715,
    "max": 0.8809950694755715,
    "mean": 0.8739535060421352,
    "sd": 0.0061726063788337905
  },
  "all_f1": {
    "name": "all_f1",
    "population": [
      0.8181818181818182,
      0.8095238095238095,
      0.8095238095238095,
      0.8095238095238095,
      0.8181818181818182,
      0.8372093023255814,
      0.8372093023255814,
      0.8181818181818182,
      0.8372093023255814,
      0.8095238095238095,
      0.8372093023255814,
      0.8095238095238095,
      0.8372093023255814,
      0.8095238095238095,
      0.8372093023255814,
      0.8095238095238095,
      0.8095238095238095,
      0.8095238095238095,
      0.8372093023255814,
      0.8181818181818182,
      0.8372093023255814,
      0.8095238095238095,
      0.8181818181818182,
      0.8372093023255814,
      0.8372093023255814,
      0.8095238095238095,
      0.8372093023255814,
      0.8372093023255814,
      0.8095238095238095,
      0.8095238095238095
    ],
    "size": 30,
    "total": 24.6612302426256,
    "min": 0.8095238095238095,
    "q1": 0.8095238095238095,
    "median": 0.8181818181818182,
    "q3": 0.8372093023255814,
    "max": 0.8372093023255814,
    "mean": 0.82204100808752,
    "sd": 0.01274393439148453
  },
  "all_recall": {
    "name": "all_recall",
    "population": [
      0.9,
      0.85,
      0.85,
      0.85,
      0.9,
      0.9,
      0.9,
      0.9,
      0.9,
      0.85,
      0.9,
      0.85,
      0.9,
      0.85,
      0.9,
      0.85,
      0.85,
      0.85,
      0.9,
      0.9,
      0.9,
      0.85,
      0.9,
      0.9,
      0.9,
      0.85,
      0.9,
      0.9,
      0.85,
      0.85
    ],
    "size": 30,
    "total": 26.349999999999998,
    "min": 0.85,
    "q1": 0.85,
    "median": 0.9,
    "q3": 0.9,
    "max": 0.9,
    "mean": 0.8783333333333333,
    "sd": 0.024776781245530868
  },
  "all_precision": {
    "name": "all_precision",
    "population": [
      0.75,
      0.7727272727272727,
      0.7727272727272727,
      0.7727272727272727,
      0.75,
      0.782608695652174,
      0.782608695652174,
      0.75,
      0.782608695652174,
      0.7727272727272727,
      0.782608695652174,
      0.7727272727272727,
      0.782608695652174,
      0.7727272727272727,
      0.782608695652174,
      0.7727272727272727,
      0.7727272727272727,
      0.7727272727272727,
      0.782608695652174,
      0.75,
      0.782608695652174,
      0.7727272727272727,
      0.75,
      0.782608695652174,
      0.782608695652174,
      0.7727272727272727,
      0.782608695652174,
      0.782608695652174,
      0.7727272727272727,
      0.7727272727272727
    ],
    "size": 30,
    "total": 23.186758893280647,
    "min": 0.75,
    "q1": 0.7727272727272727,
    "median": 0.7727272727272727,
    "q3": 0.782608695652174,
    "max": 0.782608695652174,
    "mean": 0.7728919631093549,
    "sd": 0.01118561750447098
  },
  "all_specificity": {
    "name": "all_specificity",