{
  "prevalence": 0.16666666666666666,
  "all_n": {
    "name": "all_n",
    "population": [
      120,
      120,
      120,
      120,
      120,
      120,
      120,
      120,
      120,
      120,
      120,
      120,
      120,
      120,
      120,
      120,
      120,
      120,
      120,
      120,
      120,
      120,
      120,
      120,
      120,
      120,
      120,
      120,
      120,
      120
    ],
    "size": 30,
    "total": 3600,
    "min": 120,
    "q1": 120,
    "median": 120.0,
    "q3": 120,
    "max": 120,
    "mean": 120.0,
    "sd": 0.0
  },
  "all_tp": {
    "name": "all_tp",
    "population": [
      13,
      11,
      9,
      10,
      13,
      13,
      10,
      14,
      12,
      10,
      11,
      13,
      11,
      14,
      13,
      13,
      12,
      11,
      12,
      13,
      11,
      12,
      9,
      10,
      12,
      10,
      12,
      11,
      10,
      10
    ],
    "size": 30,
    "total": 345,
    "min": 9,
    "q1": 10,
    "median": 11.5,
    "q3": 13,
    "max": 14,
    "mean": 11.5,
    "sd": 1.408308678285174
  },
  "all_tn": {
    "name": "all_tn",
    "population": [
      98,
      98,
      97,
      98,
      97,
      98,
      97,
      99,
      99,
      98,
      98,
      97,
      98,
      98,
      97,
      98,
      98,
      97,
      97,
      98,
      97,
      98,
      97,
      98,
      98,
      98,
      98,
      98,
      98,
      97
    ],
    "size": 30,
    "total": 2932,
    "min": 97,
    "q1": 97,
    "median": 98.0,
    "q3": 98,
    "max": 99,
    "mean": 97.73333333333333,
    "sd": 0.5734883511361749
  },
  "all_fp": {
    "name": "all_fp",
    "population": [
      2,
      2,
      3,
      2,
      3,
      2,
      3,
      1,
      1,
      2,
      2,
      3,
      2,
      2,
      3,
      2,
      2,
      3,
      3,
      2,
      3,
      2,
      3,
      2,
      2,
      2,
      2,
      2,
      2,
      3
    ],
    "size": 30,
    "total": 68,
    "min": 1,
    "q1": 2,
    "median": 2.0,
    "q3": 3,
    "max": 3,
    "mean": 2.2666666666666666,
    "sd": 0.5734883511361752
  },
  "all_fn": {
    "name": "all_fn",
    "population": [
      7,
      9,
      11,
      10,
      7,
      7,
      10,
      6,
      8,
      10,
      9,
      7,
      9,
      6,
      7,
      7,
      8,
      9,
      8,
      7,
      9,
      8,
      11,
      10,
      8,
      10,
      8,
      9,
      10,
      10
    ],
    "size": 30,
    "total": 255,
    "min": 6,
    "q1": 7,
    "median": 8.5,
    "q3": 10,
    "max": 11,
    "mean": 8.5,
    "sd": 1.408308678285174
  },
  "all_accuracy": {
    "name": "all_accuracy",
    "population": [
      0.925,
      0.9083333333333333,
      0.8833333333333333,
      0.9,
      0.9166666666666666,
      0.925,
      0.8916666666666667,
      0.9416666666666667,
      0.925,
      0.9,
      0.9083333333333333,
      0.9166666666666666,
      0.9083333333333333,
      0.9333333333333333,
      0.9166666666666666,
      0.925,
      0.9166666666666666,
      0.9,
      0.9083333333333333,
      0.925,
      0.9,
      0.9166666666666666,
      0.8833333333333333,
      0.9,
      0.9166666666666666,
      0.9,
      0.9166666666666666,
      0.9083333333333333,
      0.9,
      0.8916666666666667
    ],
    "size": 30,
    "total": 27.308333333333334,
    "min": 0.8833333333333333,
    "q1": 0.9,
    "median": 0.9083333333333333,
    "q3": 0.9166666666666666,
    "max": 0.9416666666666667,
    "mean": 0.9102777777777777,
    "sd": 0.013891666388944431
  },
  "all_balanced_accuracy": {
    "name": "all_balanced_accuracy",
    "population": [
      0.9,
      0.8810208483105679,
      0.8240740740740741,
      0.8703703703703705,
      0.8725961538461539,
      0.9,
      0.8378864126527679,
      0.9380952380952381,
      0.9241552839683681,
      0.8703703703703705,
      0.8810208483105679,
      0.8725961538461539,
      0.8810208483105679,
      0.9086538461538461,
      0.8725961538461539,
      0.9,
      0.8908355795148248,
      0.8504043126684636,
      0.861904761904762,
      0.9,
      0.8504043126684636,
      0.8908355795148248,
      0.8240740740740741,
      0.8703703703703705,
      0.8908355795148248,
      0.8703703703703705,
      0.8908355795148248,
      0.8810208483105679,
      0.8703703703703705,
      0.8378864126527679
    ],
    "size": 30,
    "total": 26.314604753604705,
    "min": 0.8240740740740741,
    "q1": 0.8703703703703705,
    "median": 0.8768085010783608,
    "q3": 0.8908355795148248,
    "max": 0.9380952380952381,
    "mean": 0.8771534917868234,
    "sd": 0.026131967425666588
  },
  "all_f1": {
    "name": "all_f1",
    "population": [
      0.7428571428571429,
      0.6666666666666667,
      0.5625000000000001,
      0.625,
      0.7222222222222223,
      0.7428571428571429,
      0.6060606060606061,
      0.8,
      0.7272727272727274,
      0.625,
      0.6666666666666667,
      0.7222222222222223,
      0.6666666666666667,
      0.7777777777777777,
      0.7222222222222223,
      0.7428571428571429,
      0.7058823529411764,
      0.6470588235294117,
      0.6857142857142857,
      0.7428571428571429,
      0.6470588235294117,
      0.7058823529411764,
      0.5625000000000001,
      0.625,
      0.7058823529411764,
      0.625,
      0.7058823529411764,
      0.6666666666666667,
      0.625,
      0.6060606060606061
    ],
    "size": 30,
    "total": 20.375294966471436,
    "min": 0.5625000000000001,
    "q1": 0.625,
    "median": 0.6761904761904762,
    "q3": 0.7222222222222223,
    "max": 0.8,
    "mean": 0.6791764988823812,
    "sd": 0.05960767535679906
  },
  "all_recall": {
    "name": "all_recall",
    "population": [
      0.65,
      0.55,
      0.45,
      0.5,
      0.65,
      0.65,
      0.5,
      0.7,
      0.6,
      0.5,
      0.55,
      0.65,
      0.55,
      0.7,
      0.65,
      0.65,
      0.6,
      0.55,
      0.6,
      0.65,
      0.55,
      0.6,
      0.45,
      0.5,
      0.6,
      0.5,
      0.6,
      0.55,
      0.5,
      0.5
    ],
    "size": 30,
    "total": 17.25,
    "min": 0.45,
    "q1": 0.5,
    "median": 0.575,
    "q3": 0.65,
    "max": 0.7,
    "mean": 0.575,
    "sd": 0.0704154339142587
  },
  "all_precision": {
    "name": "all_precision",
    "population": [
      0.8666666666666667,
      0.8461538461538461,
      0.75,
      0.8333333333333334,
      0.8125,
      0.8666666666666667,
      0.7692307692307693,
      0.9333333333333333,
      0.9230769230769231,
      0.8333333333333334,
      0.8461538461538461,
      0.8125,
      0.8461538461538461,
      0.875,
      0.8125,
      0.8666666666666667,
      0.8571428571428571,
      0.7857142857142857,
      0.8,
      0.8666666666666667,
      0.7857142857142857,
      0.8571428571428571,
      0.75,
      0.8333333333333334,
      0.8571428571428571,
      0.8333333333333334,
      0.8571428571428571,
      0.8461538461538461,
      0.8333333333333334,
      0.7692307692307693
    ],
    "size": 30,
    "total": 25.025320512820514,
    "min": 0.75,
    "q1": 0.8125,
    "median": 0.8397435897435898,
    "q3": 0.8571428571428571,
    "max": 0.9333333333333333,
    "mean": 0.8341773504273504,
    "sd": 0.04327957200062197
  },
  "all_specificity": {
    "name": "all_specificity",