{
  "prevalence": 0.02804878048780488,
  "all_n": {
    "name": "all_n",
    "population": [
      1640,
      1640,
      1640,
      1640,
      1640,
      1640,
      1640,
      1640,
      1640,
      1640,
      1640,
      1640,
      1640,
      1640,
      1640,
      1640,
      1640,
      1640,
      1640,
      1640,
      1640,
      1640,
      1640,
      1640,
      1640,
      1640,
      1640,
      1640,
      1640,
      1640
    ],
    "size": 30,
    "total": 49200,
    "min": 1640,
    "q1": 1640,
    "median": 1640.0,
    "q3": 1640,
    "max": 1640,
    "mean": 1640.0,
    "sd": 0.0
  },
  "all_tp": {
    "name": "all_tp",
    "population": [
      38,
      35,
      35,
      37,
      36,
      38,
      35,
      35,
      39,
      38,
      36,
      38,
      35,
      35,
      38,
      36,
      36,
      35,
      38,
      37,
      38,
      37,
      37,
      41,
      37,
      36,
      38,
      38,
      36,
      37
    ],
    "size": 30,
    "total": 1105,
    "min": 35,
    "q1": 36,
    "median": 37.0,
    "q3": 38,
    "max": 41,
    "mean": 36.833333333333336,
    "sd": 1.439521525445946
  },
  "all_tn": {
    "name": "all_tn",
    "population": [
      1594,
      1593,
      1594,
      1594,
      1594,
      1594,
      1593,
      1594,
      1594,
      1594,
      1594,
      1594,
      1594,
      1594,
      1594,
      1594,
      1594,
      1594,
      1594,
      1594,
      1594,
      1594,
      1594,
      1594,
      1594,
      1594,
      1594,
      1594,
      1593,
      1594
    ],
    "size": 30,
    "total": 47817,
    "min": 1593,
    "q1": 1594,
    "median": 1594.0,
    "q3": 1594,
    "max": 1594,
    "mean": 1593.9,
    "sd": 0.30000000000000004
  },
  "all_fp": {
    "name": "all_fp",
    "population": [
      0,
      1,
      0,
      0,
      0,
      0,
      1,
      0,
      0,
      0,
      0,
      0,
      0,
      0,
      0,
      0,
      0,
      0,
      0,
      0,
      0,
      0,
      0,
      0,
      0,
      0,
      0,
      0,
      1,
      0
    ],
    "size": 30,
    "total": 3,
    "min": 0,
    "q1": 0,
    "median": 0.0,
    "q3": 0,
    "max": 1,
    "mean": 0.1,
    "sd": 0.30000000000000004
  },
  "all_fn": {
    "name": "all_fn",
    "population": [
      8,
      11,
      11,
      9,
      10,
      8,
      11,
      11,
      7,
      8,
      10,
      8,
      11,
      11,
      8,
      10,
      10,
      11,
      8,
      9,
      8,
      9,
      9,
      5,
      9,
      10,
      8,
      8,
      10,
      9
    ],
    "size": 30,
    "total": 275,
    "min": 5,
    "q1": 8,
    "median": 9.0,
    "q3": 10,
    "max": 11,
    "mean": 9.166666666666666,
    "sd": 1.4395215254459455
  },
  "all_accuracy": {
    "name": "all_accuracy",
    "population": [
      0.9951219512195122,
      0.9926829268292683,
      0.9932926829268293,
      0.9945121951219512,
      0.9939024390243902,
      0.9951219512195122,
      0.9926829268292683,
      0.9932926829268293,
      0.9957317073170732,
      0.9951219512195122,
      0.9939024390243902,
      0.9951219512195122,
      0.9932926829268293,
      0.9932926829268293,
      0.9951219512195122,
      0.9939024390243902,
      0.9939024390243902,
      0.9932926829268293,
      0.9951219512195122,
      0.9945121951219512,
      0.9951219512195122,
      0.9945121951219512,
      0.9945121951219512,
      0.9969512195121951,
      0.9945121951219512,
      0.9939024390243902,
      0.9951219512195122,
      0.9951219512195122,
      0.9932926829268293,
      0.9945121951219512
    ],
    "size": 30,
    "total": 29.830487804878057,
    "min": 0.9926829268292683,
    "q1": 0.9932926829268293,
    "median": 0.9945121951219512,
    "q3": 0.9951219512195122,
    "max": 0.9969512195121951,
    "mean": 0.9943495934959352,
    "sd": 0.0009567969346292545
  },
  "all_balanced_accuracy": {
    "name": "all_balanced_accuracy",
    "population": [
      0.9975031210986267,
      0.9826821834303131,
      0.9965732087227415,
      0.9971927635683094,
      0.9968827930174564,
      0.9975031210986267,
      0.9826821834303131,
      0.9965732087227415,
      0.9978138663335415,
      0.9975031210986267,
      0.9968827930174564,
      0.9975031210986267,
      0.9965732087227415,
      0.9965732087227415,
      0.9975031210986267,
      0.9968827930174564,
      0.9968827930174564,
      0.9965732087227415,
      0.9975031210986267,
      0.9971927635683094,
      0.9975031210986267,
      0.9971927635683094,
      0.9971927635683094,
      0.9984365228267666,
      0.9971927635683094,
      0.9968827930174564,
      0.9975031210986267,
      0.9975031210986267,
      0.9833673348957193,
      0.9971927635683094
    ],
    "size": 30,
    "total": 29.87294677091515,
    "min": 0.9826821834303131,
    "q1": 0.9965732087227415,
    "median": 0.9971927635683094,
    "q3": 0.9975031210986267,
    "max": 0.9984365228267666,
    "mean": 0.9957648923638384,
    "sd": 0.004306162700980451
  },
  "all_f1": {
    "name": "all_f1",
    "population": [
      0.9047619047619047,
      0.853658536585366,
      0.8641975308641976,
      0.891566265060241,
      0.878048780487805,
      0.9047619047619047,
      0.853658536585366,
      0.8641975308641976,
      0.9176470588235294,
      0.9047619047619047,
      0.878048780487805,
      0.9047619047619047,
      0.8641975308641976,
      0.8641975308641976,
      0.9047619047619047,
      0.878048780487805,
      0.878048780487805,
      0.8641975308641976,
      0.9047619047619047,
      0.891566265060241,
      0.9047619047619047,
      0.891566265060241,
      0.891566265060241,
      0.9425287356321839,
      0.891566265060241,
      0.878048780487805,
      0.9047619047619047,
      0.9047619047619047,
      0.8674698795180723,
      0.891566265060241
    ],
    "size": 30,
    "total": 26.638449037123127,
    "min": 0.853658536585366,
    "q1": 0.8674698795180723,
    "median": 0.891566265060241,
    "q3": 0.9047619047619047,
    "max": 0.9425287356321839,
    "mean": 0.8879483012374376,
    "sd": 0.020465656649939247
  },
  "all_recall": {
    "name": "all_recall",
    "population": [
      0.8260869565217391,
      0.7608695652173914,
      0.7608695652173914,
      0.8043478260869565,
      0.782608695652174,
      0.8260869565217391,
      0.7608695652173914,
      0.7608695652173914,
      0.8478260869565217,
      0.8260869565217391,
      0.782608695652174,
      0.8260869565217391,
      0.7608695652173914,
      0.7608695652173914,
      0.8260869565217391,
      0.782608695652174,
      0.782608695652174,
      0.7608695652173914,
      0.8260869565217391,
      0.8043478260869565,
      0.8260869565217391,
      0.8043478260869565,
      0.8043478260869565,
      0.8913043478260869,
      0.8043478260869565,
      0.782608695652174,
      0.8260869565217391,
      0.8260869565217391,
      0.782608695652174,
      0.8043478260869565
    ],
    "size": 30,
    "total": 24.02173913043478,
    "min": 0.7608695652173914,
    "q1": 0.782608695652174,
    "median": 0.8043478260869565,
    "q3": 0.8260869565217391,
    "max": 0.8913043478260869,
    "mean": 0.8007246376811594,
    "sd": 0.031293946205346625
  },
  "all_precision": {
    "name": "all_precision",
    "population": [
      1.0,
      0.9722222222222222,
      1.0,
      1.0,
      1.0,
      1.0,
      0.9722222222222222,
      1.0,
      1.0,
      1.0,
      1.0,
      1.0,
      1.0,
      1.0,
      1.0,
      1.0,
      1.0,
      1.0,
      1.0,
      1.0,
      1.0,
      1.0,
      1.0,
      1.0,
      1.0,
      1.0,
      1.0,
      1.0,
      0.972972972972973,
      1.0
    ],
    "size": 30,
    "total": 29.917417417417415,
    "min": 0.9722222222222222,
    "q1": 1.0,
    "median": 1.0,
    "q3": 1.0,
    "max": 1.0,
    "mean": 0.9972472472472471,
    "sd": 0.008259016557535212
  },
  "all_specificity": {
    "name": "all_specificity",