{
  "prevalence": 0.02804878048780488,
  "all_n": {
    "name": "all_n",
    "population": [
      1640,
      1640,
      1640,
      1640,
      1640,
      1640,
      1640,
      1640,
      1640,
      1640,
      1640,
      1640,
      1640,
      1640,
      1640,
      1640,
      1640,
      1640,
      1640,
      1640,
      1640,
      1640,
      1640,
      1640,
      1640,
      1640,
      1640,
      1640,
      1640,
      1640
    ],
    "size": 30,
    "total": 49200,
    "min": 1640,
    "q1": 1640,
    "median": 1640.0,
    "q3": 1640,
    "max": 1640,
    "mean": 1640.0,
    "sd": 0.0
  },
  "all_tp": {
    "name": "all_tp",
    "population": [
      46,
      46,
      46,
      46,
      46,
      46,
      46,
      46,
      46,
      46,
      46,
      46,
      46,
      46,
      46,
      46,
      46,
      46,
      46,
      46,
      46,
      46,
      46,
      46,
      46,
      46,
      46,
      46,
      46,
      46
    ],
    "size": 30,
    "total": 1380,
    "min": 46,
    "q1": 46,
    "median": 46.0,
    "q3": 46,
    "max": 46,
    "mean": 46.0,
    "sd": 0.0
  },
  "all_tn": {
    "name": "all_tn",
    "population": [
      1589,
      1589,
      1589,
      1588,
      1588,
      1589,
      1589,
      1589,
      1588,
      1588,
      1589,
      1589,
      1589,
      1588,
      1589,
      1589,
      1589,
      1589,
      1589,
      1588,
      1589,
      1589,
      1589,
      1589,
      1588,
      1589,
      1589,
      1589,
      1589,
      1589
    ],
    "size": 30,
    "total": 47663,
    "min": 1588,
    "q1": 1589,
    "median": 1589.0,
    "q3": 1589,
    "max": 1589,
    "mean": 1588.7666666666667,
    "sd": 0.4229525846816506
  },
  "all_fp": {
    "name": "all_fp",
    "population": [
      5,
      5,
      5,
      6,
      6,
      5,
      5,
      5,
      6,
      6,
      5,
      5,
      5,
      6,
      5,
      5,
      5,
      5,
      5,
      6,
      5,
      5,
      5,
      5,
      6,
      5,
      5,
      5,
      5,
      5
    ],
    "size": 30,
    "total": 157,
    "min": 5,
    "q1": 5,
    "median": 5.0,
    "q3": 5,
    "max": 6,
    "mean": 5.233333333333333,
    "sd": 0.4229525846816506
  },
  "all_fn": {
    "name": "all_fn",
    "population": [
      0,
      0,
      0,
      0,
      0,
      0,
      0,
      0,
      0,
      0,
      0,
      0,
      0,
      0,
      0,
      0,
      0,
      0,
      0,
      0,
      0,
      0,
      0,
      0,
      0,
      0,
      0,
      0,
      0,
      0
    ],
    "size": 30,
    "total": 0,
    "min": 0,
    "q1": 0,
    "median": 0.0,
    "q3": 0,
    "max": 0,
    "mean": 0.0,
    "sd": 0.0
  },
  "all_accuracy": {
    "name": "all_accuracy",
    "population": [
      0.9969512195121951,
      0.9969512195121951,
      0.9969512195121951,
      0.9963414634146341,
      0.9963414634146341,
      0.9969512195121951,
      0.9969512195121951,
      0.9969512195121951,
      0.9963414634146341,
      0.9963414634146341,
      0.9969512195121951,
      0.9969512195121951,
      0.9969512195121951,
      0.9963414634146341,
      0.9969512195121951,
      0.9969512195121951,
      0.9969512195121951,
      0.9969512195121951,
      0.9969512195121951,
      0.9963414634146341,
      0.9969512195121951,
      0.9969512195121951,
      0.9969512195121951,
      0.9969512195121951,
      0.9963414634146341,
      0.9969512195121951,
      0.9969512195121951,
      0.9969512195121951,
      0.9969512195121951,
      0.9969512195121951
    ],
    "size": 30,
    "total": 29.904268292682914,
    "min": 0.9963414634146341,
    "q1": 0.9969512195121951,
    "median": 0.9969512195121951,
    "q3": 0.9969512195121951,
    "max": 0.9969512195121951,
    "mean": 0.9968089430894305,
    "sd": 0.00025789791748881164
  },
  "all_balanced_accuracy": {
    "name": "all_balanced_accuracy",
    "population": [
      0.9509803921568627,
      0.9509803921568627,
      0.9509803921568627,
      0.9423076923076923,
      0.9423076923076923,
      0.9509803921568627,
      0.9509803921568627,
      0.9509803921568627,
      0.9423076923076923,
      0.9423076923076923,
      0.9509803921568627,
      0.9509803921568627,
      0.9509803921568627,
      0.9423076923076923,
      0.9509803921568627,
      0.9509803921568627,
      0.9509803921568627,
      0.9509803921568627,
      0.9509803921568627,
      0.9423076923076923,
      0.9509803921568627,
      0.9509803921568627,
      0.9509803921568627,
      0.9509803921568627,
      0.9423076923076923,
      0.9509803921568627,
      0.9509803921568627,
      0.9509803921568627,
      0.9509803921568627,
      0.9509803921568627
    ],
    "size": 30,
    "total": 28.468702865761674,
    "min": 0.9423076923076923,
    "q1": 0.9509803921568627,
    "median": 0.9509803921568627,
    "q3": 0.9509803921568627,
    "max": 0.9509803921568627,
    "mean": 0.9489567621920558,
    "sd": 0.003668140817374786
  },
  "all_f1": {
    "name": "all_f1",
    "population": [
      0.9484536082474228,
      0.9484536082474228,
      0.9484536082474228,
      0.9387755102040816,
      0.9387755102040816,
      0.9484536082474228,
      0.9484536082474228,
      0.9484536082474228,
      0.9387755102040816,
      0.9387755102040816,
      0.9484536082474228,
      0.9484536082474228,
      0.9484536082474228,
      0.9387755102040816,
      0.9484536082474228,
      0.9484536082474228,
      0.9484536082474228,
      0.9484536082474228,
      0.9484536082474228,
      0.9387755102040816,
      0.9484536082474228,
      0.9484536082474228,
      0.9484536082474228,
      0.9484536082474228,
      0.9387755102040816,
      0.9484536082474228,
      0.9484536082474228,
      0.9484536082474228,
      0.9484536082474228,
      0.9484536082474228
    ],
    "size": 30,
    "total": 28.385861561119295,
    "min": 0.9387755102040816,
    "q1": 0.9484536082474228,
    "median": 0.9484536082474228,
    "q3": 0.9484536082474228,
    "max": 0.9484536082474228,
    "mean": 0.9461953853706432,
    "sd": 0.004093376582233582
  },
  "all_recall": {
    "name": "all_recall",
    "population": [
      1.0,
      1.0,
      1.0,
      1.0,
      1.0,
      1.0,
      1.0,
      1.0,
      1.0,
      1.0,
      1.0,
      1.0,
      1.0,
      1.0,
      1.0,
      1.0,
      1.0,
      1.0,
      1.0,
      1.0,
      1.0,
      1.0,
      1.0,
      1.0,
      1.0,
      1.0,
      1.0,
      1.0,
      1.0,
      1.0
    ],
    "size": 30,
    "total": 30.0,
    "min": 1.0,
    "q1": 1.0,
    "median": 1.0,
    "q3": 1.0,
    "max": 1.0,
    "mean": 1.0,
    "sd": 0.0
  },
  "all_precision": {
    "name": "all_precision",
    "population": [
      0.9019607843137255,
      0.9019607843137255,
      0.9019607843137255,
      0.8846153846153846,
      0.8846153846153846,
      0.9019607843137255,
      0.9019607843137255,
      0.9019607843137255,
      0.8846153846153846,
      0.8846153846153846,
      0.9019607843137255,
      0.9019607843137255,
      0.9019607843137255,
      0.8846153846153846,
      0.9019607843137255,
      0.9019607843137255,
      0.9019607843137255,
      0.9019607843137255,
      0.9019607843137255,
      0.8846153846153846,
      0.9019607843137255,
      0.9019607843137255,
      0.9019607843137255,
      0.9019607843137255,
      0.8846153846153846,
      0.9019607843137255,
      0.9019607843137255,
      0.9019607843137255,
      0.9019607843137255,
      0.9019607843137255
    ],
    "size": 30,
    "total": 26.937405731523384,
    "min": 0.8846153846153846,
    "q1": 0.9019607843137255,
    "median": 0.9019607843137255,
    "q3": 0.9019607843137255,
    "max": 0.9019607843137255,
    "mean": 0.8979135243841128,
    "sd": 0.007336281634749616
  },
  "all_specificity": {
    "name": "all_specificity",