{
  "prevalence": 0.02804878048780488,
  "all_n": {
    "name": "all_n",
    "population": [
      1640,
      1640,
      1640,
      1640,
      1640,
      1640,
      1640,
      1640,
      1640,
      1640,
      1640,
      1640,
      1640,
      1640,
      1640,
      1640,
      1640,
      1640,
      1640,
      1640,
      1640,
      1640,
      1640,
      1640,
      1640,
      1640,
      1640,
      1640,
      1640,
      1640
    ],
    "size": 30,
    "total": 49200,
    "min": 1640,
    "q1": 1640,
    "median": 1640.0,
    "q3": 1640,
    "max": 1640,
    "mean": 1640.0,
    "sd": 0.0
  },
  "all_tp": {
    "name": "all_tp",
    "population": [
      44,
      45,
      45,
      44,
      44,
      44,
      45,
      44,
      45,
      45,
      44,
      45,
      45,
      45,
      44,
      45,
      44,
      45,
      44,
      44,
      44,
      44,
      44,
      44,
      44,
      44,
      45,
      44,
      44,
      44
    ],
    "size": 30,
    "total": 1331,
    "min": 44,
    "q1": 44,
    "median": 44.0,
    "q3": 45,
    "max": 45,
    "mean": 44.36666666666667,
    "sd": 0.48189440982669884
  },
  "all_tn": {
    "name": "all_tn",
    "population": [
      1594,
      1594,
      1594,
      1594,
      1594,
      1594,
      1594,
      1594,
      1594,
      1594,
      1594,
      1594,
      1594,
      1594,
      1594,
      1594,
      1594,
      1594,
      1594,
      1594,
      1594,
      1594,
      1594,
      1594,
      1594,
      1594,
      1594,
      1594,
      1594,
      1594
    ],
    "size": 30,
    "total": 47820,
    "min": 1594,
    "q1": 1594,
    "median": 1594.0,
    "q3": 1594,
    "max": 1594,
    "mean": 1594.0,
    "sd": 0.0
  },
  "all_fp": {
    "name": "all_fp",
    "population": [
      0,
      0,
      0,
      0,
      0,
      0,
      0,
      0,
      0,
      0,
      0,
      0,
      0,
      0,
      0,
      0,
      0,
      0,
      0,
      0,
      0,
      0,
      0,
      0,
      0,
      0,
      0,
      0,
      0,
      0
    ],
    "size": 30,
    "total": 0,
    "min": 0,
    "q1": 0,
    "median": 0.0,
    "q3": 0,
    "max": 0,
    "mean": 0.0,
    "sd": 0.0
  },
  "all_fn": {
    "name": "all_fn",
    "population": [
      2,
      1,
      1,
      2,
      2,
      2,
      1,
      2,
      1,
      1,
      2,
      1,
      1,
      1,
      2,
      1,
      2,
      1,
      2,
      2,
      2,
      2,
      2,
      2,
      2,
      2,
      1,
      2,
      2,
      2
    ],
    "size": 30,
    "total": 49,
    "min": 1,
    "q1": 1,
    "median": 2.0,
    "q3": 2,
    "max": 2,
    "mean": 1.6333333333333333,
    "sd": 0.4818944098266985
  },
  "all_accuracy": {
    "name": "all_accuracy",
    "population": [
      0.998780487804878,
      0.999390243902439,
      0.999390243902439,
      0.998780487804878,
      0.998780487804878,
      0.998780487804878,
      0.999390243902439,
      0.998780487804878,
      0.999390243902439,
      0.999390243902439,
      0.998780487804878,
      0.999390243902439,
      0.999390243902439,
      0.999390243902439,
      0.998780487804878,
      0.999390243902439,
      0.998780487804878,
      0.999390243902439,
      0.998780487804878,
      0.998780487804878,
      0.998780487804878,
      0.998780487804878,
      0.998780487804878,
      0.998780487804878,
      0.998780487804878,
      0.998780487804878,
      0.999390243902439,
      0.998780487804878,
      0.998780487804878,
      0.998780487804878
    ],
    "size": 30,
    "total": 29.97012195121953,
    "min": 0.998780487804878,
    "q1": 0.998780487804878,
    "median": 0.998780487804878,
    "q3": 0.999390243902439,
    "max": 0.999390243902439,
    "mean": 0.999004065040651,
    "sd": 0.00029383805477237754
  },
  "all_balanced_accuracy": {
    "name": "all_balanced_accuracy",
    "population": [
      0.9993734335839599,
      0.9996865203761756,
      0.9996865203761756,
      0.9993734335839599,
      0.9993734335839599,
      0.9993734335839599,
      0.9996865203761756,
      0.9993734335839599,
      0.9996865203761756,
      0.9996865203761756,
      0.9993734335839599,
      0.9996865203761756,
      0.9996865203761756,
      0.9996865203761756,
      0.9993734335839599,
      0.9996865203761756,
      0.9993734335839599,
      0.9996865203761756,
      0.9993734335839599,
      0.9993734335839599,
      0.9993734335839599,
      0.9993734335839599,
      0.9993734335839599,
      0.9993734335839599,
      0.9993734335839599,
      0.9993734335839599,
      0.9996865203761756,
      0.9993734335839599,
      0.9993734335839599,
      0.9993734335839599
    ],
    "size": 30,
    "total": 29.984646962233153,
    "min": 0.9993734335839599,
    "q1": 0.9993734335839599,
    "median": 0.9993734335839599,
    "q3": 0.9996865203761756,
    "max": 0.9996865203761756,
    "mean": 0.9994882320744385,
    "sd": 0.00015087477495929222
  },
  "all_f1": {
    "name": "all_f1",
    "population": [
      0.9777777777777777,
      0.989010989010989,
      0.989010989010989,
      0.9777777777777777,
      0.9777777777777777,
      0.9777777777777777,
      0.989010989010989,
      0.9777777777777777,
      0.989010989010989,
      0.989010989010989,
      0.9777777777777777,
      0.989010989010989,
      0.989010989010989,
      0.989010989010989,
      0.9777777777777777,
      0.989010989010989,
      0.9777777777777777,
      0.989010989010989,
      0.9777777777777777,
      0.9777777777777777,
      0.9777777777777777,
      0.9777777777777777,
      0.9777777777777777,
      0.9777777777777777,
      0.9777777777777777,
      0.9777777777777777,
      0.989010989010989,
      0.9777777777777777,
      0.9777777777777777,
      0.9777777777777777
    ],
    "size": 30,
    "total": 29.45689865689866,
    "min": 0.9777777777777777,
    "q1": 0.9777777777777777,
    "median": 0.9777777777777777,
    "q3": 0.989010989010989,
    "max": 0.989010989010989,
    "mean": 0.981896621896622,
    "sd": 0.005413221697687001
  },
  "all_recall": {
    "name": "all_recall",
    "population": [
      0.9565217391304348,
      0.9782608695652174,
      0.9782608695652174,
      0.9565217391304348,
      0.9565217391304348,
      0.9565217391304348,
      0.9782608695652174,
      0.9565217391304348,
      0.9782608695652174,
      0.9782608695652174,
      0.9565217391304348,
      0.9782608695652174,
      0.9782608695652174,
      0.9782608695652174,
      0.9565217391304348,
      0.9782608695652174,
      0.9565217391304348,
      0.9782608695652174,
      0.9565217391304348,
      0.9565217391304348,
      0.9565217391304348,
      0.9565217391304348,
      0.9565217391304348,
      0.9565217391304348,
      0.9565217391304348,
      0.9565217391304348,
      0.9782608695652174,
      0.9565217391304348,
      0.9565217391304348,
      0.9565217391304348
    ],
    "size": 30,
    "total": 28.93478260869564,
    "min": 0.9565217391304348,
    "q1": 0.9565217391304348,
    "median": 0.9565217391304348,
    "q3": 0.9782608695652174,
    "max": 0.9782608695652174,
    "mean": 0.9644927536231881,
    "sd": 0.010475965431015182
  },
  "all_precision": {
    "name": "all_precision",
    "population": [
      1.0,
      1.0,
      1.0,
      1.0,
      1.0,
      1.0,
      1.0,
      1.0,
      1.0,
      1.0,
      1.0,
      1.0,
      1.0,
      1.0,
      1.0,
      1.0,
      1.0,
      1.0,
      1.0,
      1.0,
      1.0,
      1.0,
      1.0,
      1.0,
      1.0,
      1.0,
      1.0,
      1.0,
      1.0,
      1.0
    ],
    "size": 30,
    "total": 30.0,
    "min": 1.0,
    "q1": 1.0,
    "median": 1.0,
    "q3": 1.0,
    "max": 1.0,
    "mean": 1.0,
    "sd": 0.0
  },
  "all_specificity": {
    "name": "all_specificity",