{
  "prevalence": 0.02804878048780488,
  "n": 1640,
  "tp": 40,
  "tn": 1590,
  "fp": 4,
  "fn": 6,
  "accuracy": 0.9939024390243902,
  "balanced_accuracy": 0.9526657552973342,
  "f1": 0.888888888888889,
  "recall": 0.8695652173913043,
  "precision": 0.9090909090909091,
  "specificity": 0.9962406015037594,
  "err": 2
}