{
  "prevalence": 0.02804878048780488,
  "n": 1640,
  "tp": 36,
  "tn": 1531,
  "fp": 63,
  "fn": 10,
  "accuracy": 0.9554878048780487,
  "balanced_accuracy": 0.6785735354846322,
  "f1": 0.496551724137931,
  "recall": 0.782608695652174,
  "precision": 0.36363636363636365,
  "specificity": 0.9935107073329007,
  "err": 5
}