{
  "prevalence": 0.02804878048780488,
  "n": 1640,
  "tp": 36,
  "tn": 1593,
  "fp": 1,
  "fn": 10,
  "accuracy": 0.9932926829268293,
  "balanced_accuracy": 0.9833673348957193,
  "f1": 0.8674698795180723,
  "recall": 0.782608695652174,
  "precision": 0.972972972972973,
  "specificity": 0.9937616968184654,
  "err": 0
}