{
  "prevalence": 0.16666666666666666,
  "n": 120,
  "tp": 15,
  "tn": 75,
  "fp": 25,
  "fn": 5,
  "accuracy": 0.75,
  "balanced_accuracy": 0.65625,
  "f1": 0.5,
  "recall": 0.75,
  "precision": 0.375,
  "specificity": 0.9375,
  "err": 0
}