{
  "prevalence": 0.02804878048780488,
  "n": 1640,
  "tp": 46,
  "tn": 1577,
  "fp": 17,
  "fn": 0,
  "accuracy": 0.9896341463414634,
  "balanced_accuracy": 0.8650793650793651,
  "f1": 0.8440366972477064,
  "recall": 1.0,
  "precision": 0.7301587301587301,
  "specificity": 1.0,
  "err": 0
}