{
  "prevalence": 0.16666666666666666,
  "n": 120,
  "tp": 12,
  "tn": 96,
  "fp": 4,
  "fn": 8,
  "accuracy": 0.9,
  "balanced_accuracy": 0.8365384615384616,
  "f1": 0.6666666666666665,
  "recall": 0.6,
  "precision": 0.75,
  "specificity": 0.9230769230769231,
  "err": 0
}