{
  "prevalence": 0.02804878048780488,
  "n": 1640,
  "tp": 37,
  "tn": 1594,
  "fp": 0,
  "fn": 9,
  "accuracy": 0.9945121951219512,
  "balanced_accuracy": 0.9971927635683094,
  "f1": 0.891566265060241,
  "recall": 0.8043478260869565,
  "precision": 1.0,
  "specificity": 0.9943855271366189,
  "err": 0
}