{
  "prevalence": 0.16666666666666666,
  "n": 120,
  "tp": 10,
  "tn": 99,
  "fp": 1,
  "fn": 10,
  "accuracy": 0.9083333333333333,
  "balanced_accuracy": 0.908673894912427,
  "f1": 0.6451612903225806,
  "recall": 0.5,
  "precision": 0.9090909090909091,
  "specificity": 0.908256880733945,
  "err": 0
}