{
  "prevalence": 0.02804878048780488,
  "n": 1640,
  "tp": 46,
  "tn": 1589,
  "fp": 5,
  "fn": 0,
  "accuracy": 0.9969512195121951,
  "balanced_accuracy": 0.9509803921568627,
  "f1": 0.9484536082474228,
  "recall": 1.0,
  "precision": 0.9019607843137255,
  "specificity": 1.0,
  "err": 0
}