{
  "prevalence": 0.02804878048780488,
  "n": 1640,
  "tp": 43,
  "tn": 1594,
  "fp": 0,
  "fn": 3,
  "accuracy": 0.9981707317073171,
  "balanced_accuracy": 0.9990607388854101,
  "f1": 0.9662921348314606,
  "recall": 0.9347826086956522,
  "precision": 1.0,
  "specificity": 0.9981214777708203,
  "err": 0
}