{
  "prevalence": 0.02804878048780488,
  "n": 1640,
  "tp": 44,
  "tn": 1551,
  "fp": 43,
  "fn": 2,
  "accuracy": 0.9725609756097561,
  "balanced_accuracy": 0.7522296482151712,
  "f1": 0.6616541353383459,
  "recall": 0.9565217391304348,
  "precision": 0.5057471264367817,
  "specificity": 0.9987121699935608,
  "err": 0
}