{
  "prevalence": 0.02804878048780488,
  "n": 1640,
  "tp": 38,
  "tn": 1584,
  "fp": 10,
  "fn": 8,
  "accuracy": 0.9890243902439024,
  "balanced_accuracy": 0.893320770519263,
  "f1": 0.8085106382978724,
  "recall": 0.8260869565217391,
  "precision": 0.7916666666666666,
  "specificity": 0.9949748743718593,
  "err": 0
}