{
  "prevalence": 0.02804878048780488,
  "n": 1640,
  "tp": 42,
  "tn": 1591,
  "fp": 3,
  "fn": 4,
  "accuracy": 0.9957317073170732,
  "balanced_accuracy": 0.9654127481713688,
  "f1": 0.9230769230769231,
  "recall": 0.9130434782608695,
  "precision": 0.9333333333333333,
  "specificity": 0.9974921630094044,
  "err": 1
}