{
  "prevalence": 0.02804878048780488,
  "n": 1640,
  "tp": 45,
  "tn": 1577,
  "fp": 17,
  "fn": 1,
  "accuracy": 0.9890243902439024,
  "balanced_accuracy": 0.8625863690257165,
  "f1": 0.8333333333333333,
  "recall": 0.9782608695652174,
  "precision": 0.7258064516129032,
  "specificity": 0.9993662864385298,
  "err": 1
}