{
  "prevalence": 0.02804878048780488,
  "n": 1640,
  "tp": 38,
  "tn": 1577,
  "fp": 17,
  "fn": 8,
  "accuracy": 0.9847560975609756,
  "balanced_accuracy": 0.8429308861485518,
  "f1": 0.7524752475247525,
  "recall": 0.8260869565217391,
  "precision": 0.6909090909090909,
  "specificity": 0.9949526813880126,
  "err": 0
}