{
  "prevalence": 0.16666666666666666,
  "n": 120,
  "tp": 17,
  "tn": 82,
  "fp": 18,
  "fn": 3,
  "accuracy": 0.825,
  "balanced_accuracy": 0.7252100840336134,
  "f1": 0.6181818181818183,
  "recall": 0.85,
  "precision": 0.4857142857142857,
  "specificity": 0.9647058823529412,
  "err": 0
}