{
  "prevalence": 0.16666666666666666,
  "n": 120,
  "tp": 14,
  "tn": 86,
  "fp": 14,
  "fn": 6,
  "accuracy": 0.8333333333333334,
  "balanced_accuracy": 0.7173913043478262,
  "f1": 0.5833333333333334,
  "recall": 0.7,
  "precision": 0.5,
  "specificity": 0.9347826086956522,
  "err": 1
}