{
  "prevalence": 0.02804878048780488,
  "n": 1640,
  "tp": 35,
  "tn": 1594,
  "fp": 0,
  "fn": 11,
  "accuracy": 0.9932926829268293,
  "balanced_accuracy": 0.9965732087227415,
  "f1": 0.8641975308641976,
  "recall": 0.7608695652173914,
  "precision": 1.0,
  "specificity": 0.9931464174454828,
  "err": 0
}