{
  "prevalence": 0.16666666666666666,
  "n": 120,
  "tp": 7,
  "tn": 97,
  "fp": 3,
  "fn": 13,
  "accuracy": 0.8666666666666667,
  "balanced_accuracy": 0.7909090909090909,
  "f1": 0.4666666666666667,
  "recall": 0.35,
  "precision": 0.7,
  "specificity": 0.8818181818181818,
  "err": 0
}