{
  "prevalence": 0.02804878048780488,
  "n": 1640,
  "tp": 43,
  "tn": 1562,
  "fp": 32,
  "fn": 3,
  "accuracy": 0.9786585365853658,
  "balanced_accuracy": 0.7857082002129925,
  "f1": 0.7107438016528925,
  "recall": 0.9347826086956522,
  "precision": 0.5733333333333334,
  "specificity": 0.9980830670926517,
  "err": 2
}