{
  "prevalence": 0.02804878048780488,
  "n": 1640,
  "tp": 43,
  "tn": 1572,
  "fp": 22,
  "fn": 3,
  "accuracy": 0.9847560975609756,
  "balanced_accuracy": 0.8298168498168499,
  "f1": 0.7747747747747747,
  "recall": 0.9347826086956522,
  "precision": 0.6615384615384615,
  "specificity": 0.9980952380952381,
  "err": 2
}