{
  "prevalence": 0.02804878048780488,
  "n": 1640,
  "tp": 43,
  "tn": 1568,
  "fp": 26,
  "fn": 3,
  "accuracy": 0.9823170731707317,
  "balanced_accuracy": 0.8106393970424082,
  "f1": 0.7478260869565218,
  "recall": 0.9347826086956522,
  "precision": 0.6231884057971014,
  "specificity": 0.9980903882877148,
  "err": 2
}