{
  "prevalence": 0.16666666666666666,
  "n": 120,
  "tp": 16,
  "tn": 93,
  "fp": 7,
  "fn": 4,
  "accuracy": 0.9083333333333333,
  "balanced_accuracy": 0.8272075302554909,
  "f1": 0.7441860465116279,
  "recall": 0.8,
  "precision": 0.6956521739130435,
  "specificity": 0.9587628865979382,
  "err": 0
}