{
  "prevalence": 0.02804878048780488,
  "n": 1640,
  "tp": 7,
  "tn": 1594,
  "fp": 0,
  "fn": 39,
  "accuracy": 0.9762195121951219,
  "balanced_accuracy": 0.9880587875076546,
  "f1": 0.2641509433962264,
  "recall": 0.15217391304347827,
  "precision": 1.0,
  "specificity": 0.9761175750153093,
  "err": 3
}