{
  "prevalence": 0.16666666666666666,
  "n": 120,
  "tp": 17,
  "tn": 77,
  "fp": 23,
  "fn": 3,
  "accuracy": 0.7833333333333333,
  "balanced_accuracy": 0.69375,
  "f1": 0.5666666666666667,
  "recall": 0.85,
  "precision": 0.425,
  "specificity": 0.9625,
  "err": 0
}