{
  "prevalence": 0.16666666666666666,
  "n": 120,
  "tp": 13,
  "tn": 96,
  "fp": 4,
  "fn": 7,
  "accuracy": 0.9083333333333333,
  "balanced_accuracy": 0.8483723586521987,
  "f1": 0.7027027027027027,
  "recall": 0.65,
  "precision": 0.7647058823529411,
  "specificity": 0.9320388349514563,
  "err": 0
}