{
  "prevalence": 0.02804878048780488,
  "n": 1640,
  "tp": 46,
  "tn": 1591,
  "fp": 3,
  "fn": 0,
  "accuracy": 0.9981707317073171,
  "balanced_accuracy": 0.9693877551020409,
  "f1": 0.968421052631579,
  "recall": 1.0,
  "precision": 0.9387755102040817,
  "specificity": 1.0,
  "err": 0
}