{
  "prevalence": 0.02804878048780488,
  "n": 1640,
  "tp": 18,
  "tn": 1594,
  "fp": 0,
  "fn": 28,
  "accuracy": 0.9829268292682927,
  "balanced_accuracy": 0.9913686806411837,
  "f1": 0.5625,
  "recall": 0.391304347826087,
  "precision": 1.0,
  "specificity": 0.9827373612823674,
  "err": 0
}