{
  "prevalence": 0.16666666666666666,
  "n": 120,
  "tp": 11,
  "tn": 88,
  "fp": 12,
  "fn": 9,
  "accuracy": 0.825,
  "balanced_accuracy": 0.6927386822052891,
  "f1": 0.5116279069767442,
  "recall": 0.55,
  "precision": 0.4782608695652174,
  "specificity": 0.9072164948453608,
  "err": 2
}