{
  "prevalence": 0.02804878048780488,
  "n": 1640,
  "tp": 45,
  "tn": 1576,
  "fp": 18,
  "fn": 1,
  "accuracy": 0.9884146341463415,
  "balanced_accuracy": 0.8568257994383549,
  "f1": 0.8256880733944955,
  "recall": 0.9782608695652174,
  "precision": 0.7142857142857143,
  "specificity": 0.9993658845909955,
  "err": 1
}