{
  "prevalence": 0.16666666666666666,
  "n": 120,
  "tp": 19,
  "tn": 83,
  "fp": 17,
  "fn": 1,
  "accuracy": 0.85,
  "balanced_accuracy": 0.7579365079365079,
  "f1": 0.6785714285714285,
  "recall": 0.95,
  "precision": 0.5277777777777778,
  "specificity": 0.9880952380952381,
  "err": 0
}