{
  "prevalence": 0.02804878048780488,
  "n": 1640,
  "tp": 46,
  "tn": 1579,
  "fp": 15,
  "fn": 0,
  "accuracy": 0.9908536585365854,
  "balanced_accuracy": 0.8770491803278688,
  "f1": 0.8598130841121495,
  "recall": 1.0,
  "precision": 0.7540983606557377,
  "specificity": 1.0,
  "err": 0
}