{
  "prevalence": 0.02804878048780488,
  "n": 1640,
  "tp": 42,
  "tn": 1572,
  "fp": 22,
  "fn": 4,
  "accuracy": 0.9841463414634146,
  "balanced_accuracy": 0.826855964467005,
  "f1": 0.7636363636363634,
  "recall": 0.9130434782608695,
  "precision": 0.65625,
  "specificity": 0.9974619289340102,
  "err": 3
}