{
  "prevalence": 0.02804878048780488,
  "n": 1640,
  "tp": 43,
  "tn": 1588,
  "fp": 6,
  "fn": 3,
  "accuracy": 0.9945121951219512,
  "balanced_accuracy": 0.937832706935697,
  "f1": 0.9052631578947369,
  "recall": 0.9347826086956522,
  "precision": 0.8775510204081632,
  "specificity": 0.9981143934632307,
  "err": 0
}