{
  "prevalence": 0.02804878048780488,
  "n": 1640,
  "tp": 39,
  "tn": 1583,
  "fp": 11,
  "fn": 7,
  "accuracy": 0.9890243902439024,
  "balanced_accuracy": 0.8877987421383648,
  "f1": 0.8125,
  "recall": 0.8478260869565217,
  "precision": 0.78,
  "specificity": 0.9955974842767296,
  "err": 0
}