{
  "prevalence": 0.02804878048780488,
  "n": 1640,
  "tp": 43,
  "tn": 1560,
  "fp": 34,
  "fn": 3,
  "accuracy": 0.9774390243902439,
  "balanced_accuracy": 0.7782610863225066,
  "f1": 0.6991869918699187,
  "recall": 0.9347826086956522,
  "precision": 0.5584415584415584,
  "specificity": 0.9980806142034548,
  "err": 2
}