{
  "prevalence": 0.02804878048780488,
  "n": 1640,
  "tp": 45,
  "tn": 1586,
  "fp": 8,
  "fn": 1,
  "accuracy": 0.9945121951219512,
  "balanced_accuracy": 0.9242132420254188,
  "f1": 0.9090909090909092,
  "recall": 0.9782608695652174,
  "precision": 0.8490566037735849,
  "specificity": 0.9993698802772527,
  "err": 0
}