{
  "prevalence": 0.16666666666666666,
  "n": 120,
  "tp": 13,
  "tn": 88,
  "fp": 12,
  "fn": 7,
  "accuracy": 0.8416666666666667,
  "balanced_accuracy": 0.7231578947368421,
  "f1": 0.5777777777777778,
  "recall": 0.65,
  "precision": 0.52,
  "specificity": 0.9263157894736842,
  "err": 0
}