{
  "prevalence": 0.02804878048780488,
  "n": 1640,
  "tp": 18,
  "tn": 1545,
  "fp": 49,
  "fn": 28,
  "accuracy": 0.9530487804878048,
  "balanced_accuracy": 0.6254281674905826,
  "f1": 0.3185840707964602,
  "recall": 0.391304347826087,
  "precision": 0.26865671641791045,
  "specificity": 0.9821996185632549,
  "err": 18
}