{
  "prevalence": 0.02804878048780488,
  "n": 1640,
  "tp": 9,
  "tn": 1594,
  "fp": 0,
  "fn": 37,
  "accuracy": 0.9774390243902439,
  "balanced_accuracy": 0.9886572654812998,
  "f1": 0.32727272727272727,
  "recall": 0.1956521739130435,
  "precision": 1.0,
  "specificity": 0.9773145309625997,
  "err": 1
}