{
  "prevalence": 0.16666666666666666,
  "n": 120,
  "tp": 19,
  "tn": 72,
  "fp": 28,
  "fn": 1,
  "accuracy": 0.7583333333333333,
  "balanced_accuracy": 0.6952783445059749,
  "f1": 0.5671641791044776,
  "recall": 0.95,
  "precision": 0.40425531914893614,
  "specificity": 0.9863013698630136,
  "err": 0
}