{
  "prevalence": 0.02804878048780488,
  "n": 1640,
  "tp": 41,
  "tn": 1591,
  "fp": 3,
  "fn": 5,
  "accuracy": 0.9951219512195122,
  "balanced_accuracy": 0.9643426748689906,
  "f1": 0.9111111111111111,
  "recall": 0.8913043478260869,
  "precision": 0.9318181818181818,
  "specificity": 0.9968671679197995,
  "err": 1
}