{
  "prevalence": 0.16666666666666666,
  "n": 120,
  "tp": 9,
  "tn": 97,
  "fp": 3,
  "fn": 11,
  "accuracy": 0.8833333333333333,
  "balanced_accuracy": 0.8240740740740741,
  "f1": 0.5625000000000001,
  "recall": 0.45,
  "precision": 0.75,
  "specificity": 0.8981481481481481,
  "err": 0
}