{
  "prevalence": 0.02804878048780488,
  "n": 1640,
  "tp": 46,
  "tn": 1588,
  "fp": 6,
  "fn": 0,
  "accuracy": 0.9963414634146341,
  "balanced_accuracy": 0.9423076923076923,
  "f1": 0.9387755102040816,
  "recall": 1.0,
  "precision": 0.8846153846153846,
  "specificity": 1.0,
  "err": 0
}