{
  "prevalence": 0.02804878048780488,
  "n": 1640,
  "tp": 44,
  "tn": 1588,
  "fp": 6,
  "fn": 2,
  "accuracy": 0.9951219512195122,
  "balanced_accuracy": 0.93937106918239,
  "f1": 0.9166666666666666,
  "recall": 0.9565217391304348,
  "precision": 0.88,
  "specificity": 0.9987421383647799,
  "err": 0
}